person_key,team_key,opponent_key,game_key,game_date,game_number,team_alignment,p_out,p_so,p_tbf,p_bb,p_h,p_er
abboa001,CIN,PHI,PHI202404010,2024-04-01,0,0,16,4,21,2,3,2
abboa001,CIN,NYN,CIN202404070,2024-04-07,0,1,15,4,24,2,7,2
abboa001,CIN,CHA,CHA202404120,2024-04-12,0,0,21,3,24,0,4,1
abboa001,CIN,SEA,SEA202404170,2024-04-17,0,0,18,6,25,3,4,2
abboa001,CIN,PHI,CIN202404230,2024-04-23,0,1,13,3,19,4,2,1
abboa001,CIN,TEX,TEX202404280,2024-04-28,0,0,16,7,21,0,6,4
abboa001,CIN,BAL,CIN202405040,2024-05-04,0,1,15,8,22,0,7,2
abboa001,CIN,SFN,SFN202405100,2024-05-10,0,0,15,2,22,1,6,2
abboa001,CIN,ARI,ARI202405150,2024-05-15,0,0,21,4,26,2,4,1
abboa001,CIN,SDN,CIN202405210,2024-05-21,0,1,21,2,25,1,4,0
abboa001,CIN,SLN,CIN202405280,2024-05-28,0,1,18,3,27,2,7,6
abboa001,CIN,COL,COL202406030,2024-06-03,0,0,18,6,26,1,7,3
abboa001,CIN,CHN,CIN202406080,2024-06-08,0,1,15,5,24,4,5,1
abboa001,CIN,MIL,MIL202406150,2024-06-15,0,0,15,3,22,3,4,3
abboa001,CIN,BOS,CIN202406210,2024-06-21,0,1,17,10,22,1,4,2
abboa001,CIN,SLN,SLN202406270,2024-06-27,0,0,15,2,23,6,2,2
abboa001,CIN,NYA,NYA202407030,2024-07-03,0,0,19,2,26,4,3,1
abboa001,CIN,COL,CIN202407080,2024-07-08,0,1,21,8,25,2,3,0
abboa001,CIN,MIA,CIN202407130,2024-07-13,0,1,10,4,19,2,7,5
abboa001,CIN,WAS,WAS202407210,2024-07-21,0,0,20,1,28,3,6,0
abboa001,CIN,TBA,TBA202407270,2024-07-27,0,0,12,2,21,2,8,4
abboa001,CIN,SFN,CIN202408020,2024-08-02,0,1,13,8,21,1,7,2
abboa001,CIN,MIA,MIA202408070,2024-08-07,0,0,15,7,23,3,6,6
abboa001,CIN,SLN,CIN202408120,2024-08-12,0,1,20,6,28,2,5,1
abboa001,CIN,KCA,CIN202408180,2024-08-18,0,1,15,4,22,1,6,4
abboa001,CIN,PIT,CIN202504120,2025-04-12,0,1,15,5,19,2,2,1
abboa001,CIN,BAL,BAL202504180,2025-04-18,0,0,18,11,21,1,2,1
abboa001,CIN,COL,COL202504250,2025-04-25,0,0,12,4,21,5,5,4
abboa001,CIN,SLN,CIN202505010,2025-05-01,0,1,12,3,18,4,3,0
abboa001,CIN,ATL,ATL202505060,2025-05-06,0,0,15,8,19,0,4,0
abboa001,CIN,CHA,CIN202505130,2025-05-13,0,1,18,7,22,0,4,1
abboa001,CIN,CLE,CIN202505180,2025-05-18,0,1,15,5,22,3,4,0
abboa001,CIN,CHN,CIN202505240,2025-05-24,0,1,17,2,23,2,6,1
abboa001,CIN,CHN,CHN202505300,2025-05-30,0,0,21,8,23,1,1,0
abboa001,CIN,MIL,CIN202506040,2025-06-04,0,1,18,6,26,1,7,5
abboa001,CIN,CLE,CLE202506100,2025-06-10,0,0,27,5,31,1,3,0
abboa001,CIN,MIN,CIN202506170,2025-06-17,0,1,17,5,26,0,8,1
abboa001,CIN,SLN,SLN202506220,2025-06-22,0,0,21,3,25,0,4,1
abboa001,CIN,SDN,CIN202506280,2025-06-28,0,1,15,4,24,2,7,1
abboa001,CIN,PHI,PHI202507040,2025-07-04,0,0,10,2,19,0,9,4
abboa001,CIN,MIA,CIN202507090,2025-07-09,0,1,23,5,30,2,6,1
abboa001,CIN,NYN,NYN202507200,2025-07-20,0,0,18,5,25,1,6,2
abboa001,CIN,TBA,CIN202507260,2025-07-26,0,1,18,7,23,3,2,1
abboa001,CIN,ATL,CIN202507310,2025-07-31,0,1,16,1,25,5,5,2
abboa001,CIN,CHN,CHN202508060,2025-08-06,0,0,20,3,29,2,7,4
abboa001,CIN,PHI,CIN202508110,2025-08-11,0,1,23,6,28,0,6,3
abboa001,CIN,MIL,CIN202508170,2025-08-17,0,1,21,7,24,0,4,0
abboa001,CIN,ARI,ARI202508230,2025-08-23,0,0,12,6,21,0,8,6
abboa001,CIN,SLN,CIN202508300,2025-08-30,0,1,15,7,22,4,3,2
abboa001,CIN,NYN,CIN202509050,2025-09-05,0,1,14,5,25,1,9,5
abboa001,CIN,SDN,SDN202509100,2025-09-10,0,0,24,6,30,2,5,1
abboa001,CIN,SLN,SLN202509160,2025-09-16,0,0,14,7,22,0,8,3
abboa001,CIN,CHN,CIN202509210,2025-09-21,0,1,14,2,20,1,5,0
abboa001,CIN,MIL,MIL202509270,2025-09-27,0,0,16,4,21,0,5,3
abelm001,PHI,PIT,PHI202505180,2025-05-18,0,1,18,9,22,0,5,0
abelm001,PHI,TOR,TOR202506040,2025-06-04,0,0,16,2,19,0,3,1
abelm001,PHI,CHN,PHI202506100,2025-06-10,0,1,12,3,20,3,6,3
abelm001,PHI,MIA,MIA202506160,2025-06-16,0,0,15,3,20,1,3,1
abelm001,PHI,NYN,PHI202506210,2025-06-21,0,1,9,1,15,0,6,4
abelm001,PHI,ATL,ATL202506270,2025-06-27,0,0,0,0,0,0,0,0
abelm001,PHI,SDN,PHI202507021,2025-07-02,1,1,5,3,12,5,2,5
abelm001,MIN,CHA,CHA202508230,2025-08-23,0,0,9,2,17,2,7,6
abelm001,MIN,PHI,PHI202509270,2025-09-27,0,0,18,9,21,1,3,0
adamt002,MIN,DET,DET202508040,2025-08-04,0,0,15,7,17,0,4,2
adamt002,MIN,NYA,NYA202508120,2025-08-12,0,0,7,2,15,4,4,4
adonj001,WAS,SFN,SFN202404090,2024-04-09,0,0,12,2,18,3,3,1
aguij002,CIN,TOR,TOR202408190,2024-08-19,0,0,12,2,18,1,4,2
aguij002,CIN,PIT,PIT202408240,2024-08-24,0,0,18,4,23,2,3,2
aguij002,CIN,OAK,CIN202408290,2024-08-29,0,1,12,1,22,1,10,6
aguij002,CIN,HOU,CIN202409020,2024-09-02,0,1,8,2,13,2,2,2
aguij002,CIN,NYN,NYN202409080,2024-09-08,0,0,14,2,19,2,2,0
aguij002,CIN,MIN,MIN202409130,2024-09-13,0,0,19,4,24,2,3,3
aguij002,CIN,ATL,CIN202409190,2024-09-19,0,1,12,4,21,2,6,7
akink001,BAL,DET,DET202504262,2025-04-26,2,0,5,1,6,1,0,0
akink001,BAL,MIL,MIL202505200,2025-05-20,0,0,3,2,4,1,0,0
akink001,BAL,DET,BAL202506120,2025-06-12,0,1,3,2,5,1,1,0
alcas001,MIA,PIT,MIA202503270,2025-03-27,0,1,14,7,20,4,2,2
alcas001,MIA,NYN,MIA202504010,2025-04-01,0,1,15,4,18,0,3,2
alcas001,MIA,WAS,MIA202504120,2025-04-12,0,1,17,1,25,4,5,4
alcas001,MIA,PHI,PHI202504180,2025-04-18,0,0,6,1,12,2,4,6
alcas001,MIA,CIN,MIA202504230,2025-04-23,0,1,18,4,25,2,5,3
alcas001,MIA,LAN,LAN202504290,2025-04-29,0,0,8,2,20,5,7,7
alcas001,MIA,LAN,MIA202505050,2025-05-05,0,1,15,4,22,1,6,5
alcas001,MIA,CHA,CHA202505110,2025-05-11,0,0,17,8,26,3,7,4
alcas001,MIA,TBA,MIA202505170,2025-05-17,0,1,15,3,23,2,5,4
alcas001,MIA,ANA,ANA202505230,2025-05-23,0,0,16,6,25,2,5,5
alcas001,MIA,SDN,SDN202505280,2025-05-28,0,0,12,0,21,4,7,6
alcas001,MIA,COL,MIA202506030,2025-06-03,0,1,18,4,24,1,4,2
alcas001,MIA,PIT,PIT202506100,2025-06-10,0,0,18,6,22,1,3,0
alcas001,MIA,PHI,MIA202506160,2025-06-16,0,1,15,5,21,1,5,2
alcas001,MIA,ATL,MIA202506220,2025-06-22,0,1,18,4,26,2,6,3
alcas001,MIA,ARI,ARI202506280,2025-06-28,0,0,18,4,30,0,10,7
alcas001,MIA,MIL,MIA202507040,2025-07-04,0,1,18,4,25,1,5,5
alcas001,MIA,CIN,CIN202507090,2025-07-09,0,0,15,4,26,2,9,6
alcas001,MIA,KCA,MIA202507180,2025-07-18,0,1,18,2,26,2,8,4
alcas001,MIA,SDN,MIA202507230,2025-07-23,0,1,21,4,23,0,4,0
alcas001,MIA,SLN,SLN202507290,2025-07-29,0,0,15,4,21,3,3,0
alcas001,MIA,HOU,MIA202508040,2025-08-04,0,1,21,5,31,1,9,6
alcas001,MIA,ATL,ATL202508092,2025-08-09,2,0,15,4,24,4,7,5
alcas001,MIA,BOS,BOS202508150,2025-08-15,0,0,18,7,21,1,2,1
alcas001,MIA,SLN,MIA202508200,2025-08-20,0,1,21,9,29,1,5,1
alcas001,MIA,ATL,MIA202508260,2025-08-26,0,1,21,7,26,2,3,2
alcas001,MIA,NYN,NYN202508310,2025-08-31,0,0,21,6,27,1,4,1
alcas001,MIA,PHI,MIA202509060,2025-09-06,0,1,18,4,26,1,7,4
alcas001,MIA,DET,MIA202509120,2025-09-12,0,1,21,8,25,0,4,2
alcas001,MIA,COL,COL202509180,2025-09-18,0,0,20,8,27,2,5,3
alcas001,MIA,NYN,MIA202509260,2025-09-26,0,1,21,3,28,2,6,2
aldes001,ANA,SEA,ANA202408300,2024-08-30,0,1,15,3,27,2,6,2
aldes001,ANA,TEX,TEX202409060,2024-09-06,0,0,18,7,24,3,3,1
aldes001,ANA,HOU,ANA202409130,2024-09-13,0,1,6,0,16,5,6,4
aldes001,ANA,KCA,ANA202509230,2025-09-23,0,1,14,3,23,2,7,3
aldes001,ANA,HOU,ANA202509280,2025-09-28,0,1,14,5,25,3,7,4
alexj001,HOU,ATH,ATH202506170,2025-06-17,0,0,18,4,25,3,3,2
alexj001,HOU,ATH,HOU202507240,2025-07-24,0,1,18,3,30,2,11,5
alexj001,HOU,WAS,HOU202507290,2025-07-29,0,1,14,6,20,2,5,2
alexj001,HOU,MIA,MIA202508040,2025-08-04,0,0,18,6,23,1,3,0
alexj001,HOU,NYA,NYA202508100,2025-08-10,0,0,18,3,21,3,1,0
alexj001,HOU,BAL,HOU202508160,2025-08-16,0,1,18,6,22,0,3,2
alexj001,HOU,BAL,BAL202508210,2025-08-21,0,0,16,3,25,1,8,2
alexj001,HOU,COL,HOU202508280,2025-08-28,0,1,17,8,25,1,7,3
alexj001,HOU,NYA,HOU202509030,2025-09-03,0,1,15,6,23,2,6,3
alexj001,HOU,TOR,TOR202509100,2025-09-10,0,0,21,3,23,1,3,0
alexj001,HOU,TEX,HOU202509150,2025-09-15,0,1,14,5,20,1,5,1
alexj001,HOU,SEA,HOU202509210,2025-09-21,0,1,4,1,12,1,7,7
alexj001,HOU,ANA,ANA202509260,2025-09-26,0,0,14,4,18,1,4,2
alext001,TBA,COL,COL202404060,2024-04-06,0,0,13,4,23,2,8,4
alext001,TBA,NYA,NYA202404190,2024-04-19,0,0,16,4,20,1,2,0
alext001,TBA,MIL,MIL202404300,2024-04-30,0,0,12,3,19,2,6,3
alext001,TBA,CHA,TBA202405060,2024-05-06,0,1,12,7,19,1,4,2
alext001,TBA,NYA,TBA202405120,2024-05-12,0,1,21,3,29,2,7,6
alext001,TBA,TOR,TOR202405170,2024-05-17,0,0,22,4,25,0,3,3
alext001,TBA,LAN,LAN202408230,2024-08-23,0,0,13,1,18,2,5,3
alext001,TBA,TOR,TBA202409200,2024-09-20,0,1,13,6,17,1,2,0
alext001,TBA,DET,DET202409260,2024-09-26,0,0,15,6,19,0,4,0
alext001,MIL,CIN,MIL202504040,2025-04-04,0,1,17,6,21,3,0,0
alext001,MIL,COL,COL202504090,2025-04-09,0,0,11,3,19,2,6,2
alext001,MIL,DET,MIL202504140,2025-04-14,0,1,12,2,23,3,6,4
alext001,MIL,CHN,MIL202505020,2025-05-02,0,1,2,1,5,0,3,2
alext001,CHA,PHI,CHA202507300,2025-07-30,0,1,10,3,14,1,3,2
allak001,PHI,CLE,PHI202407280,2024-07-28,0,1,12,1,17,0,6,3
allak001,PHI,ARI,ARI202408080,2024-08-08,0,0,15,3,18,0,6,1
allak001,PHI,KCA,KCA202408250,2024-08-25,0,0,15,5,23,0,8,2
allak001,PHI,NYN,PHI202409140,2024-09-14,0,1,9,3,17,3,6,4
allak001,CLE,LAN,CLE202505280,2025-05-28,0,1,12,3,16,0,4,2
allak001,CLE,COL,CLE202507300,2025-07-30,0,1,10,5,11,0,1,0
allel003,CLE,OAK,OAK202403290,2024-03-29,0,0,15,3,21,0,6,3
allel003,CLE,SEA,SEA202404030,2024-04-03,0,0,20,6,26,3,4,0
allel003,CLE,CHA,CLE202404090,2024-04-09,0,1,12,4,20,1,7,5
allel003,CLE,NYA,CLE202404140,2024-04-14,0,1,17,4,23,2,6,4
allel003,CLE,OAK,CLE202404200,2024-04-20,0,1,16,4,23,3,5,3
allel003,CLE,ATL,ATL202404260,2024-04-26,0,0,14,5,22,2,5,4
allel003,CLE,HOU,HOU202405020,2024-05-02,0,0,17,5,25,1,7,2
allel003,CLE,DET,CLE202405070,2024-05-07,0,1,7,2,15,2,7,7
allel003,CLE,CHA,CHA202405120,2024-05-12,0,0,18,3,24,1,6,0
allel003,CLE,MIN,CLE202405180,2024-05-18,0,1,18,7,22,1,5,0
allel003,CLE,ANA,ANA202405240,2024-05-24,0,0,17,7,25,2,7,3
allel003,CLE,COL,COL202405290,2024-05-29,0,0,5,1,13,2,6,7
allel003,CLE,MIA,MIA202406070,2024-06-07,0,0,18,3,25,3,4,2
allel003,CLE,TOR,TOR202406140,2024-06-14,0,0,15,3,19,3,3,1
allel003,CLE,SEA,CLE202406200,2024-06-20,0,1,18,2,25,4,4,3
allel003,CLE,BAL,BAL202406250,2024-06-25,0,0,9,5,18,1,9,6
allel003,CLE,KCA,KCA202406300,2024-06-30,0,0,13,3,19,0,6,3
allel003,CLE,SFN,CLE202407060,2024-07-06,0,1,13,9,21,4,3,2
allel003,CLE,ARI,CLE202408050,2024-08-05,0,1,15,2,21,2,5,2
allel003,CLE,KCA,CLE202408262,2024-08-26,2,1,15,1,25,4,8,5
allel003,CLE,SDN,SDN202504010,2025-04-01,0,0,16,1,24,5,7,4
allel003,CLE,CHA,CLE202504090,2025-04-09,0,1,14,4,21,2,4,0
allel003,CLE,BAL,BAL202504150,2025-04-15,0,0,17,6,22,2,2,0
allel003,CLE,PIT,PIT202504200,2025-04-20,0,0,17,5,23,1,5,1
allel003,CLE,BOS,CLE202504270,2025-04-27,0,1,13,2,24,3,9,7
allel003,CLE,TOR,TOR202505020,2025-05-02,0,0,17,4,25,2,6,2
allel003,CLE,WAS,WAS202505070,2025-05-07,0,0,12,3,23,4,7,3
allel003,CLE,MIL,CLE202505130,2025-05-13,0,1,18,6,22,1,3,0
allel003,CLE,MIN,MIN202505190,2025-05-19,0,0,9,3,13,1,4,2
allel003,CLE,DET,DET202505250,2025-05-25,0,0,11,2,22,4,6,4
allel003,CLE,HOU,CLE202506060,2025-06-06,0,1,18,2,27,2,7,4
allel003,CLE,CIN,CLE202506110,2025-06-11,0,1,18,6,22,1,4,2
allel003,CLE,SFN,SFN202506180,2025-06-18,0,0,16,4,21,2,4,2
allel003,CLE,TOR,CLE202506240,2025-06-24,0,1,17,4,27,2,8,3
allel003,CLE,SLN,CLE202506290,2025-06-29,0,1,18,6,24,2,6,3
allel003,CLE,DET,CLE202507050,2025-07-05,0,1,18,5,21,2,2,1
allel003,CLE,CHA,CHA202507111,2025-07-11,1,0,18,5,20,2,1,2
allel003,CLE,ATH,CLE202507190,2025-07-19,0,1,16,4,24,1,8,3
allel003,CLE,BAL,CLE202507240,2025-07-24,0,1,19,4,27,0,7,4
allel003,CLE,COL,CLE202507290,2025-07-29,0,1,21,3,28,1,8,2
allel003,CLE,NYN,NYN202508050,2025-08-05,0,0,15,6,23,4,4,1
allel003,CLE,MIA,CLE202508120,2025-08-12,0,1,15,5,24,4,5,2
allel003,CLE,ATL,CLE202508170,2025-08-17,0,1,14,6,23,3,5,1
allel003,CLE,TEX,TEX202508230,2025-08-23,0,0,15,2,26,3,8,9
allel003,CLE,SEA,CLE202508290,2025-08-29,0,1,18,5,24,3,6,4
allel003,CLE,TBA,TBA202509040,2025-09-04,0,0,15,4,24,2,6,3
allel003,CLE,KCA,CLE202509100,2025-09-10,0,1,15,2,21,0,6,1
allel003,CLE,MIN,MIN202509202,2025-09-20,2,0,24,7,26,1,4,0
allel003,CLE,TEX,CLE202509280,2025-09-28,0,1,13,4,22,2,5,4
altad001,KCA,NYA,KCA202406120,2024-06-12,0,1,1,1,6,2,3,5
alvaa003,WAS,MIA,WAS202509010,2025-09-01,0,1,15,4,19,2,1,0
alvaa003,WAS,CHN,CHN202509070,2025-09-07,0,0,14,2,20,3,3,2
alvaa003,WAS,PIT,WAS202509130,2025-09-13,0,1,18,5,23,1,3,0
alvaa003,WAS,NYN,NYN202509190,2025-09-19,0,0,10,4,18,1,7,4
alvaa003,WAS,ATL,ATL202509240,2025-09-24,0,0,13,5,18,3,2,0
andec001,BOS,CLE,CLE202404250,2024-04-25,0,0,5,0,12,3,3,5
andes002,MIA,WAS,WAS202406140,2024-06-14,0,0,6,1,15,0,9,4
andes002,MIA,SEA,MIA202406220,2024-06-22,0,1,10,3,20,0,8,5
andet002,ANA,MIA,MIA202404020,2024-04-02,0,0,21,5,26,2,4,0
andet002,ANA,TBA,ANA202404080,2024-04-08,0,1,21,3,25,1,4,0
andet002,ANA,BOS,BOS202404140,2024-04-14,0,0,13,4,20,3,4,3
andet002,ANA,CIN,CIN202404190,2024-04-19,0,0,21,2,27,3,3,1
andet002,ANA,BAL,ANA202404240,2024-04-24,0,1,15,7,24,4,4,2
andet002,ANA,PHI,ANA202404300,2024-04-30,0,1,18,6,24,2,5,3
andet002,ANA,PIT,PIT202405060,2024-05-06,0,0,19,5,28,3,6,4
andet002,ANA,KCA,ANA202405110,2024-05-11,0,1,20,4,27,1,7,3
andet002,ANA,TEX,TEX202405170,2024-05-17,0,0,21,4,25,2,2,1
andet002,ANA,HOU,HOU202405220,2024-05-22,0,0,24,4,31,2,6,1
andet002,ANA,NYA,ANA202405290,2024-05-29,0,1,15,4,23,6,4,1
andet002,ANA,SDN,ANA202406030,2024-06-03,0,1,20,2,26,3,5,1
andet002,ANA,HOU,ANA202406080,2024-06-08,0,1,18,3,26,1,7,4
andet002,ANA,SFN,SFN202406140,2024-06-14,0,0,16,5,25,5,5,1
andet002,ANA,MIL,ANA202406190,2024-06-19,0,1,21,5,27,3,4,1
andet002,ANA,OAK,ANA202406250,2024-06-25,0,1,15,2,25,5,5,3
andet002,ANA,DET,ANA202406300,2024-06-30,0,1,14,2,22,1,7,6
andet002,ANA,CHN,CHN202407060,2024-07-06,0,0,24,10,27,0,3,0
andet002,ANA,SEA,ANA202407120,2024-07-12,0,1,18,4,24,0,6,4
andet002,ANA,SEA,SEA202407220,2024-07-22,0,0,17,8,22,1,3,1
andet002,ANA,OAK,ANA202407270,2024-07-27,0,1,21,10,27,1,6,3
andet002,ANA,NYN,ANA202408020,2024-08-02,0,1,15,3,26,2,8,3
andet002,ANA,NYA,NYA202408080,2024-08-08,0,0,18,7,22,1,3,1
andet002,ANA,TOR,ANA202408140,2024-08-14,0,1,17,8,28,4,6,7
andet002,ANA,KCA,KCA202408200,2024-08-20,0,0,18,2,30,2,11,4
andet002,ANA,TOR,TOR202408250,2024-08-25,0,0,15,3,23,4,4,2
andet002,ANA,SEA,ANA202408310,2024-08-31,0,1,12,3,21,3,6,4
andet002,ANA,TEX,TEX202409070,2024-09-07,0,0,15,7,19,2,1,1
andet002,ANA,HOU,ANA202409140,2024-09-14,0,1,15,4,25,3,7,4
andet002,ANA,HOU,HOU202409200,2024-09-20,0,0,8,4,18,0,8,3
andet002,ANA,CHA,CHA202409260,2024-09-26,0,0,13,2,22,3,4,4
andet002,ANA,SLN,SLN202503310,2025-03-31,0,0,15,4,22,2,6,3
andet002,ANA,CLE,ANA202504060,2025-04-06,0,1,15,5,21,4,1,2
andet002,ANA,HOU,HOU202504120,2025-04-12,0,0,17,6,22,4,1,0
andet002,ANA,SFN,ANA202504180,2025-04-18,0,1,18,6,23,2,3,0
andet002,ANA,PIT,ANA202504240,2025-04-24,0,1,18,1,24,0,6,3
andet002,ANA,SEA,SEA202504300,2025-04-30,0,0,18,5,25,2,4,2
andet002,ANA,TOR,ANA202505060,2025-05-06,0,1,20,7,27,1,6,2
andet002,ANA,BAL,ANA202505110,2025-05-11,0,1,15,5,22,2,4,1
andet002,ANA,LAN,LAN202505170,2025-05-17,0,0,15,4,23,0,7,4
andet002,ANA,ATH,ATH202505220,2025-05-22,0,0,14,0,26,6,7,5
andet002,ANA,NYA,ANA202505270,2025-05-27,0,1,18,3,25,1,5,1
andet002,ANA,BOS,BOS202506020,2025-06-02,0,0,13,5,22,2,7,5
andet002,ANA,SEA,ANA202506080,2025-06-08,0,1,14,6,25,1,8,3
andet002,ANA,BAL,BAL202506140,2025-06-14,0,0,15,4,25,2,9,6
andet002,ANA,NYA,NYA202506190,2025-06-19,0,0,18,4,25,2,8,4
andet002,ANA,BOS,ANA202506240,2025-06-24,0,1,14,5,18,2,2,1
andet002,ANA,ATL,ATL202507010,2025-07-01,0,0,18,7,24,2,4,0
andet002,ANA,TOR,TOR202507060,2025-07-06,0,0,15,2,24,2,8,3
andet002,ANA,ARI,ANA202507110,2025-07-11,0,1,15,3,25,2,8,4
andet002,ANA,NYN,NYN202507210,2025-07-21,0,0,18,4,27,5,4,4
andet002,ANA,SEA,ANA202507260,2025-07-26,0,1,14,1,19,0,6,2
andet002,ANA,CHA,ANA202508010,2025-08-01,0,1,18,5,26,2,5,4
andet002,ANA,TBA,ANA202508060,2025-08-06,0,1,12,5,18,1,5,4
andet002,ANA,ATH,ATH202508160,2025-08-16,0,0,12,1,19,5,3,4
andet002,ANA,CHN,ANA202508220,2025-08-22,0,1,15,5,20,2,3,2
andet002,ANA,HOU,HOU202508290,2025-08-29,0,0,15,1,22,3,5,0
armss001,TBA,TOR,TBA202403310,2024-03-31,0,1,3,1,6,1,3,1
armss001,TBA,SFN,TBA202404140,2024-04-14,0,1,6,5,8,0,2,1
armss001,TBA,DET,TBA202404240,2024-04-24,0,1,3,2,5,1,1,1
armss001,TBA,KCA,TBA202405240,2024-05-24,0,1,6,3,6,0,0,0
armss001,TBA,OAK,TBA202405300,2024-05-30,0,1,6,1,8,0,2,0
armss001,TBA,TOR,TOR202407230,2024-07-23,0,0,6,4,8,1,1,0
armss001,TBA,CIN,TBA202407280,2024-07-28,0,1,6,1,9,0,3,0
armss001,TEX,CHA,TEX202506130,2025-06-13,0,1,9,5,9,0,0,0
armss001,TEX,KCA,TEX202506190,2025-06-19,0,1,3,1,5,1,1,2
arris001,HOU,KCA,KCA202404100,2024-04-10,0,0,9,3,19,3,7,7
arris001,HOU,ATL,HOU202404150,2024-04-15,0,1,12,5,19,2,4,2
arris001,HOU,CHN,CHN202404240,2024-04-24,0,0,11,7,20,2,7,4
arris001,HOU,CLE,HOU202405020,2024-05-02,0,1,17,6,23,3,4,2
arris001,HOU,NYA,NYA202405080,2024-05-08,0,0,15,4,25,3,8,5
arris001,HOU,OAK,HOU202405130,2024-05-13,0,1,15,5,21,2,5,2
arris001,HOU,MIL,HOU202405190,2024-05-19,0,1,19,6,27,2,7,4
arris001,HOU,OAK,OAK202405250,2024-05-25,0,0,15,7,23,3,5,3
arris001,HOU,SEA,SEA202405300,2024-05-30,0,0,18,8,23,3,2,0
arris001,HOU,SLN,HOU202406040,2024-06-04,0,1,9,4,15,3,3,1
arris001,HOU,SFN,SFN202406100,2024-06-10,0,0,17,6,24,3,4,1
arris001,HOU,DET,HOU202406150,2024-06-15,0,1,4,2,12,2,5,7
arris001,HOU,CHA,CHA202406200,2024-06-20,0,0,13,2,22,4,5,3
arris001,HOU,COL,HOU202406260,2024-06-26,0,1,21,10,24,0,3,0
arris001,HOU,TOR,TOR202407020,2024-07-02,0,0,12,5,21,4,6,6
arris001,HOU,MIN,MIN202407070,2024-07-07,0,0,15,6,24,2,7,2
arris001,HOU,TEX,HOU202407130,2024-07-13,0,1,18,7,24,3,2,1
arris001,HOU,OAK,OAK202407220,2024-07-22,0,0,18,3,26,1,7,4
arris001,HOU,LAN,HOU202407280,2024-07-28,0,1,18,8,24,2,4,3
arris001,HOU,TBA,HOU202408040,2024-08-04,0,1,18,12,23,2,5,1
arris001,HOU,BOS,BOS202408100,2024-08-10,0,0,21,13,24,1,2,2
arris001,HOU,CHA,HOU202408160,2024-08-16,0,1,17,5,25,2,7,4
arris001,HOU,BAL,BAL202408220,2024-08-22,0,0,18,6,22,1,3,0
arris001,HOU,PHI,PHI202408280,2024-08-28,0,0,23,11,29,4,2,0
arris001,HOU,CIN,CIN202409040,2024-09-04,0,0,2,0,11,3,5,3
arris001,HOU,OAK,HOU202409100,2024-09-10,0,1,20,7,27,1,7,2
arris001,HOU,SDN,SDN202409160,2024-09-16,0,0,15,3,22,1,8,2
arris001,HOU,ANA,HOU202409220,2024-09-22,0,1,18,6,22,0,5,2
arris001,HOU,NYN,HOU202503290,2025-03-29,0,1,18,5,21,2,1,1
arris001,HOU,MIN,MIN202504050,2025-04-05,0,0,11,3,18,3,3,5
arris001,HOU,MIA,MIA202508060,2025-08-06,0,0,11,5,23,1,11,5
arris001,HOU,BOS,HOU202508120,2025-08-12,0,1,15,3,22,5,1,2
arris001,HOU,DET,DET202508180,2025-08-18,0,0,15,5,25,4,7,5
arris001,HOU,BAL,BAL202508240,2025-08-24,0,0,17,2,22,0,6,2
arris001,HOU,ANA,HOU202508300,2025-08-30,0,1,19,8,25,5,1,1
ashba003,MIL,CIN,CIN202404080,2024-04-08,0,0,11,2,22,2,6,4
ashba003,MIL,PHI,PHI202406050,2024-06-05,0,0,15,3,21,5,2,2
ashba003,MIL,ARI,MIL202508270,2025-08-27,0,1,6,3,6,0,0,0
ashcb001,PIT,MIL,MIL202506230,2025-06-23,0,0,9,2,10,0,1,0
ashcb001,PIT,CIN,PIT202508090,2025-08-09,0,1,10,5,15,1,3,1
ashcb001,PIT,CHN,CHN202508150,2025-08-15,0,0,15,4,18,0,3,1
ashcb001,PIT,COL,PIT202508220,2025-08-22,0,1,15,6,16,1,1,0
ashcb001,PIT,SLN,SLN202508280,2025-08-28,0,0,17,5,21,1,4,1
ashcb001,PIT,LAN,PIT202509030,2025-09-03,0,1,9,4,15,4,2,0
ashcb001,PIT,CHN,PIT202509150,2025-09-15,0,1,12,4,19,2,6,3
ashcb001,PIT,CIN,CIN202509250,2025-09-25,0,0,13,5,21,1,8,2
ashcg001,CIN,PHI,PHI202404020,2024-04-02,0,0,18,5,24,1,4,2
ashcg001,CIN,MIL,CIN202404080,2024-04-08,0,1,17,6,27,1,9,5
ashcg001,CIN,CHA,CHA202404140,2024-04-14,0,0,17,8,24,2,5,1
ashcg001,CIN,ANA,CIN202404200,2024-04-20,0,1,15,4,23,3,5,5
ashcg001,CIN,TEX,TEX202404260,2024-04-26,0,0,19,3,24,0,7,1
ashcg001,CIN,SDN,SDN202405010,2024-05-01,0,0,18,4,26,2,5,0
ashcg001,CIN,ARI,CIN202405080,2024-05-08,0,1,15,2,24,3,6,3
ashcg001,CIN,ARI,ARI202405130,2024-05-13,0,0,12,3,21,3,7,3
ashcg001,CIN,LAN,LAN202405180,2024-05-18,0,0,15,5,21,3,3,3
ashcg001,CIN,LAN,CIN202405240,2024-05-24,0,1,16,3,27,1,8,5
ashcg001,CIN,CHN,CHN202405310,2024-05-31,0,0,14,4,22,2,5,3
ashcg001,CIN,COL,COL202406050,2024-06-05,0,0,11,2,18,0,6,4
ashcg001,CIN,PIT,CIN202406260,2024-06-26,0,1,16,3,25,1,9,6
ashcg001,CIN,NYA,NYA202407020,2024-07-02,0,0,15,3,23,2,4,3
ashcg001,CIN,DET,CIN202407070,2024-07-07,0,1,14,2,21,3,6,1
assaj001,CHN,COL,CHN202404020,2024-04-02,0,1,18,5,22,1,4,0
assaj001,CHN,SDN,SDN202404080,2024-04-08,0,0,15,7,21,3,3,2
assaj001,CHN,SEA,SEA202404140,2024-04-14,0,0,17,6,21,1,4,2
assaj001,CHN,MIA,CHN202404201,2024-04-20,1,1,14,3,20,3,3,1
assaj001,CHN,HOU,CHN202404250,2024-04-25,0,1,17,5,22,1,4,1
assaj001,CHN,NYN,NYN202404300,2024-04-30,0,0,15,1,20,0,5,1
assaj001,CHN,MIL,CHN202405050,2024-05-05,0,1,18,4,25,3,4,0
assaj001,CHN,PIT,PIT202405100,2024-05-10,0,0,13,4,20,2,4,1
assaj001,CHN,ATL,ATL202405150,2024-05-15,0,0,18,7,23,1,4,0
assaj001,CHN,ATL,CHN202405210,2024-05-21,0,1,14,4,24,5,4,2
assaj001,CHN,SLN,SLN202405260,2024-05-26,0,0,15,8,23,3,5,4
assaj001,CHN,CIN,CHN202405310,2024-05-31,0,1,16,7,22,3,5,2
assaj001,CHN,CIN,CIN202406060,2024-06-06,0,0,17,7,27,2,7,5
assaj001,CHN,TBA,TBA202406120,2024-06-12,0,0,14,4,22,2,5,2
assaj001,CHN,SFN,CHN202406170,2024-06-17,0,1,15,7,22,2,5,1
assaj001,CHN,NYN,CHN202406230,2024-06-23,0,1,13,0,20,1,7,4
assaj001,CHN,SLN,SLN202407132,2024-07-13,2,0,7,0,15,2,7,3
assaj001,CHN,MIL,CHN202407220,2024-07-22,0,1,10,2,17,6,1,0
assaj001,CHN,KCA,KCA202407280,2024-07-28,0,0,18,5,24,1,5,3
assaj001,CHN,SLN,CHN202408020,2024-08-02,0,1,12,3,18,3,4,1
assaj001,CHN,MIN,CHN202408070,2024-08-07,0,1,12,1,18,2,3,2
assaj001,CHN,CLE,CLE202408130,2024-08-13,0,0,14,2,21,2,5,1
assaj001,CHN,DET,CHN202408200,2024-08-20,0,1,17,7,23,1,6,1
assaj001,CHN,MIA,MIA202408250,2024-08-25,0,0,21,3,27,1,6,3
assaj001,CHN,WAS,WAS202408310,2024-08-31,0,0,18,4,25,2,8,3
assaj001,CHN,NYA,CHN202409070,2024-09-07,0,1,17,5,24,3,3,1
assaj001,CHN,COL,COL202409130,2024-09-13,0,0,18,5,26,3,7,4
assaj001,CHN,WAS,CHN202409190,2024-09-19,0,1,15,5,22,1,7,3
assaj001,CHN,PHI,PHI202409250,2024-09-25,0,0,13,3,24,3,8,8
assaj001,CHN,TOR,TOR202508120,2025-08-12,0,0,12,2,21,1,8,4
assaj001,CHN,PIT,CHN202508170,2025-08-17,0,1,12,3,18,1,5,1
assaj001,CHN,ANA,ANA202508220,2025-08-22,0,0,18,4,22,1,2,1
assaj001,CHN,COL,COL202508300,2025-08-30,0,0,18,1,24,2,7,3
assaj001,CHN,WAS,CHN202509050,2025-09-05,0,1,16,4,21,2,3,4
assaj001,CHN,CIN,CIN202509200,2025-09-20,0,0,12,2,18,2,3,2
assaj001,CHN,SLN,CHN202509280,2025-09-28,0,1,16,6,19,1,3,0
bachl001,MIA,WAS,WAS202509010,2025-09-01,0,0,6,2,8,0,2,2
banda001,LAN,PHI,PHI202407110,2024-07-11,0,0,3,2,6,0,3,1
banda001,LAN,COL,COL202409290,2024-09-29,0,0,3,0,3,0,0,0
banda001,LAN,PHI,LAN202509150,2025-09-15,0,1,1,1,3,1,1,1
bankt001,CHA,CLE,CLE202404080,2024-04-08,0,0,7,5,10,0,2,1
bankt001,PHI,CHN,PHI202409240,2024-09-24,0,1,4,1,8,0,3,3
barls001,CIN,TOR,CIN202509020,2025-09-02,0,1,3,1,7,3,2,4
barnm002,ATH,TEX,ATH202508300,2025-08-30,0,1,12,1,20,0,8,5
barnm002,ATH,ANA,ANA202509050,2025-09-05,0,0,15,8,23,5,3,4
barnm002,ATH,BOS,ATH202509100,2025-09-10,0,1,11,4,20,1,7,3
barnm002,ATH,BOS,BOS202509170,2025-09-17,0,0,12,2,19,3,5,2
barnm002,ATH,KCA,ATH202509260,2025-09-26,0,1,17,3,22,2,3,3
bassb002,OAK,DET,OAK202409070,2024-09-07,0,1,18,6,22,1,3,0
bassb002,OAK,CHA,CHA202409130,2024-09-13,0,0,16,2,21,1,5,0
bassb002,OAK,CHN,CHN202409180,2024-09-18,0,0,14,5,22,2,6,3
bassb002,OAK,TEX,OAK202409250,2024-09-25,0,1,9,3,16,1,6,5
bassb002,ATH,KCA,ATH202509280,2025-09-28,0,1,4,0,9,2,3,1
bassc001,TOR,TBA,TBA202403290,2024-03-29,0,0,15,6,24,2,6,4
bassc001,TOR,HOU,HOU202404030,2024-04-03,0,0,13,3,24,3,9,4
bassc001,TOR,SEA,TOR202404090,2024-04-09,0,1,20,8,27,4,5,1
bassc001,TOR,NYA,TOR202404150,2024-04-15,0,1,19,5,23,2,4,1
bassc001,TOR,SDN,SDN202404210,2024-04-21,0,0,16,4,23,3,6,2
bassc001,TOR,LAN,TOR202404260,2024-04-26,0,1,8,4,19,3,9,7
bassc001,TOR,KCA,TOR202405010,2024-05-01,0,1,18,4,24,1,4,3
bassc001,TOR,PHI,PHI202405080,2024-05-08,0,0,19,6,24,2,3,2
bassc001,TOR,TBA,TOR202405170,2024-05-17,0,1,17,5,24,3,5,3
bassc001,TOR,CHA,TOR202405220,2024-05-22,0,1,21,4,27,2,5,0
bassc001,TOR,CHA,CHA202405270,2024-05-27,0,0,15,7,22,0,5,0
bassc001,TOR,PIT,TOR202406020,2024-06-02,0,1,15,7,27,1,8,3
bassc001,TOR,OAK,OAK202406070,2024-06-07,0,0,24,7,29,2,4,1
bassc001,TOR,MIL,MIL202406120,2024-06-12,0,0,15,5,24,4,5,0
bassc001,TOR,BOS,TOR202406180,2024-06-18,0,1,18,6,26,2,7,2
bassc001,TOR,BOS,BOS202406240,2024-06-24,0,0,21,2,26,1,5,2
bassc001,TOR,NYA,TOR202406290,2024-06-29,0,1,18,8,25,2,6,0
bassc001,TOR,HOU,TOR202407040,2024-07-04,0,1,15,3,27,4,8,4
bassc001,TOR,SFN,SFN202407100,2024-07-10,0,0,15,6,24,4,5,3
bassc001,TOR,DET,TOR202407190,2024-07-19,0,1,20,6,28,1,7,5
bassc001,TOR,TBA,TOR202407250,2024-07-25,0,1,15,6,23,1,5,3
bassc001,TOR,BAL,BAL202407300,2024-07-30,0,0,12,3,20,1,9,5
bassc001,TOR,BAL,TOR202408060,2024-08-06,0,1,21,9,25,2,3,2
bassc001,TOR,OAK,TOR202408110,2024-08-11,0,1,12,5,22,2,8,7
bassc001,TOR,CHN,CHN202408170,2024-08-17,0,0,15,5,21,2,5,3
bassc001,TOR,ANA,TOR202408230,2024-08-23,0,1,18,6,24,2,4,4
bassc001,TOR,BOS,BOS202408280,2024-08-28,0,0,20,9,27,1,5,1
bassc001,TOR,PHI,TOR202409030,2024-09-03,0,1,16,7,27,2,10,3
bassc001,TOR,NYN,TOR202409100,2024-09-10,0,1,18,8,26,1,5,1
bassc001,TOR,TEX,TEX202409170,2024-09-17,0,0,11,2,23,3,6,1
bassc001,TOR,BOS,TOR202409230,2024-09-23,0,1,13,2,23,7,4,2
bassc001,TOR,BAL,TOR202503300,2025-03-30,0,1,18,7,27,2,8,1
bassc001,TOR,NYN,NYN202504050,2025-04-05,0,0,20,9,24,0,4,0
bassc001,TOR,BOS,BOS202504100,2025-04-10,0,0,17,5,22,1,5,1
bassc001,TOR,ATL,TOR202504160,2025-04-16,0,1,15,10,20,2,3,0
bassc001,TOR,HOU,HOU202504220,2025-04-22,0,0,16,3,26,1,7,4
bassc001,TOR,NYA,NYA202504272,2025-04-27,2,0,17,5,25,1,6,4
bassc001,TOR,CLE,TOR202505020,2025-05-02,0,1,16,4,23,0,7,3
bassc001,TOR,ANA,ANA202505080,2025-05-08,0,0,18,6,29,1,8,4
bassc001,TOR,TBA,TOR202505140,2025-05-14,0,1,17,6,25,2,7,1
bassc001,TOR,SDN,TOR202505200,2025-05-20,0,1,18,6,23,1,4,0
bassc001,TOR,TBA,TBA202505250,2025-05-25,0,0,12,2,22,2,9,5
bassc001,TOR,ATH,TOR202505300,2025-05-30,0,1,15,6,23,2,7,5
bassc001,TOR,PHI,TOR202506050,2025-06-05,0,1,21,6,28,2,5,1
bassc001,TOR,SLN,SLN202506100,2025-06-10,0,0,21,3,29,2,6,4
bassc001,TOR,ARI,TOR202506170,2025-06-17,0,1,18,5,27,1,6,3
bassc001,TOR,CHA,TOR202506220,2025-06-22,0,1,18,7,20,1,3,1
bassc001,TOR,BOS,BOS202506280,2025-06-28,0,0,6,3,19,4,8,8
bassc001,TOR,NYA,TOR202507030,2025-07-03,0,1,17,9,28,3,8,3
bassc001,TOR,CHA,CHA202507080,2025-07-08,0,0,18,1,21,1,4,1
bassc001,TOR,SFN,TOR202507180,2025-07-18,0,1,19,5,27,0,10,0
bassc001,TOR,NYA,TOR202507230,2025-07-23,0,1,22,8,27,0,3,3
bassc001,TOR,BAL,BAL202507280,2025-07-28,0,0,7,4,15,1,7,6
bassc001,TOR,KCA,TOR202508030,2025-08-03,0,1,18,5,23,3,1,1
bassc001,TOR,LAN,LAN202508090,2025-08-09,0,0,14,2,22,2,6,3
bassc001,TOR,TEX,TOR202508150,2025-08-15,0,1,15,4,22,4,4,3
bassc001,TOR,PIT,PIT202508200,2025-08-20,0,0,17,10,25,2,6,2
bassc001,TOR,MIN,TOR202508260,2025-08-26,0,1,17,6,24,3,4,2
bassc001,TOR,CIN,CIN202509010,2025-09-01,0,0,18,6,25,2,5,2
bassc001,TOR,NYA,NYA202509060,2025-09-06,0,0,15,3,22,3,3,0
bassc001,TOR,BAL,TOR202509120,2025-09-12,0,1,15,6,18,1,2,1
bassc001,TOR,TBA,TBA202509180,2025-09-18,0,0,13,3,22,2,8,3
baz-s001,TBA,TEX,TEX202407050,2024-07-05,0,0,18,6,25,1,7,3
baz-s001,TBA,NYA,TBA202407110,2024-07-11,0,1,13,5,20,1,6,3
baz-s001,TBA,NYA,NYA202407210,2024-07-21,0,0,10,1,18,5,4,0
baz-s001,TBA,CIN,TBA202407260,2024-07-26,0,1,18,7,22,2,2,2
baz-s001,TBA,HOU,HOU202408020,2024-08-02,0,0,16,5,23,1,6,2
baz-s001,TBA,SLN,SLN202408080,2024-08-08,0,0,13,2,22,2,6,4
baz-s001,TBA,HOU,TBA202408130,2024-08-13,0,1,21,6,29,2,7,3
baz-s001,TBA,OAK,OAK202408200,2024-08-20,0,0,23,4,27,3,3,0
baz-s001,TBA,SDN,TBA202408310,2024-08-31,0,1,15,5,20,3,2,2
baz-s001,TBA,BAL,BAL202409060,2024-09-06,0,0,18,5,22,3,2,1
baz-s001,TBA,PHI,PHI202409110,2024-09-11,0,0,16,4,20,1,3,2
baz-s001,TBA,BOS,TBA202409170,2024-09-17,0,1,21,6,24,1,2,2
baz-s001,TBA,TOR,TBA202409220,2024-09-22,0,1,18,6,24,1,4,1
baz-s001,TBA,BOS,BOS202409280,2024-09-28,0,0,18,7,23,1,3,2
baz-s001,TBA,PIT,TBA202504010,2025-04-01,0,1,18,10,23,0,7,0
baz-s001,TBA,ANA,TBA202504080,2025-04-08,0,1,21,6,28,4,3,2
baz-s001,TBA,BOS,TBA202504140,2025-04-14,0,1,18,11,20,0,2,1
baz-s001,TBA,NYA,TBA202504190,2025-04-19,0,1,10,3,18,4,4,5
baz-s001,TBA,SDN,SDN202504250,2025-04-25,0,0,21,6,25,1,4,0
baz-s001,TBA,KCA,TBA202505010,2025-05-01,0,1,17,1,28,3,9,7
baz-s001,TBA,PHI,TBA202505070,2025-05-07,0,1,10,3,21,2,8,6
baz-s001,TBA,TOR,TOR202505130,2025-05-13,0,0,14,6,19,2,4,3
baz-s001,TBA,MIA,MIA202505180,2025-05-18,0,0,18,2,28,3,9,5
baz-s001,TBA,TOR,TBA202505240,2025-05-24,0,1,17,4,23,3,4,1
baz-s001,TBA,HOU,HOU202505290,2025-05-29,0,0,17,3,24,0,7,3
baz-s001,TBA,TEX,TBA202506040,2025-06-04,0,1,15,5,22,1,5,3
baz-s001,TBA,BOS,BOS202506090,2025-06-09,0,0,16,5,22,3,3,3
baz-s001,TBA,NYN,NYN202506150,2025-06-15,0,0,20,6,27,4,3,0
baz-s001,TBA,DET,TBA202506200,2025-06-20,0,1,16,6,24,4,4,5
baz-s001,TBA,KCA,KCA202506260,2025-06-26,0,0,24,9,27,1,3,0
baz-s001,TBA,ATH,TBA202507010,2025-07-01,0,1,21,11,28,1,7,3
baz-s001,TBA,DET,DET202507070,2025-07-07,0,0,18,7,27,2,7,3
baz-s001,TBA,BOS,BOS202507120,2025-07-12,0,0,19,3,24,2,5,1
baz-s001,TBA,CHA,TBA202507210,2025-07-21,0,1,12,4,22,2,8,8
baz-s001,TBA,CIN,CIN202507270,2025-07-27,0,0,15,5,22,2,5,2
baz-s001,TBA,LAN,TBA202508010,2025-08-01,0,1,15,8,25,2,8,5
baz-s001,TBA,ANA,ANA202508060,2025-08-06,0,0,12,9,19,2,5,4
baz-s001,TBA,ATH,ATH202508120,2025-08-12,0,0,21,7,30,2,6,4
baz-s001,TBA,NYA,TBA202508190,2025-08-19,0,1,9,3,18,2,7,6
baz-s001,TBA,CLE,CLE202508260,2025-08-26,0,0,18,7,23,2,3,3
baz-s001,TBA,SEA,TBA202509010,2025-09-01,0,1,18,6,23,2,5,0
baz-s001,TBA,CLE,TBA202509060,2025-09-06,0,1,15,8,22,1,5,2
baz-s001,TBA,CHN,CHN202509120,2025-09-12,0,0,7,5,17,3,6,5
baz-s001,TBA,TOR,TBA202509180,2025-09-18,0,1,15,4,17,1,2,0
baz-s001,TBA,BAL,BAL202509240,2025-09-24,0,0,12,3,15,3,0,0
beckt002,SFN,SLN,SFN202409280,2024-09-28,0,1,12,3,18,2,4,1
beckt002,SFN,ARI,ARI202509160,2025-09-16,0,0,9,1,13,0,5,3
beekj001,ARI,CIN,ARI202508230,2025-08-23,0,1,3,1,3,0,0,0
beekj001,ARI,LAN,ARI202509250,2025-09-25,0,1,3,1,4,0,1,1
bellb002,BOS,SEA,SEA202403280,2024-03-28,0,0,15,2,20,0,5,2
bellb002,BOS,OAK,OAK202404020,2024-04-02,0,0,15,6,22,1,5,4
bellb002,BOS,BAL,BOS202404090,2024-04-09,0,1,16,3,23,2,4,1
bellb002,BOS,ANA,BOS202404140,2024-04-14,0,1,16,8,23,2,6,2
bellb002,BOS,PIT,PIT202404190,2024-04-19,0,0,18,7,22,2,1,0
bellb002,BOS,WAS,BOS202405120,2024-05-12,0,1,15,1,19,2,4,2
bellb002,BOS,SLN,SLN202405170,2024-05-17,0,0,14,4,21,0,7,5
bellb002,BOS,TBA,TBA202405220,2024-05-22,0,0,18,6,25,4,4,3
bellb002,BOS,BAL,BAL202405280,2024-05-28,0,0,15,7,24,2,5,3
bellb002,BOS,DET,BOS202406020,2024-06-02,0,1,19,5,29,3,8,4
bellb002,BOS,CHA,CHA202406080,2024-06-08,0,0,14,2,25,3,9,5
bellb002,BOS,NYA,BOS202406140,2024-06-14,0,1,14,5,23,3,6,4
bellb002,BOS,TOR,TOR202406190,2024-06-19,0,0,18,6,28,2,7,2
bellb002,BOS,TOR,BOS202406250,2024-06-25,0,1,7,2,14,3,5,7
bellb002,BOS,MIA,MIA202407030,2024-07-03,0,0,20,7,27,1,7,1
bellb002,BOS,OAK,BOS202407090,2024-07-09,0,1,16,11,26,2,9,5
bellb002,BOS,KCA,BOS202407140,2024-07-14,0,1,19,3,26,1,7,3
bellb002,BOS,LAN,LAN202407200,2024-07-20,0,0,18,7,24,1,5,3
bellb002,BOS,NYA,BOS202407260,2024-07-26,0,1,15,4,21,2,5,3
bellb002,BOS,SEA,BOS202407310,2024-07-31,0,1,19,7,28,2,7,2
bellb002,BOS,KCA,KCA202408060,2024-08-06,0,0,14,6,22,3,5,3
bellb002,BOS,TEX,BOS202408120,2024-08-12,0,1,18,5,25,3,4,1
bellb002,BOS,BAL,BAL202408170,2024-08-17,0,0,18,6,23,3,2,1
bellb002,BOS,ARI,BOS202408230,2024-08-23,0,1,16,2,26,4,7,5
bellb002,BOS,TOR,BOS202408280,2024-08-28,0,1,24,9,26,1,2,0
bellb002,BOS,NYN,NYN202409020,2024-09-02,0,0,15,4,23,1,7,4
bellb002,BOS,BAL,BOS202409090,2024-09-09,0,1,16,5,26,5,3,2
bellb002,BOS,NYA,NYA202409140,2024-09-14,0,0,16,2,21,2,4,1
bellb002,BOS,TBA,TBA202409190,2024-09-19,0,0,17,7,24,2,5,1
bellb002,BOS,TOR,TOR202409240,2024-09-24,0,0,12,4,16,2,2,2
bellb002,BOS,SEA,BOS202504220,2025-04-22,0,1,15,3,22,3,4,1
bellb002,BOS,CLE,CLE202504270,2025-04-27,0,0,18,4,26,3,6,3
bellb002,BOS,MIN,BOS202505020,2025-05-02,0,1,20,5,25,1,4,1
bellb002,BOS,TEX,BOS202505080,2025-05-08,0,1,14,1,21,5,4,0
bellb002,BOS,DET,DET202505130,2025-05-13,0,0,14,4,21,2,6,2
bellb002,BOS,ATL,BOS202505180,2025-05-18,0,1,13,3,27,5,10,7
bellb002,BOS,BAL,BOS202505230,2025-05-23,0,1,12,7,18,1,6,2
bellb002,BOS,MIL,MIL202505280,2025-05-28,0,0,14,2,20,2,3,1
bellb002,BOS,ANA,BOS202506030,2025-06-03,0,1,18,4,27,2,6,3
bellb002,BOS,TBA,BOS202506090,2025-06-09,0,1,19,4,27,1,7,3
bellb002,BOS,NYA,BOS202506150,2025-06-15,0,1,21,8,26,3,3,0
bellb002,BOS,SFN,SFN202506210,2025-06-21,0,0,18,6,24,1,4,1
bellb002,BOS,TOR,BOS202506270,2025-06-27,0,1,18,1,28,3,8,3
bellb002,BOS,COL,BOS202507080,2025-07-08,0,1,27,10,33,1,5,2
bellb002,BOS,TBA,BOS202507130,2025-07-13,0,1,19,5,26,0,6,1
bellb002,BOS,CHN,CHN202507190,2025-07-19,0,0,18,4,25,1,6,3
bellb002,BOS,LAN,BOS202507250,2025-07-25,0,1,16,5,23,2,6,3
bellb002,BOS,MIN,MIN202507300,2025-07-30,0,0,21,4,28,4,5,1
bellb002,BOS,KCA,BOS202508040,2025-08-04,0,1,18,5,25,1,6,0
bellb002,BOS,SDN,SDN202508100,2025-08-10,0,0,17,7,25,3,6,5
bellb002,BOS,MIA,BOS202508160,2025-08-16,0,1,19,2,24,0,4,2
bellb002,BOS,NYA,NYA202508220,2025-08-22,0,0,21,5,23,1,3,0
bellb002,BOS,BAL,BAL202508270,2025-08-27,0,0,20,6,27,1,5,1
bellb002,BOS,CLE,BOS202509010,2025-09-01,0,1,15,4,24,3,6,3
bellb002,BOS,ARI,ARI202509070,2025-09-07,0,0,18,2,23,1,4,3
bellb002,BOS,NYA,BOS202509130,2025-09-13,0,1,15,4,24,3,5,4
bellb002,BOS,ATH,BOS202509180,2025-09-18,0,1,12,3,18,2,5,3
bellb002,BOS,TOR,TOR202509250,2025-09-25,0,0,15,3,23,3,3,2
bellv001,MIA,KCA,KCA202406260,2024-06-26,0,0,15,2,18,0,2,0
bellv001,MIA,BOS,MIA202407020,2024-07-02,0,1,15,8,23,1,7,5
bellv001,MIA,ATL,ATL202408020,2024-08-02,0,0,15,5,18,2,2,2
bellv001,MIA,CIN,MIA202408070,2024-08-07,0,1,17,4,24,2,5,0
bellv001,MIA,PHI,PHI202408130,2024-08-13,0,0,21,4,26,1,4,0
bellv001,MIA,NYN,NYN202408180,2024-08-18,0,0,16,4,23,2,7,2
bellv001,MIA,CHN,MIA202408240,2024-08-24,0,1,14,1,27,5,7,5
bellv001,MIA,COL,COL202408290,2024-08-29,0,0,12,4,21,2,7,6
bellv001,MIA,WAS,MIA202409040,2024-09-04,0,1,18,1,22,2,3,0
bellv001,MIA,PIT,PIT202409090,2024-09-09,0,0,16,2,25,1,6,1
bellv001,MIA,WAS,WAS202409140,2024-09-14,0,0,16,4,23,1,6,3
bellv001,MIA,ATL,MIA202409200,2024-09-20,0,1,16,3,24,1,7,3
bellv001,MIA,MIN,MIN202409260,2024-09-26,0,0,15,2,21,1,6,1
bellv001,MIA,PIT,MIA202503290,2025-03-29,0,1,13,4,18,2,4,1
bellv001,MIA,NYN,NYN202504070,2025-04-07,0,0,11,2,17,2,5,1
bellv001,MIA,ATH,MIA202505020,2025-05-02,0,1,14,1,23,4,4,5
bellv001,MIA,LAN,MIA202505070,2025-05-07,0,1,16,7,18,2,1,0
bellv001,MIA,CHN,CHN202505130,2025-05-13,0,0,12,2,18,1,4,1
bellv001,MIA,PHI,MIA202509050,2025-09-05,0,1,9,2,12,0,4,2
bergr001,SDN,SFN,SFN202506030,2025-06-03,0,0,15,2,21,2,6,2
bergr001,SDN,MIL,MIL202506080,2025-06-08,0,0,16,4,20,4,1,0
bergr001,SDN,ARI,ARI202506140,2025-06-14,0,0,15,8,20,2,3,3
bergr001,SDN,LAN,LAN202506190,2025-06-19,0,0,14,3,18,1,3,0
bergr001,SDN,WAS,SDN202506240,2025-06-24,0,1,9,4,18,3,5,3
bergr001,SDN,PHI,SDN202507110,2025-07-11,0,1,14,7,19,2,3,2
bergr001,SDN,NYN,SDN202507290,2025-07-29,0,1,12,4,19,4,2,1
bergr001,KCA,BOS,BOS202508050,2025-08-05,0,0,17,2,20,2,2,2
bergr001,KCA,MIN,MIN202508100,2025-08-10,0,0,17,8,22,1,4,2
bergr001,KCA,CHA,KCA202508170,2025-08-17,0,1,16,7,24,2,6,1
bergr001,KCA,DET,DET202508220,2025-08-22,0,0,17,5,21,1,3,2
bergr001,KCA,CHA,CHA202508270,2025-08-27,0,0,18,3,26,2,6,1
bergr001,KCA,ANA,KCA202509030,2025-09-03,0,1,15,6,19,3,1,1
bergr001,KCA,CLE,CLE202509080,2025-09-08,0,0,10,3,23,3,11,8
bergr001,KCA,PHI,PHI202509130,2025-09-13,0,0,12,5,19,3,4,3
bermj001,MIA,PIT,PIT202409110,2024-09-11,0,0,6,0,12,1,3,3
bernb001,BOS,CLE,BOS202404180,2024-04-18,0,1,6,2,6,1,0,0
bernb001,BOS,MIN,MIN202405040,2024-05-04,0,0,3,1,5,0,1,0
bernb001,BOS,BAL,BAL202408160,2024-08-16,0,0,2,2,3,1,0,0
bernb001,BOS,CIN,BOS202507020,2025-07-02,0,1,5,2,7,1,1,0
bernb001,BOS,BAL,BAL202508250,2025-08-25,0,0,3,2,4,0,1,0
bernb001,BOS,CLE,BOS202509030,2025-09-03,0,1,2,0,4,1,1,1
berrj001,TOR,TBA,TBA202403280,2024-03-28,0,0,18,6,23,1,6,2
berrj001,TOR,HOU,HOU202404020,2024-04-02,0,0,18,2,24,3,6,1
berrj001,TOR,SEA,TOR202404080,2024-04-08,0,1,20,6,25,1,4,0
berrj001,TOR,COL,TOR202404140,2024-04-14,0,1,21,7,27,2,2,0
berrj001,TOR,SDN,SDN202404200,2024-04-20,0,0,18,6,25,2,5,0
berrj001,TOR,KCA,KCA202404250,2024-04-25,0,0,15,1,20,3,3,2
berrj001,TOR,KCA,TOR202404300,2024-04-30,0,1,21,3,25,1,5,2
berrj001,TOR,PHI,PHI202405070,2024-05-07,0,0,11,7,21,2,7,8
berrj001,TOR,BAL,BAL202405130,2024-05-13,0,0,21,4,25,1,3,2
berrj001,TOR,CHA,TOR202405200,2024-05-20,0,1,18,6,25,2,8,3
berrj001,TOR,DET,DET202405250,2024-05-25,0,0,21,5,25,0,7,2
berrj001,TOR,PIT,TOR202405310,2024-05-31,0,1,21,5,27,0,6,1
berrj001,TOR,BAL,TOR202406050,2024-06-05,0,1,18,2,25,3,6,2
berrj001,TOR,MIL,MIL202406100,2024-06-10,0,0,17,4,22,1,5,3
berrj001,TOR,CLE,TOR202406160,2024-06-16,0,1,18,1,26,0,8,4
berrj001,TOR,CLE,CLE202406220,2024-06-22,0,0,15,3,23,1,6,5
berrj001,TOR,NYA,TOR202406270,2024-06-27,0,1,21,8,27,3,2,2
berrj001,TOR,HOU,TOR202407020,2024-07-02,0,1,15,1,22,2,5,5
berrj001,TOR,SEA,SEA202407070,2024-07-07,0,0,18,10,28,1,7,4
berrj001,TOR,ARI,ARI202407130,2024-07-13,0,0,12,0,24,4,7,5
berrj001,TOR,TBA,TOR202407230,2024-07-23,0,1,14,5,22,6,3,3
berrj001,TOR,TEX,TOR202407280,2024-07-28,0,1,21,5,28,0,6,1
berrj001,TOR,NYA,NYA202408030,2024-08-03,0,0,15,6,26,3,7,5
berrj001,TOR,OAK,TOR202408090,2024-08-09,0,1,21,8,28,1,6,1
berrj001,TOR,ANA,ANA202408140,2024-08-14,0,0,21,5,24,1,2,1
berrj001,TOR,CIN,TOR202408200,2024-08-20,0,1,21,7,28,2,6,2
berrj001,TOR,BOS,BOS202408260,2024-08-26,0,0,23,6,29,0,8,2
berrj001,TOR,MIN,MIN202408310,2024-08-31,0,0,18,5,22,1,3,0
berrj001,TOR,ATL,ATL202409070,2024-09-07,0,0,18,5,23,1,5,1
berrj001,TOR,SLN,TOR202409140,2024-09-14,0,1,21,4,25,2,2,1
berrj001,TOR,TBA,TBA202409200,2024-09-20,0,0,18,6,24,1,6,1
berrj001,TOR,MIA,TOR202409270,2024-09-27,0,1,9,4,18,3,6,6
berrj001,TOR,BAL,TOR202503270,2025-03-27,0,1,15,5,24,2,9,6
berrj001,TOR,WAS,TOR202504010,2025-04-01,0,1,17,8,22,3,4,2
berrj001,TOR,BOS,BOS202504070,2025-04-07,0,0,21,2,26,3,4,1
berrj001,TOR,BAL,BAL202504130,2025-04-13,0,0,15,6,23,1,7,4
berrj001,TOR,SEA,TOR202504190,2025-04-19,0,1,18,3,26,4,4,3
berrj001,TOR,NYA,NYA202504250,2025-04-25,0,0,16,4,23,2,5,0
berrj001,TOR,BOS,TOR202505010,2025-05-01,0,1,20,8,27,1,7,2
berrj001,TOR,ANA,ANA202505070,2025-05-07,0,0,18,9,27,5,5,2
berrj001,TOR,TBA,TOR202505130,2025-05-13,0,1,16,4,25,3,5,5
berrj001,TOR,DET,TOR202505180,2025-05-18,0,1,18,4,27,1,8,2
berrj001,TOR,TBA,TBA202505240,2025-05-24,0,0,18,3,22,1,3,3
berrj001,TOR,ATH,TOR202505290,2025-05-29,0,1,18,9,21,2,2,0
berrj001,TOR,PHI,TOR202506040,2025-06-04,0,1,18,5,23,2,4,1
berrj001,TOR,SLN,SLN202506090,2025-06-09,0,0,20,1,25,2,4,0
berrj001,TOR,PHI,PHI202506150,2025-06-15,0,0,14,5,22,1,9,6
berrj001,TOR,CHA,TOR202506210,2025-06-21,0,1,23,5,28,3,2,0
berrj001,TOR,BOS,BOS202506270,2025-06-27,0,0,21,8,24,1,4,0
berrj001,TOR,NYA,TOR202507020,2025-07-02,0,1,13,3,22,0,9,6
berrj001,TOR,CHA,CHA202507070,2025-07-07,0,0,18,4,23,2,2,1
berrj001,TOR,ATH,ATH202507130,2025-07-13,0,0,9,1,16,2,5,4
berrj001,TOR,SFN,TOR202507200,2025-07-20,0,1,17,5,24,1,8,4
berrj001,TOR,DET,DET202507250,2025-07-25,0,0,18,6,24,2,5,2
berrj001,TOR,BAL,BAL202507300,2025-07-30,0,0,13,3,20,0,6,2
berrj001,TOR,COL,COL202508050,2025-08-05,0,0,16,5,24,1,7,3
berrj001,TOR,CHN,TOR202508120,2025-08-12,0,1,16,3,22,4,2,0
berrj001,TOR,TEX,TOR202508170,2025-08-17,0,1,13,2,21,0,10,6
berrj001,TOR,MIA,MIA202508230,2025-08-23,0,0,19,8,24,0,4,2
berrj001,TOR,CIN,CIN202509020,2025-09-02,0,0,6,2,14,2,5,2
berrj001,TOR,HOU,TOR202509100,2025-09-10,0,1,16,4,21,1,5,2
berrj001,TOR,TBA,TBA202509160,2025-09-16,0,0,12,0,18,2,4,3
bibet001,CLE,OAK,OAK202403300,2024-03-30,0,0,12,4,22,5,6,3
bibet001,CLE,MIN,MIN202404040,2024-04-04,0,0,16,9,23,0,5,1
bibet001,CLE,CHA,CLE202404100,2024-04-10,0,1,13,2,20,3,6,5
bibet001,CLE,BOS,BOS202404160,2024-04-16,0,0,15,3,21,2,5,1
bibet001,CLE,OAK,CLE202404210,2024-04-21,0,1,17,8,25,2,5,2
bibet001,CLE,ATL,ATL202404270,2024-04-27,0,0,21,9,22,0,2,0
bibet001,CLE,ANA,CLE202405030,2024-05-03,0,1,15,4,23,1,8,6
bibet001,CLE,DET,CLE202405080,2024-05-08,0,1,12,5,18,0,5,4
bibet001,CLE,TEX,TEX202405130,2024-05-13,0,0,16,4,21,2,3,0
bibet001,CLE,MIN,CLE202405190,2024-05-19,0,1,21,8,26,1,4,1
bibet001,CLE,ANA,ANA202405250,2024-05-25,0,0,18,6,25,1,6,3
bibet001,CLE,WAS,CLE202405310,2024-05-31,0,1,19,7,24,1,3,1
bibet001,CLE,KCA,CLE202406060,2024-06-06,0,1,15,7,24,1,6,2
bibet001,CLE,CIN,CIN202406120,2024-06-12,0,0,16,11,21,1,4,4
bibet001,CLE,SEA,CLE202406190,2024-06-19,0,1,18,12,22,1,3,0
bibet001,CLE,BAL,BAL202406240,2024-06-24,0,0,18,7,25,1,5,1
bibet001,CLE,KCA,KCA202406290,2024-06-29,0,0,18,3,20,0,4,2
bibet001,CLE,SFN,CLE202407050,2024-07-05,0,1,14,6,23,2,6,4
bibet001,CLE,DET,DET202407100,2024-07-10,0,0,21,8,28,3,5,4
bibet001,CLE,SDN,CLE202407190,2024-07-19,0,1,17,3,21,3,2,0
bibet001,CLE,DET,CLE202407240,2024-07-24,0,1,15,4,17,1,2,1
bibet001,CLE,DET,DET202407290,2024-07-29,0,0,18,2,24,0,7,2
bibet001,CLE,MIN,MIN202408110,2024-08-11,0,0,17,5,23,0,6,1
bibet001,CLE,MIL,MIL202408170,2024-08-17,0,0,15,7,18,1,3,1
bibet001,CLE,TEX,CLE202408230,2024-08-23,0,1,17,6,26,1,8,4
bibet001,CLE,KCA,CLE202408280,2024-08-28,0,1,15,6,25,2,8,5
bibet001,CLE,KCA,KCA202409030,2024-09-03,0,0,18,6,24,3,2,1
bibet001,CLE,LAN,LAN202409080,2024-09-08,0,0,15,4,21,3,4,2
bibet001,CLE,TBA,CLE202409130,2024-09-13,0,1,18,9,25,0,8,3
bibet001,CLE,MIN,CLE202409180,2024-09-18,0,1,20,5,27,1,5,2
bibet001,CLE,CIN,CLE202409240,2024-09-24,0,1,21,7,26,2,4,1
bibet001,CLE,KCA,KCA202503300,2025-03-30,0,0,17,2,20,2,2,0
bibet001,CLE,ANA,ANA202504050,2025-04-05,0,0,12,4,23,1,9,7
bibet001,CLE,KCA,CLE202504110,2025-04-11,0,1,14,4,20,4,3,0
bibet001,CLE,BAL,BAL202504170,2025-04-17,0,0,17,5,24,4,5,6
bibet001,CLE,NYA,CLE202504220,2025-04-22,0,1,18,5,24,3,5,2
bibet001,CLE,MIN,CLE202504290,2025-04-29,0,1,21,5,25,0,5,1
bibet001,CLE,TOR,TOR202505040,2025-05-04,0,0,15,3,23,2,5,2
bibet001,CLE,PHI,CLE202505100,2025-05-10,0,1,21,3,26,0,5,1
bibet001,CLE,CIN,CIN202505160,2025-05-16,0,0,18,4,28,1,10,4
bibet001,CLE,DET,DET202505220,2025-05-22,0,0,21,8,25,1,3,0
bibet001,CLE,LAN,CLE202505270,2025-05-27,0,1,15,7,23,3,7,4
bibet001,CLE,NYA,NYA202506030,2025-06-03,0,0,19,6,26,2,4,3
bibet001,CLE,HOU,CLE202506080,2025-06-08,0,1,19,6,24,0,5,2
bibet001,CLE,SEA,SEA202506140,2025-06-14,0,0,15,3,23,3,4,2
bibet001,CLE,ATH,ATH202506200,2025-06-20,0,0,24,10,35,0,11,5
bibet001,CLE,TOR,CLE202506260,2025-06-26,0,1,18,7,24,0,3,2
bibet001,CLE,CHN,CHN202507020,2025-07-02,0,0,12,5,22,4,6,5
bibet001,CLE,HOU,HOU202507070,2025-07-07,0,0,14,3,19,1,4,4
bibet001,CLE,CHA,CHA202507120,2025-07-12,0,0,17,5,22,2,6,2
bibet001,CLE,BAL,CLE202507210,2025-07-21,0,1,21,4,27,0,6,3
bibet001,CLE,KCA,KCA202507262,2025-07-26,2,0,15,8,22,0,7,4
bibet001,CLE,MIN,CLE202508020,2025-08-02,0,1,14,5,24,2,8,4
bibet001,CLE,CHA,CHA202508080,2025-08-08,0,0,16,7,24,4,5,4
bibet001,CLE,MIA,CLE202508140,2025-08-14,0,1,17,5,26,4,5,2
bibet001,CLE,ARI,ARI202508190,2025-08-19,0,0,17,5,25,1,7,4
bibet001,CLE,TBA,CLE202508250,2025-08-25,0,1,18,3,29,3,8,5
bibet001,CLE,SEA,CLE202508310,2025-08-31,0,1,19,4,27,2,6,4
bibet001,CLE,TBA,TBA202509060,2025-09-06,0,0,20,3,24,1,5,2
bibet001,CLE,CHA,CLE202509120,2025-09-12,0,1,27,10,30,0,2,0
bibet001,CLE,DET,DET202509180,2025-09-18,0,0,18,8,24,2,4,1
bibet001,CLE,DET,CLE202509240,2025-09-24,0,1,18,5,24,2,5,1
bidoo001,OAK,TEX,OAK202405082,2024-05-08,2,1,8,4,14,2,3,4
bidoo001,OAK,HOU,OAK202407230,2024-07-23,0,1,15,6,19,0,4,1
bidoo001,OAK,ANA,ANA202407280,2024-07-28,0,0,11,6,21,4,6,7
bidoo001,OAK,LAN,OAK202408040,2024-08-04,0,1,18,6,26,3,6,2
bidoo001,OAK,TOR,TOR202408100,2024-08-10,0,0,18,5,21,1,2,0
bidoo001,OAK,SFN,OAK202408170,2024-08-17,0,1,18,6,21,2,1,0
bidoo001,OAK,TBA,OAK202408220,2024-08-22,0,1,15,6,20,3,2,1
bidoo001,OAK,CIN,CIN202408280,2024-08-28,0,0,18,5,21,0,3,2
bidoo001,OAK,SEA,OAK202409020,2024-09-02,0,1,16,4,23,1,6,4
bidoo001,ATH,SEA,SEA202503290,2025-03-29,0,0,15,4,22,4,3,1
bidoo001,ATH,COL,COL202504040,2025-04-04,0,0,15,5,22,2,6,2
bidoo001,ATH,SDN,ATH202504090,2025-04-09,0,1,15,5,24,0,9,2
bidoo001,ATH,CHA,CHA202504160,2025-04-16,0,0,17,0,22,1,5,1
bidoo001,ATH,TEX,ATH202504220,2025-04-22,0,1,16,2,27,3,8,8
bidoo001,ATH,CHA,ATH202504270,2025-04-27,0,1,16,1,23,2,5,1
bidoo001,ATH,MIA,MIA202505030,2025-05-03,0,0,15,4,20,2,3,4
bidoo001,ATH,NYA,ATH202505090,2025-05-09,0,1,16,6,26,2,8,3
bidoo001,ATH,LAN,LAN202505150,2025-05-15,0,0,5,2,12,2,5,6
bidoo001,ATH,DET,ATH202508260,2025-08-26,0,1,9,5,14,2,3,4
biebs001,CLE,OAK,OAK202403280,2024-03-28,0,0,18,11,22,1,4,0
biebs001,CLE,SEA,SEA202404020,2024-04-02,0,0,18,9,23,0,6,0
biebs001,TOR,MIA,MIA202508220,2025-08-22,0,0,18,9,21,0,2,1
biebs001,TOR,MIL,TOR202508290,2025-08-29,0,1,16,6,20,0,5,2
biebs001,TOR,CIN,CIN202509030,2025-09-03,0,0,18,6,24,2,5,5
biebs001,TOR,HOU,TOR202509090,2025-09-09,0,1,17,4,26,1,9,3
biebs001,TOR,BAL,TOR202509140,2025-09-14,0,1,18,5,22,1,4,1
biebs001,TOR,KCA,KCA202509200,2025-09-20,0,0,19,4,24,1,4,2
biebs001,TOR,TBA,TOR202509260,2025-09-26,0,1,15,3,22,2,5,2
biggh001,TBA,HOU,HOU202408040,2024-08-04,0,0,2,1,5,2,1,0
birdh001,SFN,CHN,SFN202406260,2024-06-26,0,1,14,5,22,3,6,3
birdh001,SFN,ATL,ATL202407020,2024-07-02,0,0,15,5,20,2,4,2
birdh001,SFN,CLE,CLE202407070,2024-07-07,0,0,14,5,20,2,5,2
birdh001,SFN,MIN,SFN202407130,2024-07-13,0,1,15,3,22,3,2,1
birdh001,SFN,COL,COL202407210,2024-07-21,0,0,18,12,22,2,2,2
birdh001,SFN,COL,SFN202407272,2024-07-27,2,1,15,8,20,3,3,0
birdh001,SFN,WAS,WAS202408060,2024-08-06,0,0,6,1,14,3,5,7
birdh001,SFN,DET,SFN202408110,2024-08-11,0,1,13,5,19,1,5,5
birdh001,SFN,OAK,OAK202408170,2024-08-17,0,0,14,5,19,3,3,1
birdh001,SFN,SEA,SEA202408230,2024-08-23,0,0,12,5,18,4,1,0
birdh001,SFN,MIL,MIL202408290,2024-08-29,0,0,11,6,19,4,4,5
birdh001,SFN,ARI,SFN202409040,2024-09-04,0,1,9,4,18,5,3,2
birdh001,SFN,MIL,SFN202409120,2024-09-12,0,1,15,4,17,1,2,0
birdh001,SFN,BAL,BAL202409180,2024-09-18,0,0,17,3,23,2,4,3
birdh001,SFN,ARI,ARI202409230,2024-09-23,0,0,15,6,22,2,4,2
birdh001,SFN,SLN,SFN202409290,2024-09-29,0,1,13,11,20,3,4,3
birdh001,SFN,KCA,SFN202505200,2025-05-20,0,1,15,4,19,0,5,0
birdh001,SFN,DET,DET202505260,2025-05-26,0,0,13,6,20,2,5,3
birdh001,SFN,MIA,MIA202506010,2025-06-01,0,0,16,5,21,0,5,1
birdh001,SFN,ATL,SFN202506060,2025-06-06,0,1,13,5,21,5,2,2
birdh001,SFN,COL,COL202506120,2025-06-12,0,0,18,6,26,2,6,3
birdh001,SFN,BOS,SFN202506200,2025-06-20,0,1,13,4,22,1,7,4
birdh001,SFN,MIA,SFN202506260,2025-06-26,0,1,12,1,21,4,4,7
birdh001,SFN,ARI,ARI202507010,2025-07-01,0,0,12,6,19,4,3,3
birdh001,SFN,ATH,ATH202507060,2025-07-06,0,0,15,6,22,5,3,1
birdh001,SFN,ATL,ATL202507210,2025-07-21,0,0,0,0,6,4,1,5
bives001,SFN,LAN,SFN202406300,2024-06-30,0,1,15,3,19,0,4,1
bives001,SFN,SDN,SDN202409080,2024-09-08,0,0,13,3,18,1,4,1
blacm001,SFN,PHI,PHI202405060,2024-05-06,0,0,13,4,24,3,8,5
blacm001,SFN,CIN,SFN202405110,2024-05-11,0,1,13,2,18,2,4,1
blacm001,SFN,COL,SFN202405170,2024-05-17,0,1,9,2,16,0,6,4
blacm001,SFN,MIA,SFN202408310,2024-08-31,0,1,15,6,18,0,4,2
blacm001,SFN,SDN,SDN202409060,2024-09-06,0,0,14,6,21,1,6,4
blacm001,SFN,SDN,SFN202409140,2024-09-14,0,1,12,2,19,1,6,2
blacm001,SFN,KCA,KCA202409200,2024-09-20,0,0,17,4,22,1,4,0
blacm001,SFN,ARI,ARI202409250,2024-09-25,0,0,8,3,17,5,5,4
blacp001,OAK,CLE,OAK202403310,2024-03-31,0,1,21,3,25,1,3,0
blacp001,OAK,DET,DET202404060,2024-04-06,0,0,18,4,22,0,3,0
blacp001,OAK,WAS,OAK202404120,2024-04-12,0,1,19,4,24,2,5,0
blacp001,OAK,SLN,OAK202404170,2024-04-17,0,1,17,7,26,5,6,3
blacp001,OAK,NYA,NYA202404230,2024-04-23,0,0,18,5,23,0,5,4
blacp001,OAK,BAL,BAL202404280,2024-04-28,0,0,12,5,20,1,7,6
blacp001,OAK,MIA,OAK202405040,2024-05-04,0,1,21,3,25,1,4,1
blacp001,OAK,SEA,SEA202405100,2024-05-10,0,0,12,5,23,3,7,7
blacp001,OAK,ANA,ANA202407260,2024-07-26,0,0,15,2,20,1,5,4
blacp001,NYN,ANA,ANA202408020,2024-08-02,0,0,18,6,24,2,6,1
blacp001,NYN,COL,COL202408070,2024-08-07,0,0,18,6,26,2,5,1
blacp001,NYN,OAK,NYN202408130,2024-08-13,0,1,12,4,21,2,6,6
blacp001,NYN,MIA,NYN202408180,2024-08-18,0,1,18,4,21,1,4,1
blacp001,NYN,SDN,SDN202408230,2024-08-23,0,0,7,1,16,0,10,5
blacp001,NYN,LAN,LAN202506020,2025-06-02,0,0,15,3,19,1,3,0
blacp001,NYN,ATL,ATL202506180,2025-06-18,0,0,11,2,17,2,4,3
blacp001,NYN,ATL,NYN202506230,2025-06-23,0,1,14,5,24,3,6,3
blacp001,NYN,PIT,PIT202506280,2025-06-28,0,0,3,2,9,0,6,3
blact002,COL,SDN,COL202404240,2024-04-24,0,1,15,0,21,2,5,4
blact002,COL,TEX,COL202405120,2024-05-12,0,1,15,2,20,0,7,1
blact002,COL,SFN,SFN202405180,2024-05-18,0,0,9,3,17,1,7,6
blact002,COL,PHI,COL202405240,2024-05-24,0,1,20,2,26,1,5,2
blact002,COL,CLE,COL202405290,2024-05-29,0,1,21,5,28,2,6,2
blact002,COL,CIN,COL202406040,2024-06-04,0,1,15,2,25,0,10,4
blact002,COL,SLN,SLN202406090,2024-06-09,0,0,15,3,25,1,8,4
blact002,COL,PIT,COL202406150,2024-06-15,0,1,17,5,25,1,7,2
blact002,COL,LAN,COL202406200,2024-06-20,0,1,12,2,23,1,10,5
blact002,COL,BOS,COL202407230,2024-07-23,0,1,7,1,15,1,7,6
blact002,COL,BAL,COL202409010,2024-09-01,0,1,12,1,19,2,5,5
blact002,COL,MIL,MIL202409070,2024-09-07,0,0,11,1,16,0,6,5
blalb001,COL,ARI,ARI202408120,2024-08-12,0,0,17,4,23,0,6,3
blalb001,COL,SDN,COL202408180,2024-08-18,0,1,17,2,26,3,6,1
blalb001,COL,NYA,NYA202408240,2024-08-24,0,0,16,5,24,4,5,2
blalb001,COL,MIA,COL202408290,2024-08-29,0,1,12,3,24,1,9,6
blalb001,COL,ATL,ATL202409040,2024-09-04,0,0,15,2,25,6,4,4
blalb001,COL,DET,DET202409100,2024-09-10,0,0,12,4,21,5,5,4
blalb001,COL,CIN,COL202504270,2025-04-27,0,1,12,1,20,2,7,6
blalb001,COL,SFN,SFN202505030,2025-05-03,0,0,16,4,19,2,2,3
blalb001,COL,SDN,COL202505100,2025-05-10,0,1,11,1,26,2,13,12
blalb001,COL,CIN,CIN202507120,2025-07-12,0,0,17,1,22,0,6,1
blalb001,COL,SLN,COL202507220,2025-07-22,0,1,16,0,23,1,8,2
blalb001,COL,CLE,CLE202507280,2025-07-28,0,0,18,7,24,0,6,0
blalb001,COL,PIT,COL202508030,2025-08-03,0,1,17,2,27,4,6,7
blalb001,COL,ARI,ARI202508090,2025-08-09,0,0,14,4,23,3,7,5
blalb001,COL,ARI,COL202508140,2025-08-14,0,1,11,0,20,4,6,7
blalb001,COL,SDN,SDN202509130,2025-09-13,0,0,9,0,16,2,5,5
blalb001,COL,ANA,COL202509190,2025-09-19,0,1,15,4,22,1,8,6
blalb001,COL,SEA,SEA202509250,2025-09-25,0,0,11,1,20,2,6,5
blanr001,HOU,TOR,HOU202404010,2024-04-01,0,1,27,7,29,2,0,0
blanr001,HOU,TEX,TEX202404070,2024-04-07,0,0,18,4,23,4,1,0
blanr001,HOU,TEX,HOU202404130,2024-04-13,0,1,18,5,24,3,5,2
blanr001,HOU,WAS,WAS202404200,2024-04-20,0,0,18,6,26,3,5,2
blanr001,HOU,COL,COL202404270,2024-04-27,0,0,17,8,26,2,5,2
blanr001,HOU,SEA,HOU202405030,2024-05-03,0,1,18,6,24,2,5,3
blanr001,HOU,NYA,NYA202405090,2024-05-09,0,0,17,5,24,4,4,2
blanr001,HOU,OAK,HOU202405140,2024-05-14,0,1,9,4,14,1,4,0
blanr001,HOU,OAK,OAK202405260,2024-05-26,0,0,21,6,25,1,4,1
blanr001,HOU,MIN,HOU202405310,2024-05-31,0,1,14,6,20,3,3,4
blanr001,HOU,SLN,HOU202406050,2024-06-05,0,1,17,2,24,2,5,4
blanr001,HOU,SFN,SFN202406110,2024-06-11,0,0,18,8,22,1,3,1
blanr001,HOU,DET,HOU202406160,2024-06-16,0,1,21,8,25,3,0,0
blanr001,HOU,BAL,HOU202406220,2024-06-22,0,1,21,4,27,3,4,1
blanr001,HOU,NYN,NYN202406280,2024-06-28,0,0,17,5,26,3,6,3
blanr001,HOU,TOR,TOR202407030,2024-07-03,0,0,17,4,22,2,4,2
blanr001,HOU,MIA,HOU202407090,2024-07-09,0,1,21,7,25,1,4,2
blanr001,HOU,TEX,HOU202407140,2024-07-14,0,1,18,5,22,2,2,2
blanr001,HOU,SEA,SEA202407210,2024-07-21,0,0,17,5,24,1,6,4
blanr001,HOU,LAN,HOU202407270,2024-07-27,0,1,13,9,20,3,3,4
blanr001,HOU,TBA,HOU202408030,2024-08-03,0,1,15,7,23,2,6,2
blanr001,HOU,BOS,BOS202408090,2024-08-09,0,0,12,5,19,3,4,2
blanr001,HOU,TBA,TBA202408140,2024-08-14,0,0,18,4,20,0,2,0
blanr001,HOU,BOS,HOU202408200,2024-08-20,0,1,11,6,21,4,6,5
blanr001,HOU,PHI,PHI202408260,2024-08-26,0,0,17,5,25,2,7,2
blanr001,HOU,KCA,HOU202409010,2024-09-01,0,1,15,3,21,4,3,0
blanr001,HOU,ANA,ANA202409150,2024-09-15,0,0,18,5,23,2,4,0
blanr001,HOU,ANA,HOU202409210,2024-09-21,0,1,18,9,27,2,7,2
blanr001,HOU,CLE,CLE202409270,2024-09-27,0,0,15,3,17,2,1,0
blanr001,HOU,SFN,HOU202503310,2025-03-31,0,1,15,6,21,3,3,3
blanr001,HOU,MIN,MIN202504060,2025-04-06,0,0,5,3,13,3,5,4
blanr001,HOU,ANA,HOU202504110,2025-04-11,0,1,15,7,19,1,5,2
blanr001,HOU,SLN,SLN202504160,2025-04-16,0,0,15,1,23,3,5,3
blanr001,HOU,TOR,HOU202504220,2025-04-22,0,1,20,3,24,2,2,1
blanr001,HOU,DET,HOU202504280,2025-04-28,0,1,15,6,20,2,3,3
blanr001,HOU,MIL,MIL202505050,2025-05-05,0,0,18,6,26,2,7,3
blanr001,HOU,CIN,HOU202505110,2025-05-11,0,1,24,11,27,1,2,0
blanr001,HOU,TEX,TEX202505170,2025-05-17,0,0,18,5,26,3,5,3
blews001,ATL,SLN,ATL202504220,2025-04-22,0,1,9,1,15,2,4,2
blews001,BAL,ANA,BAL202506150,2025-06-15,0,1,8,1,10,0,2,2
blosj001,HOU,BAL,HOU202406210,2024-06-21,0,1,11,2,18,1,6,2
blosj001,HOU,MIA,HOU202407110,2024-07-11,0,1,12,4,18,1,4,2
blosj001,HOU,OAK,OAK202407230,2024-07-23,0,0,12,5,19,1,6,5
bluba001,HOU,DET,HOU202504300,2025-04-30,0,1,12,6,19,1,5,2
bluba001,HOU,TEX,HOU202509160,2025-09-16,0,1,9,7,12,1,2,0
bluba001,HOU,ANA,ANA202509270,2025-09-27,0,0,12,2,16,4,1,0
bousc001,TEX,KCA,KCA202508200,2025-08-20,0,0,9,1,16,3,5,3
bowlj001,KCA,TOR,TOR202404290,2024-04-29,0,0,8,3,17,3,6,4
bowlj001,KCA,CLE,CLE202509100,2025-09-10,0,0,6,3,9,1,3,2
bowmm001,BAL,MIN,MIN202409280,2024-09-28,0,0,4,2,5,0,1,0
boydm001,CLE,CHN,CLE202408130,2024-08-13,0,1,16,6,19,0,3,1
boydm001,CLE,NYA,NYA202408200,2024-08-20,0,0,16,2,24,4,4,3
boydm001,CLE,TEX,CLE202408250,2024-08-25,0,1,18,4,22,1,3,1
boydm001,CLE,PIT,CLE202408310,2024-08-31,0,1,18,8,21,0,4,1
boydm001,CLE,LAN,LAN202409060,2024-09-06,0,0,18,6,22,0,3,1
boydm001,CLE,CHA,CHA202409110,2024-09-11,0,0,13,9,23,2,6,1
boydm001,CLE,MIN,CLE202409160,2024-09-16,0,1,8,5,16,3,5,2
boydm001,CLE,SLN,SLN202409210,2024-09-21,0,0,12,6,19,3,4,2
boydm001,CHN,ARI,ARI202503300,2025-03-30,0,0,15,5,22,3,4,0
boydm001,CHN,SDN,CHN202504050,2025-04-05,0,1,18,5,23,1,5,0
boydm001,CHN,LAN,LAN202504110,2025-04-11,0,0,18,7,26,3,4,3
boydm001,CHN,SDN,SDN202504160,2025-04-16,0,0,16,3,24,2,6,2
boydm001,CHN,LAN,CHN202504230,2025-04-23,0,1,18,4,28,1,10,3
boydm001,CHN,PIT,PIT202504300,2025-04-30,0,0,15,6,22,3,6,2
boydm001,CHN,SFN,CHN202505050,2025-05-05,0,1,18,7,23,0,5,2
boydm001,CHN,NYN,NYN202505110,2025-05-11,0,0,18,8,24,0,6,2
boydm001,CHN,CHA,CHN202505170,2025-05-17,0,1,18,8,22,0,4,3
boydm001,CHN,CIN,CIN202505230,2025-05-23,0,0,12,3,22,2,8,4
boydm001,CHN,COL,CHN202505280,2025-05-28,0,1,18,8,21,0,4,0
boydm001,CHN,WAS,WAS202506040,2025-06-04,0,0,22,6,26,1,4,2
boydm001,CHN,PHI,PHI202506090,2025-06-09,0,0,18,0,25,2,8,1
boydm001,CHN,PIT,CHN202506140,2025-06-14,0,1,18,3,19,1,1,1
boydm001,CHN,SEA,CHN202506200,2025-06-20,0,1,15,6,19,2,2,2
boydm001,CHN,SLN,SLN202506250,2025-06-25,0,0,18,3,22,0,3,0
boydm001,CHN,CLE,CHN202507010,2025-07-01,0,1,21,5,26,1,5,2
boydm001,CHN,SLN,CHN202507060,2025-07-06,0,1,15,9,19,1,3,0
boydm001,CHN,NYA,NYA202507120,2025-07-12,0,0,24,6,27,0,4,0
boydm001,CHN,KCA,CHN202507220,2025-07-22,0,1,21,6,25,1,4,0
boydm001,CHN,MIL,MIL202507280,2025-07-28,0,0,15,2,25,5,6,5
boydm001,CHN,BAL,CHN202508020,2025-08-02,0,1,21,8,24,0,4,0
boydm001,CHN,SLN,SLN202508080,2025-08-08,0,0,15,3,21,0,7,3
boydm001,CHN,TOR,TOR202508140,2025-08-14,0,0,21,5,23,1,2,2
boydm001,CHN,MIL,CHN202508191,2025-08-19,1,1,16,3,25,3,6,4
boydm001,CHN,SFN,SFN202508260,2025-08-26,0,0,16,8,24,3,6,5
boydm001,CHN,COL,COL202508310,2025-08-31,0,0,18,5,25,1,6,4
boydm001,CHN,WAS,CHN202509060,2025-09-06,0,1,21,3,26,0,7,2
boydm001,CHN,TBA,CHN202509120,2025-09-12,0,1,15,1,21,2,5,4
boydm001,CHN,PIT,PIT202509170,2025-09-17,0,0,9,5,19,2,7,4
boydm001,CHN,NYN,CHN202509240,2025-09-24,0,1,16,3,20,1,2,2
boylj001,OAK,BOS,OAK202404010,2024-04-01,0,1,8,4,21,4,8,7
boylj001,OAK,DET,DET202404070,2024-04-07,0,0,15,6,20,3,2,0
boylj001,OAK,WAS,OAK202404130,2024-04-13,0,1,15,5,20,1,5,1
boylj001,OAK,CLE,CLE202404190,2024-04-19,0,0,18,3,25,4,5,7
boylj001,OAK,NYA,NYA202404240,2024-04-24,0,0,9,6,17,4,3,2
boylj001,OAK,PIT,OAK202404290,2024-04-29,0,1,15,4,19,4,1,1
boylj001,OAK,MIA,OAK202405050,2024-05-05,0,1,3,1,7,3,1,4
boylj001,OAK,NYN,NYN202408130,2024-08-13,0,0,12,6,23,3,7,4
boylj001,OAK,TBA,OAK202408190,2024-08-19,0,1,18,6,24,3,2,0
boylj001,OAK,MIL,OAK202408240,2024-08-24,0,1,15,8,24,4,5,5
boylj001,TBA,ATL,TBA202504130,2025-04-13,0,1,15,7,18,2,0,0
boylj001,TBA,NYA,NYA202507290,2025-07-29,0,0,10,6,18,3,4,4
boylj001,TBA,LAN,TBA202508030,2025-08-03,0,1,15,2,20,2,3,0
boylj001,TBA,SEA,SEA202508090,2025-08-09,0,0,10,5,19,5,4,6
boylj001,TBA,SFN,SFN202508150,2025-08-15,0,0,6,3,12,2,4,4
boylj001,TBA,SLN,TBA202508210,2025-08-21,0,1,12,5,25,3,9,5
boylj001,TBA,TOR,TBA202509150,2025-09-15,0,1,18,5,21,0,4,0
boylj001,TBA,BOS,TBA202509210,2025-09-21,0,1,13,9,20,4,4,1
boylj001,TBA,TOR,TOR202509270,2025-09-27,0,0,15,5,21,3,5,4
bradc003,TEX,CHN,TEX202403300,2024-03-30,0,1,15,6,18,1,3,2
bradc003,TEX,HOU,TEX202404050,2024-04-05,0,1,23,4,26,0,2,1
bradc003,TEX,OAK,TEX202404100,2024-04-10,0,1,20,7,27,1,5,0
bradc003,TEX,BOS,TEX202408030,2024-08-03,0,1,11,5,16,1,4,3
bradc003,TEX,NYA,NYA202408102,2024-08-10,2,0,15,7,20,0,5,1
bradc003,TEX,MIN,TEX202408150,2024-08-15,0,1,18,2,26,2,6,2
bradc003,TEX,PIT,TEX202408200,2024-08-20,0,1,21,8,26,0,5,3
bradc003,TEX,CLE,CLE202408250,2024-08-25,0,0,18,3,23,2,3,1
bradc003,TEX,OAK,TEX202408310,2024-08-31,0,1,21,8,25,0,4,2
bradc003,TEX,ANA,TEX202409050,2024-09-05,0,1,18,4,22,2,2,1
bradc003,TEX,ARI,ARI202409110,2024-09-11,0,0,11,4,20,0,9,8
bradc003,TEX,TOR,TEX202409180,2024-09-18,0,1,21,6,26,0,5,0
bradc003,TEX,OAK,OAK202409250,2024-09-25,0,0,11,4,21,3,6,1
bradk001,BAL,NYA,BAL202405020,2024-05-02,0,1,14,5,21,2,4,1
bradk001,BAL,WAS,WAS202405080,2024-05-08,0,0,15,9,22,2,4,1
bradk001,BAL,TOR,BAL202405150,2024-05-15,0,1,12,3,18,2,4,2
bradk001,BAL,SLN,SLN202405210,2024-05-21,0,0,15,6,21,1,4,1
bradk001,BAL,CHA,CHA202405260,2024-05-26,0,0,21,11,24,4,0,0
bradk001,BAL,TBA,BAL202406010,2024-06-01,0,1,8,6,19,3,7,5
bradk001,BAL,TBA,TBA202406080,2024-06-08,0,0,18,9,19,0,1,0
bradk001,BAL,PHI,BAL202406140,2024-06-14,0,1,15,4,19,1,3,2
bradk001,BAL,BOS,BAL202508260,2025-08-26,0,1,18,10,21,0,4,2
bradk001,BAL,SDN,SDN202509010,2025-09-01,0,0,12,5,17,2,4,2
bradk001,BAL,PIT,BAL202509090,2025-09-09,0,1,21,6,27,2,4,1
bradk001,BAL,CHA,CHA202509150,2025-09-15,0,0,15,9,21,4,4,1
bradk001,BAL,NYA,BAL202509210,2025-09-21,0,1,18,9,23,2,2,1
bradk001,BAL,NYA,NYA202509280,2025-09-28,0,0,12,8,17,0,5,2
bradt002,TBA,NYA,TBA202405100,2024-05-10,0,1,18,7,24,2,4,1
bradt002,TBA,BOS,BOS202405150,2024-05-15,0,0,15,6,20,1,4,2
bradt002,TBA,BOS,TBA202405200,2024-05-20,0,1,21,10,27,0,6,5
bradt002,TBA,KCA,TBA202405260,2024-05-26,0,1,15,6,19,3,1,0
bradt002,TBA,BAL,BAL202406010,2024-06-01,0,0,10,3,22,3,9,9
bradt002,TBA,BAL,TBA202406080,2024-06-08,0,1,15,7,19,1,3,1
bradt002,TBA,CHN,TBA202406130,2024-06-13,0,1,21,11,27,2,3,0
bradt002,TBA,MIN,MIN202406190,2024-06-19,0,0,18,3,26,2,7,2
bradt002,TBA,SEA,TBA202406240,2024-06-24,0,1,16,8,22,4,2,1
bradt002,TBA,WAS,TBA202406300,2024-06-30,0,1,17,11,22,2,3,0
bradt002,TBA,TEX,TEX202407060,2024-07-06,0,0,18,5,24,2,5,1
bradt002,TBA,CLE,TBA202407120,2024-07-12,0,1,21,8,27,2,5,0
bradt002,TBA,NYA,NYA202407200,2024-07-20,0,0,21,5,23,2,1,0
bradt002,TBA,TOR,TOR202407250,2024-07-25,0,0,18,7,21,1,2,0
bradt002,TBA,MIA,TBA202407310,2024-07-31,0,1,15,6,20,1,4,4
bradt002,TBA,SLN,SLN202408070,2024-08-07,0,0,14,3,26,3,9,5
bradt002,TBA,HOU,TBA202408120,2024-08-12,0,1,13,6,24,2,8,6
bradt002,TBA,OAK,OAK202408190,2024-08-19,0,0,18,2,24,3,5,3
bradt002,TBA,LAN,LAN202408240,2024-08-24,0,0,18,5,25,0,7,5
bradt002,TBA,SDN,TBA202408300,2024-08-30,0,1,7,2,17,2,8,8
bradt002,TBA,MIN,TBA202409050,2024-09-05,0,1,21,10,27,1,6,4
bradt002,TBA,PHI,PHI202409100,2024-09-10,0,0,18,6,26,2,6,3
bradt002,TBA,CLE,CLE202409150,2024-09-15,0,0,13,6,21,3,5,2
bradt002,TBA,TOR,TBA202409210,2024-09-21,0,1,15,4,23,2,6,1
bradt002,TBA,BOS,BOS202409270,2024-09-27,0,0,18,7,22,1,3,0
bradt002,TBA,COL,TBA202503300,2025-03-30,0,1,18,7,23,0,5,2
bradt002,TBA,TEX,TEX202504050,2025-04-05,0,0,15,7,21,4,2,4
bradt002,TBA,ATL,TBA202504110,2025-04-11,0,1,18,7,24,2,5,1
bradt002,TBA,NYA,TBA202504170,2025-04-17,0,1,16,3,27,4,9,6
bradt002,TBA,ARI,ARI202504230,2025-04-23,0,0,18,3,25,2,6,3
bradt002,TBA,KCA,TBA202504290,2025-04-29,0,1,21,2,27,3,5,2
bradt002,TBA,NYA,NYA202505040,2025-05-04,0,0,16,1,22,3,4,2
bradt002,TBA,MIL,TBA202505100,2025-05-10,0,1,18,5,22,1,4,2
bradt002,TBA,MIA,MIA202505160,2025-05-16,0,0,12,6,22,3,6,5
bradt002,TBA,HOU,TBA202505210,2025-05-21,0,1,18,7,23,2,4,2
bradt002,TBA,MIN,TBA202505270,2025-05-27,0,1,21,6,28,1,5,2
bradt002,TBA,HOU,HOU202506010,2025-06-01,0,0,21,10,27,2,3,0
bradt002,TBA,MIA,TBA202506070,2025-06-07,0,1,12,2,19,2,6,7
bradt002,TBA,NYN,NYN202506130,2025-06-13,0,0,12,5,21,4,4,0
bradt002,TBA,BAL,TBA202506180,2025-06-18,0,1,4,2,12,1,6,6
bradt002,TBA,KCA,KCA202506240,2025-06-24,0,0,20,4,23,1,2,0
bradt002,TBA,BAL,BAL202506290,2025-06-29,0,0,16,2,24,1,8,5
bradt002,TBA,MIN,MIN202507050,2025-07-05,0,0,17,5,24,1,6,3
bradt002,TBA,BOS,BOS202507100,2025-07-10,0,0,18,5,23,3,2,1
bradt002,TBA,BAL,TBA202507180,2025-07-18,0,1,18,6,22,1,3,0
bradt002,TBA,CHA,TBA202507230,2025-07-23,0,1,5,0,12,3,4,4
bradt002,MIN,CHA,CHA202508240,2025-08-24,0,0,15,1,24,1,9,7
bradt002,MIN,SDN,MIN202508300,2025-08-30,0,1,15,6,19,3,1,1
bradt002,MIN,CHA,MIN202509040,2025-09-04,0,1,15,7,23,1,8,4
bradt002,MIN,ANA,ANA202509100,2025-09-10,0,0,19,5,24,2,4,3
bradt002,MIN,NYA,MIN202509170,2025-09-17,0,1,12,4,22,3,8,7
bradt002,MIN,TEX,TEX202509240,2025-09-24,0,0,18,9,22,2,2,1
brasr001,LAN,SFN,LAN202404020,2024-04-02,0,1,3,1,4,1,0,0
brasr001,LAN,CLE,LAN202409070,2024-09-07,0,1,3,0,4,0,1,0
brasr001,LAN,COL,LAN202409200,2024-09-20,0,1,3,1,3,0,0,0
brasr001,LAN,COL,COL202409270,2024-09-27,0,0,3,2,5,1,1,1
brasr001,CHN,KCA,CHN202507210,2025-07-21,0,1,3,1,3,0,0,0
brazh001,NYN,MIN,MIN202504160,2025-04-16,0,0,3,1,4,1,0,0
brazh001,NYN,ARI,NYN202504300,2025-04-30,0,1,6,3,7,1,0,0
brazh001,NYN,MIL,NYN202507022,2025-07-02,2,1,3,1,4,1,0,0
brieb001,DET,LAN,DET202407140,2024-07-14,0,1,3,0,6,0,4,2
brieb001,DET,CLE,DET202407290,2024-07-29,0,1,2,1,7,0,5,3
brieb001,DET,SFN,SFN202408090,2024-08-09,0,0,9,5,10,1,0,0
brieb001,DET,SEA,DET202408140,2024-08-14,0,1,4,2,7,1,2,0
brieb001,DET,NYA,DET202408160,2024-08-16,0,1,3,1,6,2,1,1
brieb001,DET,CHN,CHN202408210,2024-08-21,0,0,6,3,7,0,1,0
brieb001,DET,CHA,CHA202408250,2024-08-25,0,0,3,0,6,1,2,2
brieb001,DET,BOS,DET202409010,2024-09-01,0,1,4,1,6,2,0,0
brieb001,DET,OAK,OAK202409080,2024-09-08,0,0,3,2,5,2,0,0
brieb001,DET,BAL,DET202409130,2024-09-13,0,1,4,1,4,0,0,0
brieb001,DET,BAL,DET202409140,2024-09-14,0,1,3,1,4,2,0,0
brieb001,DET,CHA,DET202409280,2024-09-28,0,1,6,1,7,0,1,1
brieb001,DET,CHA,CHA202506030,2025-06-03,0,0,4,2,5,1,0,0
brooa001,OAK,HOU,HOU202405150,2024-05-15,0,0,21,5,28,1,7,3
brooa001,OAK,COL,OAK202405210,2024-05-21,0,1,18,3,27,1,6,3
brooa001,OAK,HOU,OAK202405260,2024-05-26,0,1,13,1,24,3,9,1
brooa001,OAK,ATL,ATL202406010,2024-06-01,0,0,13,1,21,1,7,7
browb006,CHN,SDN,SDN202404090,2024-04-09,0,0,14,5,16,1,3,0
browb006,CHN,ARI,ARI202404150,2024-04-15,0,0,18,4,21,2,1,1
browb006,CHN,BOS,BOS202404270,2024-04-27,0,0,11,4,18,0,7,3
browb006,CHN,NYN,NYN202405020,2024-05-02,0,0,14,5,21,5,3,2
browb006,CHN,ATL,CHN202405230,2024-05-23,0,1,12,6,15,2,1,0
browb006,CHN,MIL,MIL202405280,2024-05-28,0,0,21,10,23,2,0,0
browb006,CHN,CIN,CHN202406020,2024-06-02,0,1,15,6,22,1,6,5
browb006,CHN,CIN,CIN202406080,2024-06-08,0,0,12,3,16,1,3,3
browb006,CHN,ATH,ATH202503310,2025-03-31,0,0,15,5,23,2,6,3
browb006,CHN,SDN,CHN202504060,2025-04-06,0,1,12,5,24,4,7,5
browb006,CHN,LAN,LAN202504120,2025-04-12,0,0,18,5,22,0,5,0
browb006,CHN,ARI,CHN202504190,2025-04-19,0,1,12,6,21,4,3,1
browb006,CHN,PHI,CHN202504260,2025-04-26,0,1,11,5,21,1,9,6
browb006,CHN,MIL,MIL202505020,2025-05-02,0,0,18,4,21,0,4,0
browb006,CHN,SFN,CHN202505070,2025-05-07,0,1,15,9,22,2,6,3
browb006,CHN,MIA,CHN202505130,2025-05-13,0,1,16,6,22,0,5,2
browb006,CHN,MIA,MIA202505190,2025-05-19,0,0,14,8,21,0,7,6
browb006,CHN,CIN,CIN202505250,2025-05-25,0,0,13,4,22,2,7,8
browb006,CHN,DET,DET202506060,2025-06-06,0,0,21,7,28,1,7,2
browb006,CHN,PHI,PHI202506110,2025-06-11,0,0,17,5,28,3,8,6
browb006,CHN,MIL,CHN202506170,2025-06-17,0,1,15,5,24,2,6,2
browb006,CHN,SLN,SLN202506230,2025-06-23,0,0,15,3,25,2,9,8
browb006,CHN,CHA,CHA202507270,2025-07-27,0,0,15,4,17,0,3,1
browh001,HOU,NYA,HOU202403300,2024-03-30,0,1,12,5,18,2,4,0
browh001,HOU,TEX,TEX202404050,2024-04-05,0,0,9,3,21,4,8,5
browh001,HOU,KCA,KCA202404110,2024-04-11,0,0,2,0,14,1,11,9
browh001,HOU,ATL,HOU202404160,2024-04-16,0,1,18,3,23,3,5,2
browh001,HOU,WAS,WAS202404210,2024-04-21,0,0,12,6,17,2,4,3
browh001,HOU,CLE,HOU202404300,2024-04-30,0,1,16,7,22,2,5,6
browh001,HOU,SEA,HOU202405050,2024-05-05,0,1,13,5,22,4,5,2
browh001,HOU,MIL,HOU202405170,2024-05-17,0,1,15,5,21,3,4,4
browh001,HOU,ANA,HOU202405220,2024-05-22,0,1,18,3,23,3,2,2
browh001,HOU,SEA,SEA202405280,2024-05-28,0,0,18,9,22,0,4,1
browh001,HOU,MIN,HOU202406020,2024-06-02,0,1,18,7,23,1,5,3
browh001,HOU,ANA,ANA202406080,2024-06-08,0,0,18,7,25,4,2,0
browh001,HOU,DET,HOU202406140,2024-06-14,0,1,21,9,25,0,5,0
browh001,HOU,CHA,CHA202406190,2024-06-19,0,0,18,6,24,0,7,1
browh001,HOU,COL,HOU202406250,2024-06-25,0,1,18,7,23,3,2,0
browh001,HOU,TOR,TOR202407010,2024-07-01,0,0,18,5,23,3,2,0
browh001,HOU,MIN,MIN202407060,2024-07-06,0,0,18,6,31,1,12,7
browh001,HOU,TEX,HOU202407120,2024-07-12,0,1,18,5,24,2,5,2
browh001,HOU,SEA,SEA202407190,2024-07-19,0,0,18,5,24,3,4,0
browh001,HOU,OAK,OAK202407240,2024-07-24,0,0,18,8,26,1,8,1
browh001,HOU,PIT,HOU202407300,2024-07-30,0,1,17,8,27,2,9,4
browh001,HOU,TEX,TEX202408050,2024-08-05,0,0,18,4,23,2,3,1
browh001,HOU,BOS,BOS202408110,2024-08-11,0,0,16,9,21,2,5,2
browh001,HOU,CHA,HOU202408170,2024-08-17,0,1,21,6,25,2,4,1
browh001,HOU,BAL,BAL202408230,2024-08-23,0,0,18,6,24,2,3,1
browh001,HOU,KCA,HOU202408290,2024-08-29,0,1,20,4,24,2,2,0
browh001,HOU,CIN,CIN202409050,2024-09-05,0,0,18,6,23,1,4,0
browh001,HOU,OAK,HOU202409110,2024-09-11,0,1,15,7,26,1,9,5
browh001,HOU,SDN,SDN202409170,2024-09-17,0,0,18,3,24,1,5,2
browh001,HOU,SEA,HOU202409230,2024-09-23,0,1,18,8,23,3,3,1
browh001,HOU,NYN,HOU202503280,2025-03-28,0,1,18,7,23,3,4,2
browh001,HOU,MIN,MIN202504030,2025-04-03,0,0,18,8,22,0,5,2
browh001,HOU,SEA,SEA202504090,2025-04-09,0,0,18,3,20,0,2,0
browh001,HOU,SLN,SLN202504150,2025-04-15,0,0,18,4,22,2,4,0
browh001,HOU,TOR,HOU202504210,2025-04-21,0,1,21,9,23,1,2,0
browh001,HOU,KCA,KCA202504270,2025-04-27,0,0,18,9,24,1,7,1
browh001,HOU,CHA,CHA202505030,2025-05-03,0,0,18,9,24,3,4,3
browh001,HOU,CIN,HOU202505090,2025-05-09,0,1,17,9,23,4,2,0
browh001,HOU,TEX,TEX202505150,2025-05-15,0,0,24,9,27,0,3,1
browh001,HOU,TBA,TBA202505210,2025-05-21,0,0,15,4,24,2,7,5
browh001,HOU,ATH,HOU202505270,2025-05-27,0,1,18,8,21,0,6,1
browh001,HOU,TBA,HOU202506010,2025-06-01,0,1,18,5,21,4,1,0
browh001,HOU,CLE,CLE202506070,2025-06-07,0,0,16,9,25,5,4,1
browh001,HOU,MIN,HOU202506140,2025-06-14,0,1,21,12,26,1,3,2
browh001,HOU,ANA,ANA202506200,2025-06-20,0,0,15,4,20,2,2,1
browh001,HOU,PHI,HOU202506260,2025-06-26,0,1,21,9,23,0,3,0
browh001,HOU,COL,COL202507020,2025-07-02,0,0,18,8,25,1,6,2
browh001,HOU,CLE,HOU202507080,2025-07-08,0,1,18,3,26,3,6,6
browh001,HOU,TEX,HOU202507130,2025-07-13,0,1,15,8,22,2,5,4
browh001,HOU,SEA,SEA202507200,2025-07-20,0,0,12,7,21,2,6,3
browh001,HOU,ATH,HOU202507260,2025-07-26,0,1,15,5,21,2,4,1
browh001,HOU,BOS,BOS202508010,2025-08-01,0,0,21,6,27,1,4,1
browh001,HOU,NYA,NYA202508080,2025-08-08,0,0,16,5,21,1,4,2
browh001,HOU,BOS,HOU202508130,2025-08-13,0,1,20,4,27,3,6,1
browh001,HOU,DET,DET202508190,2025-08-19,0,0,18,6,23,3,5,0
browh001,HOU,COL,HOU202508260,2025-08-26,0,1,20,7,28,0,6,2
browh001,HOU,ANA,HOU202508310,2025-08-31,0,1,18,5,24,3,3,1
browh001,HOU,TEX,TEX202509060,2025-09-06,0,0,18,8,25,3,4,0
browh001,HOU,ATL,ATL202509130,2025-09-13,0,0,20,2,23,1,4,2
browh001,HOU,SEA,HOU202509190,2025-09-19,0,1,18,9,25,2,5,2
browh001,HOU,ATH,ATH202509240,2025-09-24,0,0,15,5,23,2,6,4
browm007,COL,PIT,PIT202508240,2025-08-24,0,0,11,2,18,3,5,4
browm007,COL,CHN,COL202508300,2025-08-30,0,1,12,3,22,3,5,3
browm007,COL,SDN,COL202509060,2025-09-06,0,1,5,1,13,1,5,6
browm007,COL,SDN,SDN202509110,2025-09-11,0,0,13,4,20,2,5,2
browm007,COL,MIA,COL202509170,2025-09-17,0,1,12,1,20,4,4,3
browm007,COL,SEA,SEA202509230,2025-09-23,0,0,15,10,19,2,2,1
browm007,COL,SFN,SFN202509280,2025-09-28,0,0,9,2,14,2,4,2
brubj001,SFN,SLN,SFN202509240,2025-09-24,0,1,12,4,17,1,4,2
bubik001,KCA,MIL,MIL202503310,2025-03-31,0,0,18,8,24,2,3,0
bubik001,KCA,BAL,KCA202504060,2025-04-06,0,1,20,8,25,1,4,0
bubik001,KCA,CLE,CLE202504110,2025-04-11,0,0,18,5,27,2,6,2
bubik001,KCA,NYA,NYA202504160,2025-04-16,0,0,16,6,27,4,7,3
bubik001,KCA,COL,KCA202504220,2025-04-22,0,1,21,6,24,0,4,0
bubik001,KCA,HOU,KCA202504270,2025-04-27,0,1,15,4,23,3,5,4
bubik001,KCA,BAL,BAL202505030,2025-05-03,0,0,15,3,19,1,4,0
bubik001,KCA,CHA,KCA202505080,2025-05-08,0,1,21,7,25,1,6,0
bubik001,KCA,HOU,HOU202505130,2025-05-13,0,0,19,9,25,1,6,1
bubik001,KCA,SFN,SFN202505190,2025-05-19,0,0,21,5,25,3,2,0
bubik001,KCA,MIN,MIN202505250,2025-05-25,0,0,21,9,24,2,2,1
bubik001,KCA,DET,KCA202506010,2025-06-01,0,1,21,9,26,2,4,1
bubik001,KCA,NYA,KCA202506110,2025-06-11,0,1,13,3,23,4,6,5
bubik001,KCA,TEX,TEX202506180,2025-06-18,0,0,16,6,26,1,9,3
bubik001,KCA,TBA,KCA202506240,2025-06-24,0,1,18,8,26,0,8,2
bubik001,KCA,LAN,KCA202506290,2025-06-29,0,1,15,5,19,2,3,2
bubik001,KCA,ARI,ARI202507040,2025-07-04,0,0,21,6,30,3,7,3
bubik001,KCA,PIT,KCA202507090,2025-07-09,0,1,17,6,24,2,6,3
bubik001,KCA,MIA,MIA202507200,2025-07-20,0,0,15,2,19,1,3,0
bubik001,KCA,CLE,KCA202507262,2025-07-26,2,1,8,1,15,4,3,3
buehw001,LAN,MIA,LAN202405060,2024-05-06,0,1,12,4,18,0,6,3
buehw001,LAN,SDN,SDN202405120,2024-05-12,0,0,10,2,18,2,5,3
buehw001,LAN,CIN,LAN202405180,2024-05-18,0,1,18,7,21,0,3,0
buehw001,LAN,CIN,CIN202405250,2024-05-25,0,0,17,4,21,1,6,3
buehw001,LAN,COL,LAN202405310,2024-05-31,0,1,18,7,27,4,6,3
buehw001,LAN,PIT,PIT202406060,2024-06-06,0,0,9,3,19,1,6,3
buehw001,LAN,TEX,LAN202406120,2024-06-12,0,1,15,2,23,1,7,2
buehw001,LAN,COL,COL202406180,2024-06-18,0,0,12,2,21,1,7,7
buehw001,LAN,MIL,MIL202408140,2024-08-14,0,0,10,3,18,4,4,3
buehw001,LAN,SEA,LAN202408200,2024-08-20,0,1,12,1,21,3,7,3
buehw001,LAN,BAL,LAN202408280,2024-08-28,0,1,14,4,23,1,5,2
buehw001,LAN,ANA,ANA202409030,2024-09-03,0,0,15,6,21,2,5,2
buehw001,LAN,CHN,LAN202409090,2024-09-09,0,1,15,4,23,1,9,5
buehw001,LAN,ATL,ATL202409150,2024-09-15,0,0,18,5,26,5,3,1
buehw001,LAN,COL,LAN202409210,2024-09-21,0,1,16,9,24,1,5,4
buehw001,LAN,SDN,LAN202409260,2024-09-26,0,1,15,1,20,1,5,1
buehw001,BOS,TEX,TEX202503290,2025-03-29,0,0,13,3,21,0,7,4
buehw001,BOS,SLN,BOS202504040,2025-04-04,0,1,15,4,22,1,7,5
buehw001,BOS,TOR,BOS202504100,2025-04-10,0,1,19,7,24,1,4,1
buehw001,BOS,TBA,TBA202504150,2025-04-15,0,0,15,3,21,3,3,2
buehw001,BOS,CHA,BOS202504210,2025-04-21,0,1,21,9,27,3,4,1
buehw001,BOS,CLE,CLE202504262,2025-04-26,2,0,18,3,25,1,7,3
buehw001,BOS,NYN,BOS202505200,2025-05-20,0,1,7,4,11,2,0,0
buehw001,BOS,BAL,BOS202505250,2025-05-25,0,1,15,3,20,2,4,2
buehw001,BOS,ATL,ATL202505310,2025-05-31,0,0,17,6,28,2,10,5
buehw001,BOS,NYA,NYA202506060,2025-06-06,0,0,6,2,17,2,7,5
buehw001,BOS,TBA,BOS202506110,2025-06-11,0,1,21,7,28,1,6,3
buehw001,BOS,SEA,SEA202506170,2025-06-17,0,0,10,2,21,4,8,8
buehw001,BOS,ANA,ANA202506230,2025-06-23,0,0,12,3,24,7,3,5
buehw001,BOS,TOR,BOS202506290,2025-06-29,0,1,12,3,18,3,4,4
buehw001,BOS,WAS,WAS202507050,2025-07-05,0,0,15,2,23,0,8,2
buehw001,BOS,TBA,BOS202507100,2025-07-10,0,1,18,2,25,3,5,3
buehw001,BOS,PHI,PHI202507210,2025-07-21,0,0,21,4,26,1,6,1
buehw001,BOS,LAN,BOS202507270,2025-07-27,0,1,14,4,23,5,4,3
buehw001,BOS,HOU,BOS202508020,2025-08-02,0,1,13,0,23,3,9,3
buehw001,BOS,SDN,SDN202508080,2025-08-08,0,0,18,4,25,2,4,0
buehw001,BOS,HOU,HOU202508130,2025-08-13,0,0,18,3,26,4,4,4
buehw001,BOS,BAL,BOS202508190,2025-08-19,0,1,12,4,20,4,4,2
buehw001,PHI,KCA,PHI202509120,2025-09-12,0,1,15,3,22,1,5,1
buehw001,PHI,MIA,PHI202509250,2025-09-25,0,1,15,2,20,3,3,0
bumma001,ATL,BAL,ATL202507050,2025-07-05,0,1,7,5,11,1,2,3
bumma001,ATL,SLN,SLN202507120,2025-07-12,0,0,6,1,10,0,4,3
burkb001,ANA,TOR,TOR202408220,2024-08-22,0,0,3,1,6,0,3,3
burkb001,ANA,NYN,NYN202507230,2025-07-23,0,0,3,1,4,0,1,1
burks001,CHA,OAK,CHA202409150,2024-09-15,0,1,15,5,22,2,5,2
burks001,CHA,SDN,SDN202409220,2024-09-22,0,0,18,8,21,1,2,1
burks001,CHA,DET,DET202409280,2024-09-28,0,0,15,6,19,3,2,0
burks001,CHA,ANA,CHA202503270,2025-03-27,0,1,18,3,22,0,3,0
burks001,CHA,MIN,CHA202504020,2025-04-02,0,1,13,1,21,0,7,6
burks001,CHA,CLE,CLE202504090,2025-04-09,0,0,9,4,16,4,3,3
burks001,CHA,ATH,CHA202504150,2025-04-15,0,1,10,2,18,2,6,5
burks001,CHA,BOS,BOS202504200,2025-04-20,0,0,15,5,25,3,5,1
burks001,CHA,MIL,CHA202505010,2025-05-01,0,1,18,5,22,3,2,0
burks001,CHA,KCA,KCA202505060,2025-05-06,0,0,19,2,25,3,4,1
burks001,CHA,MIA,CHA202505110,2025-05-11,0,1,12,2,19,5,4,1
burks001,CHA,CHN,CHN202505170,2025-05-17,0,0,14,4,27,5,7,5
burks001,CHA,TEX,CHA202505230,2025-05-23,0,1,18,6,23,3,3,1
burks001,CHA,DET,CHA202506050,2025-06-05,0,1,21,5,27,1,7,2
burks001,CHA,HOU,HOU202506110,2025-06-11,0,0,11,4,20,1,8,7
burks001,CHA,SLN,CHA202506191,2025-06-19,1,1,16,7,22,2,4,1
burks001,CHA,ARI,CHA202506250,2025-06-25,0,1,15,7,21,2,5,0
burks001,CHA,TOR,CHA202507070,2025-07-07,0,1,15,2,24,3,6,6
burks001,CHA,CLE,CHA202507120,2025-07-12,0,1,15,5,20,2,3,2
burks001,CHA,TBA,TBA202507210,2025-07-21,0,0,12,5,20,4,3,0
burks001,CHA,ANA,ANA202508030,2025-08-03,0,0,15,7,22,2,5,3
burks001,CHA,CLE,CHA202508090,2025-08-09,0,1,10,7,18,3,5,2
burks001,CHA,KCA,KCA202508160,2025-08-16,0,0,11,3,17,1,5,2
burks001,CHA,TBA,CHA202509100,2025-09-10,0,1,13,5,20,4,5,3
burks001,CHA,SDN,CHA202509210,2025-09-21,0,1,12,4,17,0,6,2
burnc002,BAL,ANA,BAL202403280,2024-03-28,0,1,18,11,19,0,1,1
burnc002,BAL,KCA,BAL202404030,2024-04-03,0,1,17,3,26,0,9,2
burnc002,BAL,BOS,BOS202404090,2024-04-09,0,0,21,6,25,2,2,1
burnc002,BAL,MIL,BAL202404140,2024-04-14,0,1,15,5,22,2,6,2
burnc002,BAL,KCA,KCA202404200,2024-04-20,0,0,17,4,22,1,4,3
burnc002,BAL,OAK,BAL202404260,2024-04-26,0,1,18,6,23,3,3,1
burnc002,BAL,NYA,BAL202405010,2024-05-01,0,1,18,6,22,1,4,2
burnc002,BAL,WAS,WAS202405070,2024-05-07,0,0,19,6,27,3,5,3
burnc002,BAL,TOR,BAL202405130,2024-05-13,0,1,18,2,24,2,6,1
burnc002,BAL,SEA,BAL202405190,2024-05-19,0,1,18,11,24,1,6,0
burnc002,BAL,CHA,CHA202405240,2024-05-24,0,0,18,6,27,2,7,3
burnc002,BAL,BOS,BAL202405290,2024-05-29,0,1,21,5,27,3,3,0
burnc002,BAL,TOR,TOR202406040,2024-06-04,0,0,21,5,26,1,4,1
burnc002,BAL,TBA,TBA202406100,2024-06-10,0,0,21,6,27,1,5,0
burnc002,BAL,PHI,BAL202406160,2024-06-16,0,1,18,7,27,2,7,2
burnc002,BAL,HOU,HOU202406220,2024-06-22,0,0,21,5,26,0,5,4
burnc002,BAL,TEX,BAL202406270,2024-06-27,0,1,21,5,29,0,9,1
burnc002,BAL,SEA,SEA202407040,2024-07-04,0,0,18,6,22,1,4,2
burnc002,BAL,CHN,BAL202407100,2024-07-10,0,1,18,5,27,0,9,3
burnc002,BAL,TEX,TEX202407190,2024-07-19,0,0,18,6,24,4,2,1
burnc002,BAL,MIA,MIA202407250,2024-07-25,0,0,22,5,29,1,6,3
burnc002,BAL,TOR,BAL202407300,2024-07-30,0,1,20,7,28,3,4,2
burnc002,BAL,CLE,CLE202408040,2024-08-04,0,0,15,4,23,1,7,4
burnc002,BAL,TBA,TBA202408100,2024-08-10,0,0,18,5,23,1,4,3
burnc002,BAL,BOS,BAL202408160,2024-08-16,0,1,12,7,25,3,10,8
burnc002,BAL,HOU,BAL202408220,2024-08-22,0,1,17,2,26,2,8,5
burnc002,BAL,LAN,LAN202408280,2024-08-28,0,0,15,4,22,0,5,1
burnc002,BAL,CHA,BAL202409020,2024-09-02,0,1,15,4,20,1,6,1
burnc002,BAL,TBA,BAL202409080,2024-09-08,0,1,18,3,26,2,7,2
burnc002,BAL,DET,DET202409140,2024-09-14,0,0,21,7,23,1,2,0
burnc002,BAL,DET,BAL202409200,2024-09-20,0,1,21,8,26,3,3,0
burnc002,BAL,NYA,NYA202409260,2024-09-26,0,0,15,9,17,1,2,1
burnc002,ARI,NYA,NYA202504010,2025-04-01,0,0,13,8,21,3,4,2
burnc002,ARI,WAS,WAS202504060,2025-04-06,0,0,15,3,26,4,7,4
burnc002,ARI,MIL,ARI202504120,2025-04-12,0,1,18,3,22,2,4,3
burnc002,ARI,CHN,CHN202504180,2025-04-18,0,0,18,3,23,0,6,2
burnc002,ARI,TBA,ARI202504240,2025-04-24,0,1,16,8,22,3,3,1
burnc002,ARI,NYN,NYN202504300,2025-04-30,0,0,18,3,26,5,4,1
burnc002,ARI,LAN,ARI202505100,2025-05-10,0,1,21,5,27,2,5,0
burnc002,ARI,COL,ARI202505160,2025-05-16,0,1,18,10,23,3,2,0
burnc002,ARI,LAN,LAN202505210,2025-05-21,0,0,21,8,26,1,4,3
burnc002,ARI,PIT,ARI202505270,2025-05-27,0,1,21,6,30,2,6,2
burnc002,ARI,WAS,ARI202506010,2025-06-01,0,1,14,6,19,1,4,1
burnc003,CIN,NYA,CIN202506240,2025-06-24,0,1,15,8,21,0,6,3
burnc003,CIN,BOS,BOS202506300,2025-06-30,0,0,1,0,9,2,5,5
burnc003,CIN,PHI,PHI202507060,2025-07-06,0,0,14,7,19,4,2,1
burnc003,CIN,COL,CIN202507110,2025-07-11,0,1,18,10,25,3,4,2
burnc003,CIN,WAS,WAS202507220,2025-07-22,0,0,17,10,26,2,7,5
burnc003,CIN,LAN,CIN202507280,2025-07-28,0,1,17,10,26,1,6,3
burnc003,CIN,ATL,CIN202508020,2025-08-02,0,1,3,2,3,0,0,0
burnc003,CIN,PIT,PIT202508080,2025-08-08,0,0,18,10,22,1,3,1
burrm001,PIT,MIL,PIT202505220,2025-05-22,0,1,15,3,20,2,4,4
burrm001,PIT,ARI,ARI202505270,2025-05-27,0,0,10,2,19,2,5,4
burrm001,PIT,HOU,PIT202506040,2025-06-04,0,1,16,6,20,0,5,0
burrm001,PIT,MIA,PIT202506090,2025-06-09,0,1,13,6,20,3,5,2
burrm001,PIT,CHN,CHN202506140,2025-06-14,0,0,16,8,21,0,5,1
burrm001,PIT,TEX,PIT202506200,2025-06-20,0,1,14,4,23,1,7,4
burrm001,PIT,NYN,PIT202506290,2025-06-29,0,1,13,5,17,1,4,1
burrm001,PIT,SEA,SEA202507050,2025-07-05,0,0,15,6,22,4,3,0
burrm001,PIT,MIN,MIN202507120,2025-07-12,0,0,4,1,13,3,5,6
burrm001,PIT,CHA,PIT202507190,2025-07-19,0,1,15,6,20,2,3,2
burrm001,PIT,ARI,PIT202507250,2025-07-25,0,1,18,5,21,1,3,0
burrm001,PIT,SFN,SFN202507300,2025-07-30,0,0,18,7,22,1,3,1
burrm001,PIT,SFN,PIT202508050,2025-08-05,0,1,14,3,21,3,5,6
burrm001,PIT,CIN,PIT202508100,2025-08-10,0,1,15,6,20,1,3,4
burrm001,PIT,CHN,CHN202508160,2025-08-16,0,0,15,4,20,2,5,1
burrm001,PIT,COL,PIT202508230,2025-08-23,0,1,12,5,15,1,2,0
burrm001,PIT,BAL,BAL202509090,2025-09-09,0,0,12,6,15,1,2,1
burrm001,PIT,WAS,WAS202509140,2025-09-14,0,0,13,6,18,1,5,3
burrm001,PIT,ATH,PIT202509210,2025-09-21,0,1,12,3,17,0,5,0
burrr002,TOR,ANA,TOR202408220,2024-08-22,0,1,3,2,6,1,2,0
burrr002,TOR,NYN,TOR202409090,2024-09-09,0,1,6,3,7,0,0,0
burrr002,TOR,TBA,TBA202409220,2024-09-22,0,0,4,3,5,0,1,0
burrr002,TOR,MIA,TOR202409290,2024-09-29,0,1,3,1,6,0,3,2
bushk001,CHA,OAK,OAK202408050,2024-08-05,0,0,12,3,20,5,2,3
bushk001,CHA,NYA,CHA202408120,2024-08-12,0,1,14,2,26,7,6,2
bushk001,CHA,HOU,HOU202408180,2024-08-18,0,0,18,5,24,3,4,1
bushk001,CHA,DET,CHA202408240,2024-08-24,0,1,9,1,17,1,8,5
buttj001,NYN,DET,NYN202404042,2024-04-04,2,1,18,6,23,3,3,1
buttj001,NYN,KCA,NYN202404140,2024-04-14,0,1,18,9,21,1,2,0
buttj001,NYN,LAN,LAN202404200,2024-04-20,0,0,13,6,22,5,3,2
buttj001,NYN,SLN,NYN202404260,2024-04-26,0,1,17,4,24,3,4,4
buttj001,NYN,CHN,NYN202405010,2024-05-01,0,1,18,6,23,2,4,1
buttj001,NYN,SLN,SLN202405070,2024-05-07,0,0,15,3,22,3,5,3
buttj001,NYN,PHI,NYN202405140,2024-05-14,0,1,15,4,21,4,1,2
cabre003,MIA,SFN,MIA202404150,2024-04-15,0,1,18,10,22,1,5,1
cabre003,MIA,CHN,CHN202404210,2024-04-21,0,0,15,7,25,3,7,3
cabre003,MIA,WAS,MIA202404270,2024-04-27,0,1,13,4,20,2,4,5
cabre003,MIA,COL,MIA202405020,2024-05-02,0,1,12,9,18,4,3,4
cabre003,MIA,LAN,LAN202405070,2024-05-07,0,0,6,1,12,4,1,4
cabre003,MIA,CHA,MIA202407070,2024-07-07,0,1,11,4,17,1,4,2
cabre003,MIA,CIN,CIN202407130,2024-07-13,0,0,10,7,17,0,6,7
cabre003,MIA,NYN,MIA202407190,2024-07-19,0,1,14,1,22,5,5,1
cabre003,MIA,BAL,MIA202407240,2024-07-24,0,1,16,6,23,4,3,3
cabre003,MIA,TBA,TBA202407300,2024-07-30,0,0,15,7,20,2,3,2
cabre003,MIA,ATL,ATL202408040,2024-08-04,0,0,15,8,19,2,3,0
cabre003,MIA,SDN,MIA202408090,2024-08-09,0,1,21,4,27,3,4,0
cabre003,MIA,PHI,PHI202408140,2024-08-14,0,0,12,2,20,4,6,6
cabre003,MIA,ARI,MIA202408200,2024-08-20,0,1,18,3,24,3,4,3
cabre003,MIA,COL,COL202408260,2024-08-26,0,0,16,8,23,2,6,3
cabre003,MIA,SFN,SFN202408310,2024-08-31,0,0,16,3,24,2,6,1
cabre003,MIA,PHI,MIA202409080,2024-09-08,0,1,21,6,24,1,3,0
cabre003,MIA,WAS,WAS202409130,2024-09-13,0,0,18,9,22,1,1,0
cabre003,MIA,LAN,MIA202409190,2024-09-19,0,1,7,3,17,5,4,7
cabre003,MIA,MIN,MIN202409250,2024-09-25,0,0,15,5,22,1,4,1
cabre003,MIA,WAS,MIA202504110,2025-04-11,0,1,17,5,24,3,4,2
cabre003,MIA,ARI,MIA202504170,2025-04-17,0,1,12,6,21,3,4,5
cabre003,MIA,CIN,MIA202504220,2025-04-22,0,1,15,7,22,2,5,3
cabre003,MIA,LAN,LAN202504280,2025-04-28,0,0,12,2,23,3,9,5
cabre003,MIA,ATH,MIA202505040,2025-05-04,0,1,17,4,23,1,7,2
cabre003,MIA,CHA,CHA202505100,2025-05-10,0,0,15,2,18,1,3,1
cabre003,MIA,CHN,MIA202505190,2025-05-19,0,1,15,7,21,1,5,3
cabre003,MIA,ANA,ANA202505250,2025-05-25,0,0,17,10,21,2,3,0
cabre003,MIA,SFN,MIA202505310,2025-05-31,0,1,17,5,24,3,6,0
cabre003,MIA,TBA,TBA202506060,2025-06-06,0,0,12,5,21,2,6,1
cabre003,MIA,WAS,WAS202506130,2025-06-13,0,0,9,5,14,2,2,2
cabre003,MIA,PHI,MIA202506190,2025-06-19,0,1,19,5,22,3,2,1
cabre003,MIA,SFN,SFN202506250,2025-06-25,0,0,16,6,22,3,3,2
cabre003,MIA,MIN,MIA202507010,2025-07-01,0,1,21,6,24,1,2,0
cabre003,MIA,MIL,MIA202507060,2025-07-06,0,1,21,5,27,0,5,2
cabre003,MIA,BAL,BAL202507110,2025-07-11,0,0,12,6,20,0,8,4
cabre003,MIA,SDN,MIA202507220,2025-07-22,0,1,17,6,23,0,5,1
cabre003,MIA,SLN,SLN202507280,2025-07-28,0,0,18,4,25,3,4,1
cabre003,MIA,NYA,MIA202508030,2025-08-03,0,1,18,7,21,1,2,1
cabre003,MIA,ATL,ATL202508080,2025-08-08,0,0,24,11,27,1,2,1
cabre003,MIA,CLE,CLE202508140,2025-08-14,0,0,16,6,27,3,7,5
cabre003,MIA,SLN,MIA202508190,2025-08-19,0,1,13,6,26,1,11,4
cabre003,MIA,ATL,MIA202508250,2025-08-25,0,1,21,10,25,2,1,0
cabre003,MIA,NYN,NYN202508300,2025-08-30,0,0,12,4,22,1,8,5
cabre003,MIA,PHI,PHI202509230,2025-09-23,0,0,12,3,17,1,5,3
cabre003,MIA,NYN,MIA202509280,2025-09-28,0,1,15,7,21,5,2,0
camen001,KCA,TBA,TBA202504300,2025-04-30,0,0,19,3,25,5,1,0
camen001,KCA,SLN,KCA202505170,2025-05-17,0,1,19,3,21,0,2,1
camen001,KCA,MIN,MIN202505230,2025-05-23,0,0,20,8,25,1,4,1
camen001,KCA,CIN,KCA202505280,2025-05-28,0,1,19,2,27,2,6,1
camen001,KCA,SLN,SLN202506051,2025-06-05,1,0,18,3,21,2,2,0
camen001,KCA,NYA,KCA202506100,2025-06-10,0,1,17,6,25,1,7,6
camen001,KCA,ATH,KCA202506150,2025-06-15,0,1,15,7,19,1,4,0
camen001,KCA,SDN,SDN202506210,2025-06-21,0,0,16,2,22,3,5,2
camen001,KCA,LAN,KCA202506270,2025-06-27,0,1,12,4,19,3,3,5
camen001,KCA,SEA,SEA202507020,2025-07-02,0,0,14,5,19,1,4,0
camen001,KCA,PIT,KCA202507070,2025-07-07,0,1,21,7,25,1,3,2
camen001,KCA,NYN,KCA202507130,2025-07-13,0,1,20,8,27,2,7,0
camen001,KCA,CHN,CHN202507210,2025-07-21,0,0,18,7,25,0,7,4
camen001,KCA,CLE,KCA202507270,2025-07-27,0,1,15,6,20,1,3,0
camen001,KCA,TOR,TOR202508020,2025-08-02,0,0,19,1,27,1,6,4
camen001,KCA,MIN,MIN202508090,2025-08-09,0,0,17,4,25,2,6,0
camen001,KCA,CHA,KCA202508150,2025-08-15,0,1,16,2,23,2,6,1
camen001,KCA,TEX,KCA202508200,2025-08-20,0,1,14,5,20,3,3,2
camen001,KCA,CHA,CHA202508250,2025-08-25,0,0,15,0,23,0,8,6
camen001,KCA,ANA,KCA202509040,2025-09-04,0,1,15,5,22,5,5,3
camen001,KCA,CLE,CLE202509090,2025-09-09,0,0,21,8,26,0,6,2
camen001,KCA,PHI,PHI202509140,2025-09-14,0,0,21,7,24,1,4,2
camen001,KCA,TOR,KCA202509200,2025-09-20,0,1,20,5,24,2,3,1
camen001,KCA,ATH,ATH202509260,2025-09-26,0,0,14,6,22,4,4,3
canng001,ANA,BAL,BAL202403300,2024-03-30,0,0,15,2,23,1,7,5
canng001,ANA,BOS,ANA202404050,2024-04-05,0,1,14,4,23,3,5,4
canng001,ANA,BOS,BOS202404130,2024-04-13,0,0,12,6,20,0,9,6
canng001,ANA,TBA,TBA202404180,2024-04-18,0,0,16,4,22,1,4,2
canng001,ANA,BAL,ANA202404230,2024-04-23,0,1,15,4,22,2,5,3
canng001,ANA,PHI,ANA202404290,2024-04-29,0,1,15,1,22,5,3,4
canng001,ANA,CLE,CLE202405050,2024-05-05,0,0,18,5,23,1,4,2
canng001,ANA,KCA,ANA202405100,2024-05-10,0,1,17,3,22,2,3,0
canng001,ANA,SLN,ANA202405150,2024-05-15,0,1,18,5,25,3,5,1
canng001,ANA,HOU,HOU202405210,2024-05-21,0,0,15,2,21,3,5,2
canng001,ANA,NYA,ANA202405280,2024-05-28,0,1,15,5,26,2,9,3
canng001,ANA,SEA,SEA202406020,2024-06-02,0,0,20,4,26,1,4,1
canng001,ANA,HOU,ANA202406070,2024-06-07,0,1,19,2,28,2,7,3
canng001,ANA,ARI,ARI202406130,2024-06-13,0,0,18,3,24,1,4,4
canng001,ANA,MIL,ANA202406180,2024-06-18,0,1,15,4,24,2,8,4
canng001,ANA,OAK,ANA202406240,2024-06-24,0,1,21,5,25,1,5,1
canng001,ANA,DET,ANA202406290,2024-06-29,0,1,18,4,28,2,6,4
canng001,ANA,CHN,CHN202407050,2024-07-05,0,0,13,4,21,2,6,4
canng001,ANA,TEX,ANA202407100,2024-07-10,0,1,13,3,21,2,7,2
canng001,ANA,OAK,OAK202407190,2024-07-19,0,0,10,3,18,2,6,6
canng001,ANA,SEA,SEA202407240,2024-07-24,0,0,15,6,21,3,4,1
canng001,ANA,COL,ANA202407300,2024-07-30,0,1,18,6,26,2,6,6
canng001,ANA,NYN,ANA202408040,2024-08-04,0,1,15,8,22,4,3,1
canng001,ANA,WAS,WAS202408100,2024-08-10,0,0,21,0,25,0,8,4
canng001,ANA,ATL,ANA202408170,2024-08-17,0,1,13,3,21,1,8,7
canng001,ANA,DET,DET202408280,2024-08-28,0,0,15,4,22,4,5,3
canng001,ANA,LAN,ANA202409040,2024-09-04,0,1,20,7,26,4,4,1
canng001,ANA,MIN,MIN202409100,2024-09-10,0,0,17,4,29,3,9,9
canng001,ANA,CHA,ANA202409170,2024-09-17,0,1,18,6,21,2,3,0
canng001,ANA,HOU,HOU202409220,2024-09-22,0,0,13,3,22,3,6,4
canng001,ANA,TEX,ANA202409280,2024-09-28,0,1,15,4,20,2,4,2
canng001,NYN,HOU,HOU202503290,2025-03-29,0,0,17,4,21,2,4,2
canng001,NYN,TOR,NYN202504050,2025-04-05,0,1,12,6,19,3,4,1
canng001,NYN,ATH,ATH202504110,2025-04-11,0,0,16,3,25,3,7,4
canng001,NYN,SLN,NYN202504170,2025-04-17,0,1,18,8,23,2,3,1
canng001,NYN,PHI,NYN202504220,2025-04-22,0,1,15,5,23,1,7,1
canng001,NYN,WAS,WAS202504280,2025-04-28,0,0,15,5,21,3,4,0
canng001,NYN,ARI,ARI202505050,2025-05-05,0,0,15,6,21,1,6,1
canng001,NYN,CHN,NYN202505110,2025-05-11,0,1,18,5,21,1,2,1
canng001,NYN,NYA,NYA202505170,2025-05-17,0,0,16,4,24,1,7,2
canng001,NYN,LAN,NYN202505230,2025-05-23,0,1,8,1,12,4,1,3
canng001,NYN,CHA,NYN202505280,2025-05-28,0,1,9,3,19,4,4,3
canng001,NYN,LAN,LAN202506040,2025-06-04,0,0,18,7,22,1,3,0
canng001,NYN,WAS,NYN202506100,2025-06-10,0,1,16,4,23,2,7,4
canng001,NYN,TBA,NYN202506150,2025-06-15,0,1,13,2,21,5,4,6
canng001,NYN,PHI,PHI202506210,2025-06-21,0,0,15,4,24,2,6,3
canng001,NYN,ATL,NYN202506260,2025-06-26,0,1,8,3,9,0,1,0
cannj001,CHA,KCA,CHA202404171,2024-04-17,1,1,15,3,19,1,3,1
cannj001,CHA,MIN,MIN202404220,2024-04-22,0,0,11,5,20,1,9,6
cannj001,CHA,TBA,CHA202404270,2024-04-27,0,1,15,5,24,2,8,4
cannj001,CHA,SEA,SEA202406120,2024-06-12,0,0,21,7,25,1,4,1
cannj001,CHA,HOU,CHA202406180,2024-06-18,0,1,26,4,33,1,7,0
cannj001,CHA,DET,DET202406230,2024-06-23,0,0,3,1,11,0,7,5
cannj001,CHA,COL,CHA202406290,2024-06-29,0,1,17,3,21,1,3,3
cannj001,CHA,MIA,MIA202407070,2024-07-07,0,0,18,3,25,4,3,1
cannj001,CHA,KCA,KCA202407200,2024-07-20,0,0,18,4,24,0,8,4
cannj001,CHA,TEX,TEX202407250,2024-07-25,0,0,18,1,25,2,8,2
cannj001,CHA,KCA,CHA202407300,2024-07-30,0,1,21,2,25,3,1,1
cannj001,CHA,OAK,OAK202408060,2024-08-06,0,0,18,5,26,2,6,1
cannj001,CHA,NYA,CHA202408130,2024-08-13,0,1,14,4,23,3,5,3
cannj001,CHA,SFN,SFN202408190,2024-08-19,0,0,18,4,26,1,8,5
cannj001,CHA,DET,CHA202408250,2024-08-25,0,1,12,4,24,4,8,5
cannj001,CHA,NYN,CHA202408300,2024-08-30,0,1,15,3,23,4,5,4
cannj001,CHA,BAL,BAL202409040,2024-09-04,0,0,17,4,20,1,5,1
cannj001,CHA,CLE,CHA202409100,2024-09-10,0,1,16,4,22,1,7,3
cannj001,CHA,ANA,ANA202409160,2024-09-16,0,0,20,7,25,2,3,4
cannj001,CHA,ANA,CHA202409240,2024-09-24,0,1,18,7,21,1,3,0
cannj001,CHA,DET,DET202409290,2024-09-29,0,0,15,3,21,3,4,4
cannj001,CHA,ANA,CHA202503290,2025-03-29,0,1,15,5,20,3,4,0
cannj001,CHA,DET,DET202504040,2025-04-04,0,0,11,3,19,3,3,3
cannj001,CHA,CLE,CLE202504100,2025-04-10,0,0,16,6,27,3,7,6
cannj001,CHA,ATH,CHA202504160,2025-04-16,0,1,13,4,18,2,3,0
cannj001,CHA,BOS,BOS202504210,2025-04-21,0,0,18,4,27,4,6,4
cannj001,CHA,HOU,CHA202505020,2025-05-02,0,1,18,5,27,0,9,2
cannj001,CHA,KCA,KCA202505070,2025-05-07,0,0,18,1,26,0,9,2
cannj001,CHA,CHN,CHN202505180,2025-05-18,0,0,15,3,20,0,4,3
cannj001,CHA,NYN,NYN202505270,2025-05-27,0,0,17,4,28,1,9,5
cannj001,CHA,DET,CHA202506020,2025-06-02,0,1,9,5,16,3,4,5
cannj001,CHA,SFN,CHA202506290,2025-06-29,0,1,9,4,14,3,3,1
cannj001,CHA,COL,COL202507050,2025-07-05,0,0,16,1,25,2,8,2
cannj001,CHA,CLE,CHA202507112,2025-07-11,2,1,15,5,22,3,3,2
cannj001,CHA,PIT,PIT202507180,2025-07-18,0,0,21,2,26,0,5,1
cannj001,CHA,TBA,TBA202507230,2025-07-23,0,0,13,9,22,1,7,5
cannj001,CHA,PHI,CHA202507290,2025-07-29,0,1,18,3,26,2,7,6
cannj001,CHA,SEA,SEA202508060,2025-08-06,0,0,5,1,13,3,4,7
cantj002,CLE,PHI,PHI202407280,2024-07-28,0,0,10,3,18,3,4,3
cantj002,CLE,BAL,CLE202408030,2024-08-03,0,1,12,4,18,0,6,3
cantj002,CLE,MIN,MIN202408091,2024-08-09,1,0,17,2,22,3,5,3
cantj002,CLE,NYA,NYA202408210,2024-08-21,0,0,12,5,20,3,6,7
cantj002,CLE,CHA,CHA202409090,2024-09-09,0,0,21,10,23,0,2,1
cantj002,CLE,TBA,CLE202409140,2024-09-14,0,1,15,6,18,1,3,0
cantj002,CLE,MIN,CLE202409190,2024-09-19,0,1,13,6,19,3,3,1
cantj002,CLE,HOU,CLE202409270,2024-09-27,0,1,11,7,20,2,6,3
cantj002,CLE,CHN,CHN202507030,2025-07-03,0,0,10,5,15,3,2,0
cantj002,CLE,HOU,HOU202507080,2025-07-08,0,0,12,7,20,3,5,3
cantj002,CLE,CHA,CHA202507130,2025-07-13,0,0,16,6,23,0,7,4
cantj002,CLE,BAL,CLE202507220,2025-07-22,0,1,15,5,19,4,2,1
cantj002,CLE,KCA,KCA202507270,2025-07-27,0,0,12,4,19,4,3,3
cantj002,CLE,MIN,CLE202508030,2025-08-03,0,1,17,9,25,2,6,4
cantj002,CLE,CHA,CHA202508090,2025-08-09,0,0,17,3,24,2,4,1
cantj002,CLE,ATL,CLE202508150,2025-08-15,0,1,15,5,21,4,4,1
cantj002,CLE,BOS,BOS202509030,2025-09-03,0,0,18,7,25,2,5,1
cantj002,CLE,KCA,CLE202509090,2025-09-09,0,1,24,5,27,0,4,0
cantj002,CLE,DET,DET202509160,2025-09-16,0,0,15,3,21,2,4,1
cantj002,CLE,MIN,MIN202509210,2025-09-21,0,0,13,5,19,2,4,1
cantj002,CLE,TEX,CLE202509270,2025-09-27,0,1,17,8,20,0,3,2
carrc003,CLE,OAK,OAK202403310,2024-03-31,0,0,15,3,21,1,6,3
carrc003,CLE,MIN,MIN202404060,2024-04-06,0,0,9,6,13,3,1,1
carrc003,CLE,NYA,CLE202404131,2024-04-13,1,1,14,2,21,5,5,1
carrc003,CLE,BOS,BOS202404180,2024-04-18,0,0,17,5,26,3,4,2
carrc003,CLE,BOS,CLE202404240,2024-04-24,0,1,15,4,25,1,9,5
carrc003,CLE,HOU,HOU202404300,2024-04-30,0,0,12,3,20,2,6,8
carrc003,CLE,ANA,CLE202405050,2024-05-05,0,1,18,3,23,2,6,1
carrc003,CLE,CHA,CHA202405100,2024-05-10,0,0,21,5,29,0,6,3
carrc003,CLE,TEX,TEX202405150,2024-05-15,0,0,15,3,20,1,5,2
carrc003,CLE,WAS,CLE202406020,2024-06-02,0,1,12,5,20,1,7,5
carrc003,CLE,MIA,MIA202406090,2024-06-09,0,0,14,3,18,0,4,2
carrc003,CLE,TOR,TOR202406150,2024-06-15,0,0,15,2,24,2,6,5
carrc003,CLE,TOR,CLE202406210,2024-06-21,0,1,18,7,21,0,4,1
carrc003,CLE,BAL,BAL202406260,2024-06-26,0,0,15,3,21,2,6,2
carrc003,CLE,CHA,CLE202407020,2024-07-02,0,1,18,7,22,1,4,3
carrc003,CLE,SFN,CLE202407070,2024-07-07,0,1,15,4,21,1,6,3
carrc003,CLE,TBA,TBA202407120,2024-07-12,0,0,15,3,22,1,6,1
carrc003,CLE,DET,CLE202407220,2024-07-22,0,1,16,6,24,0,9,6
carrc003,CLE,PHI,PHI202407270,2024-07-27,0,0,11,5,18,1,6,6
carrc003,CLE,BAL,CLE202408020,2024-08-02,0,1,13,5,18,4,1,1
carrc003,CLE,ARI,CLE202408072,2024-08-07,2,1,13,5,20,2,5,4
carrc003,NYA,ARI,NYA202504030,2025-04-03,0,1,16,5,22,2,5,3
carrc003,NYA,DET,DET202504080,2025-04-08,0,0,13,3,19,1,6,4
carrc003,NYA,KCA,NYA202504140,2025-04-14,0,1,15,4,18,2,1,1
carrc003,NYA,TBA,TBA202504190,2025-04-19,0,0,12,1,20,2,6,4
carrc003,NYA,TOR,NYA202504250,2025-04-25,0,1,15,2,19,2,3,0
carrc003,NYA,BAL,BAL202504300,2025-04-30,0,0,10,5,18,0,8,4
carrc003,ATL,CIN,CIN202507310,2025-07-31,0,0,18,5,27,2,7,3
carrc003,ATL,MIA,ATL202508070,2025-08-07,0,1,17,2,28,2,9,6
carrc003,ATL,NYN,NYN202508130,2025-08-13,0,0,6,2,15,3,6,6
caspb001,LAN,CHN,CHN202504230,2025-04-23,0,0,8,4,9,0,1,0
caspb001,LAN,SDN,SDN202506110,2025-06-11,0,0,12,2,16,2,3,1
caspb001,LAN,HOU,LAN202507040,2025-07-04,0,1,9,3,18,0,9,6
castl003,SEA,BOS,SEA202403280,2024-03-28,0,1,15,5,23,2,6,4
castl003,SEA,CLE,SEA202404020,2024-04-02,0,1,17,7,27,1,10,4
castl003,SEA,TOR,TOR202404080,2024-04-08,0,0,15,6,25,1,9,4
castl003,SEA,CHN,SEA202404140,2024-04-14,0,1,18,9,24,0,7,2
castl003,SEA,COL,COL202404200,2024-04-20,0,0,21,9,24,1,2,0
castl003,SEA,TEX,TEX202404250,2024-04-25,0,0,18,6,23,2,4,2
castl003,SEA,ATL,SEA202404300,2024-04-30,0,1,21,7,25,1,3,0
castl003,SEA,MIN,MIN202405060,2024-05-06,0,0,20,7,26,3,2,2
castl003,SEA,OAK,SEA202405120,2024-05-12,0,1,18,8,24,0,7,2
castl003,SEA,BAL,BAL202405180,2024-05-18,0,0,18,2,25,4,4,2
castl003,SEA,NYA,NYA202405230,2024-05-23,0,0,15,3,24,3,7,2
castl003,SEA,HOU,SEA202405280,2024-05-28,0,1,18,6,24,1,5,2
castl003,SEA,ANA,SEA202406020,2024-06-02,0,1,21,6,26,3,2,0
castl003,SEA,KCA,KCA202406080,2024-06-08,0,0,15,4,22,1,6,5
castl003,SEA,TEX,SEA202406140,2024-06-14,0,1,18,7,23,1,4,2
castl003,SEA,CLE,CLE202406200,2024-06-20,0,0,15,4,23,2,8,5
castl003,SEA,TBA,TBA202406250,2024-06-25,0,0,16,4,24,4,5,4
castl003,SEA,MIN,SEA202406300,2024-06-30,0,1,15,3,21,0,6,3
castl003,SEA,TOR,SEA202407050,2024-07-05,0,1,20,8,23,2,2,1
castl003,SEA,ANA,ANA202407110,2024-07-11,0,0,18,5,23,2,4,0
castl003,SEA,HOU,SEA202407190,2024-07-19,0,1,21,3,28,1,6,3
castl003,SEA,ANA,SEA202407240,2024-07-24,0,1,18,7,24,2,5,0
castl003,SEA,BOS,BOS202407300,2024-07-30,0,0,18,4,26,1,6,3
castl003,SEA,DET,SEA202408060,2024-08-06,0,1,18,9,26,0,8,3
castl003,SEA,NYN,SEA202408110,2024-08-11,0,1,18,9,25,2,4,1
castl003,SEA,PIT,PIT202408170,2024-08-17,0,0,16,6,23,3,5,4
castl003,SEA,SFN,SEA202408230,2024-08-23,0,1,18,9,24,0,6,5
castl003,SEA,TBA,SEA202408280,2024-08-28,0,1,17,4,24,2,6,2
castl003,SEA,OAK,OAK202409030,2024-09-03,0,0,21,5,25,1,4,2
castl003,SEA,SLN,SLN202409080,2024-09-08,0,0,9,3,15,1,5,2
castl003,SEA,ATH,SEA202503280,2025-03-28,0,1,15,4,21,2,3,2
castl003,SEA,DET,SEA202504020,2025-04-02,0,1,21,5,28,2,5,2
castl003,SEA,HOU,SEA202504080,2025-04-08,0,1,15,6,21,2,5,0
castl003,SEA,CIN,CIN202504150,2025-04-15,0,0,13,3,24,4,7,6
castl003,SEA,TOR,TOR202504200,2025-04-20,0,0,15,5,27,2,10,3
castl003,SEA,MIA,SEA202504260,2025-04-26,0,1,18,5,21,2,1,0
castl003,SEA,TEX,TEX202505030,2025-05-03,0,0,18,2,23,2,4,1
castl003,SEA,TOR,SEA202505090,2025-05-09,0,1,15,3,24,2,7,5
castl003,SEA,NYA,SEA202505140,2025-05-14,0,1,18,6,25,2,6,1
castl003,SEA,CHA,CHA202505190,2025-05-19,0,0,21,5,24,0,3,0
castl003,SEA,HOU,HOU202505250,2025-05-25,0,0,18,6,27,1,9,3
castl003,SEA,MIN,SEA202506010,2025-06-01,0,1,18,5,23,2,4,0
castl003,SEA,ANA,ANA202506070,2025-06-07,0,0,15,5,24,0,8,4
castl003,SEA,CLE,SEA202506130,2025-06-13,0,1,18,7,23,3,3,2
castl003,SEA,BOS,SEA202506180,2025-06-18,0,1,18,5,24,2,3,3
castl003,SEA,MIN,MIN202506240,2025-06-24,0,0,15,3,22,2,7,5
castl003,SEA,TEX,TEX202506290,2025-06-29,0,0,18,4,26,2,7,1
castl003,SEA,PIT,SEA202507050,2025-07-05,0,1,21,8,23,0,2,0
castl003,SEA,DET,DET202507110,2025-07-11,0,0,15,6,22,2,6,3
castl003,SEA,HOU,SEA202507180,2025-07-18,0,1,20,7,25,2,3,0
castl003,SEA,MIL,SEA202507230,2025-07-23,0,1,15,7,26,0,10,3
castl003,SEA,ATH,ATH202507280,2025-07-28,0,0,21,4,26,0,5,1
castl003,SEA,TEX,SEA202508020,2025-08-02,0,1,13,4,19,1,4,2
castl003,SEA,TBA,SEA202508080,2025-08-08,0,1,21,5,25,0,5,2
castl003,SEA,NYN,NYN202508150,2025-08-15,0,0,12,5,22,1,9,6
castl003,SEA,PHI,PHI202508200,2025-08-20,0,0,12,2,22,2,10,3
castl003,SEA,SDN,SEA202508260,2025-08-26,0,1,15,6,23,3,5,5
castl003,SEA,TBA,TBA202509010,2025-09-01,0,0,12,5,18,1,6,5
castl003,SEA,ATL,ATL202509070,2025-09-07,0,0,18,6,20,0,4,1
castl003,SEA,ANA,SEA202509120,2025-09-12,0,1,18,5,23,2,3,1
castl003,SEA,KCA,KCA202509180,2025-09-18,0,0,18,3,21,0,3,0
castl003,SEA,COL,SEA202509240,2025-09-24,0,1,22,10,23,0,1,1
castl004,SEA,SFN,SFN202504040,2025-04-04,0,0,9,2,18,2,6,3
castl004,SEA,HOU,SEA202504090,2025-04-09,0,1,12,3,23,5,6,3
cavac001,WAS,ATH,WAS202508060,2025-08-06,0,1,13,6,19,1,3,0
cavac001,WAS,KCA,KCA202508110,2025-08-11,0,0,15,3,24,3,7,4
cavac001,WAS,PHI,WAS202508160,2025-08-16,0,1,21,5,26,0,7,0
cavac001,WAS,PHI,PHI202508220,2025-08-22,0,0,18,4,28,2,7,3
cavac001,WAS,NYA,NYA202508270,2025-08-27,0,0,7,4,18,1,8,7
cavac001,WAS,MIA,WAS202509020,2025-09-02,0,1,15,6,20,1,4,2
cavac001,WAS,MIA,MIA202509080,2025-09-08,0,0,15,1,21,1,6,2
cavac001,WAS,PIT,WAS202509140,2025-09-14,0,1,15,2,21,4,3,3
cavac001,WAS,NYN,NYN202509200,2025-09-20,0,0,15,3,21,1,5,0
cavac001,WAS,CHA,WAS202509260,2025-09-26,0,1,12,6,21,1,7,2
ceasd001,SDN,SFN,SDN202403300,2024-03-30,0,1,14,6,19,2,2,2
ceasd001,SDN,SFN,SFN202404050,2024-04-05,0,0,18,7,24,2,4,2
ceasd001,SDN,CHN,SDN202404100,2024-04-10,0,1,18,7,23,2,2,0
ceasd001,SDN,MIL,MIL202404160,2024-04-16,0,0,18,7,24,5,2,1
ceasd001,SDN,COL,COL202404220,2024-04-22,0,0,21,8,22,0,1,1
ceasd001,SDN,PHI,SDN202404270,2024-04-27,0,1,18,5,27,3,6,5
ceasd001,SDN,ARI,ARI202405030,2024-05-03,0,0,20,8,22,0,3,1
ceasd001,SDN,CHN,CHN202405080,2024-05-08,0,0,21,12,24,2,1,0
ceasd001,SDN,COL,SDN202405140,2024-05-14,0,1,17,8,23,1,5,3
ceasd001,SDN,ATL,ATL202405201,2024-05-20,1,0,12,5,25,3,9,5
ceasd001,SDN,NYA,SDN202405250,2024-05-25,0,1,20,9,28,0,8,4
ceasd001,SDN,KCA,KCA202405310,2024-05-31,0,0,16,5,21,1,5,3
ceasd001,SDN,ANA,ANA202406050,2024-06-05,0,0,18,6,23,1,4,3
ceasd001,SDN,OAK,SDN202406100,2024-06-10,0,1,18,8,28,1,8,1
ceasd001,SDN,NYN,NYN202406160,2024-06-16,0,0,11,5,21,3,7,7
ceasd001,SDN,MIL,SDN202406210,2024-06-21,0,1,14,10,22,2,6,4
ceasd001,SDN,WAS,SDN202406260,2024-06-26,0,1,21,9,23,2,1,0
ceasd001,SDN,TEX,TEX202407020,2024-07-02,0,0,11,5,20,2,8,6
ceasd001,SDN,ARI,SDN202407070,2024-07-07,0,1,21,8,26,1,5,3
ceasd001,SDN,ATL,SDN202407130,2024-07-13,0,1,18,11,22,3,1,0
ceasd001,SDN,CLE,CLE202407200,2024-07-20,0,0,21,10,22,1,1,0
ceasd001,SDN,WAS,WAS202407250,2024-07-25,0,0,27,9,28,3,0,0
ceasd001,SDN,LAN,SDN202407310,2024-07-31,0,1,17,6,22,3,3,1
ceasd001,SDN,PIT,PIT202408060,2024-08-06,0,0,3,2,4,0,1,0
ceasd001,SDN,MIA,MIA202408110,2024-08-11,0,0,15,5,24,2,6,2
ceasd001,SDN,COL,COL202408170,2024-08-17,0,0,17,5,24,5,3,3
ceasd001,SDN,NYN,SDN202408220,2024-08-22,0,1,19,7,28,1,9,2
ceasd001,SDN,SLN,SLN202408270,2024-08-27,0,0,13,4,24,4,7,4
ceasd001,SDN,TBA,TBA202409010,2024-09-01,0,0,15,4,20,3,2,3
ceasd001,SDN,SFN,SDN202409070,2024-09-07,0,1,18,4,25,2,6,4
ceasd001,SDN,SFN,SFN202409130,2024-09-13,0,0,18,10,23,2,4,0
ceasd001,SDN,HOU,SDN202409180,2024-09-18,0,1,25,5,28,0,2,0
ceasd001,SDN,LAN,LAN202409250,2024-09-25,0,0,15,4,23,3,5,3
ceasd001,SDN,ATL,SDN202503280,2025-03-28,0,1,13,7,19,2,4,3
ceasd001,SDN,CLE,SDN202504020,2025-04-02,0,1,19,7,24,1,4,1
ceasd001,SDN,ATH,ATH202504080,2025-04-08,0,0,12,4,23,3,9,9
ceasd001,SDN,CHN,SDN202504140,2025-04-14,0,1,17,6,25,1,7,2
ceasd001,SDN,HOU,HOU202504200,2025-04-20,0,0,15,6,22,1,6,2
ceasd001,SDN,TBA,SDN202504260,2025-04-26,0,1,13,6,23,4,6,2
ceasd001,SDN,PIT,PIT202505020,2025-05-02,0,0,12,3,18,3,3,2
ceasd001,SDN,NYA,NYA202505070,2025-05-07,0,0,20,9,24,2,1,1
ceasd001,SDN,ANA,SDN202505130,2025-05-13,0,1,20,10,25,1,5,2
ceasd001,SDN,TOR,TOR202505200,2025-05-20,0,0,21,6,24,1,3,3
ceasd001,SDN,ATL,ATL202505250,2025-05-25,0,0,15,8,20,1,6,3
ceasd001,SDN,PIT,SDN202505310,2025-05-31,0,1,14,6,22,1,7,3
ceasd001,SDN,SFN,SFN202506050,2025-06-05,0,0,15,7,23,3,5,3
ceasd001,SDN,LAN,SDN202506100,2025-06-10,0,1,21,11,29,5,3,0
ceasd001,SDN,LAN,LAN202506160,2025-06-16,0,0,15,9,25,1,8,6
ceasd001,SDN,KCA,SDN202506210,2025-06-21,0,1,20,4,27,3,3,1
ceasd001,SDN,CIN,CIN202506270,2025-06-27,0,0,12,8,20,3,5,3
ceasd001,SDN,PHI,PHI202507022,2025-07-02,2,0,18,4,26,0,8,4
ceasd001,SDN,ARI,SDN202507090,2025-07-09,0,1,18,8,26,3,5,6
ceasd001,SDN,WAS,WAS202507180,2025-07-18,0,0,16,10,19,0,4,0
ceasd001,SDN,MIA,MIA202507230,2025-07-23,0,0,15,5,23,3,4,2
ceasd001,SDN,NYN,SDN202507280,2025-07-28,0,1,14,9,24,5,5,5
ceasd001,SDN,SLN,SDN202508030,2025-08-03,0,1,15,9,18,1,1,0
ceasd001,SDN,BOS,SDN202508100,2025-08-10,0,1,18,7,22,2,4,2
ceasd001,SDN,LAN,LAN202508160,2025-08-16,0,0,10,2,19,6,2,3
ceasd001,SDN,SFN,SDN202508210,2025-08-21,0,1,15,7,22,2,6,4
ceasd001,SDN,SEA,SEA202508260,2025-08-26,0,0,13,5,20,3,4,4
ceasd001,SDN,BAL,SDN202509010,2025-09-01,0,1,12,7,18,2,5,2
ceasd001,SDN,COL,COL202509070,2025-09-07,0,0,15,5,20,2,4,1
ceasd001,SDN,COL,SDN202509130,2025-09-13,0,1,18,6,24,1,5,1
ceasd001,SDN,CHA,CHA202509190,2025-09-19,0,0,18,6,25,3,4,4
ceasd001,SDN,MIL,SDN202509240,2025-09-24,0,1,15,8,23,2,6,1
ceccs001,ARI,SFN,SFN202404210,2024-04-21,0,0,18,3,21,0,2,2
ceccs001,ARI,SEA,SEA202404270,2024-04-27,0,0,18,8,22,1,3,1
ceccs001,ARI,SDN,ARI202405030,2024-05-03,0,1,13,4,20,2,5,6
ceccs001,ARI,CIN,CIN202405090,2024-05-09,0,0,16,2,21,3,3,1
ceccs001,ARI,CIN,ARI202405140,2024-05-14,0,1,17,3,25,1,7,6
ceccs001,ARI,NYN,NYN202406010,2024-06-01,0,0,14,4,18,0,5,1
ceccs001,ARI,SDN,SDN202406060,2024-06-06,0,0,13,3,21,1,7,3
ceccs001,ARI,ANA,ARI202406120,2024-06-12,0,1,9,4,18,0,10,7
ceccs001,ARI,WAS,WAS202406180,2024-06-18,0,0,18,6,20,0,3,0
ceccs001,ARI,PHI,PHI202406230,2024-06-23,0,0,9,2,14,0,5,1
ceccs001,ARI,OAK,ARI202406280,2024-06-28,0,1,12,7,19,2,5,3
ceccs001,ARI,SDN,SDN202407050,2024-07-05,0,0,14,2,23,1,8,5
ceccs001,ARI,ATL,ARI202407100,2024-07-10,0,1,12,3,18,2,4,3
ceccs001,CLE,CIN,CIN202505170,2025-05-17,0,0,15,8,20,0,5,3
ceccs001,CLE,DET,DET202505230,2025-05-23,0,0,18,6,25,2,5,1
ceccs001,CLE,ANA,CLE202505310,2025-05-31,0,1,13,3,22,3,7,5
ceccs001,CLE,NYA,NYA202506050,2025-06-05,0,0,15,3,22,2,5,2
ceccs001,CLE,CIN,CLE202506100,2025-06-10,0,1,15,8,20,1,4,1
ceccs001,CLE,SFN,SFN202506170,2025-06-17,0,0,15,6,23,3,4,2
ceccs001,CLE,ATH,ATH202506220,2025-06-22,0,0,21,3,26,1,6,0
ceccs001,CLE,SLN,CLE202506280,2025-06-28,0,1,14,5,21,2,5,3
ceccs001,CLE,DET,CLE202507040,2025-07-04,0,1,18,5,26,2,6,2
ceccs001,CLE,HOU,HOU202507090,2025-07-09,0,0,21,9,27,2,5,2
ceccs001,CLE,ATH,CLE202507180,2025-07-18,0,1,25,2,33,0,8,6
ceccs001,CLE,BAL,CLE202507230,2025-07-23,0,1,18,2,22,2,5,2
ceccs001,CLE,COL,CLE202507280,2025-07-28,0,1,21,3,28,2,6,3
ceccs001,CLE,NYN,NYN202508040,2025-08-04,0,0,18,6,25,1,4,2
ceccs001,CLE,CHA,CHA202508100,2025-08-10,0,0,9,4,18,1,8,5
ceccs001,CLE,ATL,CLE202508160,2025-08-16,0,1,14,3,27,2,10,6
ceccs001,CLE,TEX,TEX202508220,2025-08-22,0,0,18,3,22,0,4,2
ceccs001,CLE,TBA,CLE202508270,2025-08-27,0,1,18,4,23,0,6,3
ceccs001,CLE,BOS,BOS202509020,2025-09-02,0,0,16,8,26,0,11,7
ceccs001,CLE,KCA,CLE202509080,2025-09-08,0,1,24,3,27,3,1,0
ceccs001,CLE,CHA,CLE202509140,2025-09-14,0,1,17,4,21,1,3,2
ceccs001,CLE,MIN,MIN202509201,2025-09-20,1,0,21,8,23,1,2,0
ceccs001,CLE,TEX,CLE202509260,2025-09-26,0,1,12,3,18,1,5,4
chanb001,PIT,MIL,PIT202509070,2025-09-07,0,1,8,3,19,3,9,9
chanb001,PIT,WAS,WAS202509130,2025-09-13,0,0,18,7,20,0,2,1
chanb001,PIT,ATH,PIT202509200,2025-09-20,0,1,15,6,17,0,1,0
chanb001,PIT,ATL,ATL202509270,2025-09-27,0,0,17,6,21,0,4,1
chiry001,MIA,SLN,MIA202406190,2024-06-19,0,1,15,6,23,0,8,2
chiry001,MIA,KCA,KCA202406250,2024-06-25,0,0,15,5,20,3,3,1
chiry001,MIA,PHI,PHI202406300,2024-06-30,0,0,13,4,24,1,9,3
chiry001,MIA,CHA,MIA202407060,2024-07-06,0,1,15,5,21,1,6,3
chiry001,MIA,CIN,CIN202407120,2024-07-12,0,0,17,1,29,4,8,7
chiry001,MIA,NYN,MIA202407220,2024-07-22,0,1,15,4,27,4,9,5
civaa001,TBA,TOR,TBA202403290,2024-03-29,0,1,18,6,22,1,4,1
civaa001,TBA,TEX,TBA202404030,2024-04-03,0,1,18,8,23,2,4,1
civaa001,TBA,ANA,ANA202404090,2024-04-09,0,0,15,4,21,1,4,2
civaa001,TBA,ANA,TBA202404160,2024-04-16,0,1,18,8,23,0,5,3
civaa001,TBA,NYA,NYA202404210,2024-04-21,0,0,14,5,27,5,8,5
civaa001,TBA,CHA,CHA202404270,2024-04-27,0,0,13,3,22,0,8,6
civaa001,TBA,NYN,TBA202405030,2024-05-03,0,1,14,5,21,1,6,7
civaa001,TBA,CHA,TBA202405080,2024-05-08,0,1,14,4,20,2,5,2
civaa001,TBA,BOS,BOS202405140,2024-05-14,0,0,15,6,20,0,5,3
civaa001,TBA,TOR,TOR202405190,2024-05-19,0,0,16,3,25,4,6,4
civaa001,TBA,KCA,TBA202405250,2024-05-25,0,1,15,5,20,1,4,2
civaa001,TBA,BAL,BAL202405310,2024-05-31,0,0,16,3,23,1,6,1
civaa001,TBA,BAL,TBA202406070,2024-06-07,0,1,15,8,24,1,7,4
civaa001,TBA,CHN,TBA202406120,2024-06-12,0,1,17,6,24,1,5,1
civaa001,TBA,MIN,MIN202406180,2024-06-18,0,0,11,5,20,2,7,4
civaa001,TBA,PIT,PIT202406230,2024-06-23,0,0,15,3,18,1,3,1
civaa001,TBA,WAS,TBA202406290,2024-06-29,0,1,17,2,25,4,6,2
civaa001,MIL,LAN,LAN202407050,2024-07-05,0,0,15,8,23,3,5,4
civaa001,MIL,PIT,MIL202407110,2024-07-11,0,1,19,6,28,2,6,1
civaa001,MIL,MIN,MIN202407210,2024-07-21,0,0,13,4,21,4,3,3
civaa001,MIL,MIA,MIL202407270,2024-07-27,0,1,16,3,22,0,7,2
civaa001,MIL,WAS,WAS202408030,2024-08-03,0,0,12,3,20,1,7,5
civaa001,MIL,CIN,MIL202408090,2024-08-09,0,1,19,5,24,2,5,2
civaa001,MIL,CLE,MIL202408160,2024-08-16,0,1,18,4,24,1,4,0
civaa001,MIL,OAK,OAK202408230,2024-08-23,0,0,12,3,20,4,4,3
civaa001,MIL,SFN,MIL202408290,2024-08-29,0,1,21,7,25,2,2,0
civaa001,MIL,SLN,MIL202409030,2024-09-03,0,1,15,7,21,0,6,3
civaa001,MIL,SFN,SFN202409100,2024-09-10,0,0,16,2,20,1,3,2
civaa001,MIL,PHI,MIL202409160,2024-09-16,0,1,15,6,20,1,7,1
civaa001,MIL,ARI,MIL202409210,2024-09-21,0,1,13,2,20,3,3,3
civaa001,MIL,PIT,PIT202409260,2024-09-26,0,0,18,5,23,1,3,0
civaa001,MIL,NYA,NYA202503300,2025-03-30,0,0,9,2,14,1,4,5
civaa001,MIL,PIT,PIT202505220,2025-05-22,0,0,12,3,18,2,4,2
civaa001,MIL,BOS,MIL202505270,2025-05-27,0,1,15,4,18,1,3,1
civaa001,MIL,CIN,CIN202506020,2025-06-02,0,0,16,5,23,1,7,2
civaa001,MIL,ATL,MIL202506090,2025-06-09,0,1,14,5,21,2,5,2
civaa001,CHA,TEX,TEX202506150,2025-06-15,0,0,15,4,24,4,6,2
civaa001,CHA,TOR,TOR202506210,2025-06-21,0,0,21,2,31,1,9,5
civaa001,CHA,SFN,CHA202506270,2025-06-27,0,1,12,4,19,4,3,1
civaa001,CHA,LAN,LAN202507030,2025-07-03,0,0,15,4,23,2,5,2
civaa001,CHA,TOR,CHA202507080,2025-07-08,0,1,12,0,22,2,7,5
civaa001,CHA,CLE,CHA202507130,2025-07-13,0,1,17,3,22,2,3,4
civaa001,CHA,PIT,PIT202507200,2025-07-20,0,0,18,6,21,1,3,0
civaa001,CHA,CHN,CHA202507260,2025-07-26,0,1,15,6,18,0,3,0
civaa001,CHA,ANA,ANA202508020,2025-08-02,0,0,19,8,22,2,1,0
civaa001,CHA,CLE,CHA202508080,2025-08-08,0,1,10,6,20,2,8,9
civaa001,CHA,KCA,KCA202508150,2025-08-15,0,0,18,3,25,1,8,3
civaa001,CHA,MIN,CHA202508220,2025-08-22,0,1,15,5,24,4,5,4
civaa001,CHA,KCA,CHA202508270,2025-08-27,0,1,14,4,20,1,5,5
clevm001,CHA,TBA,TBA202405060,2024-05-06,0,0,6,0,16,4,6,3
clevm001,CHA,CLE,CHA202405110,2024-05-11,0,1,14,5,18,0,4,1
clevm001,CHA,NYA,NYA202405170,2024-05-17,0,0,14,5,21,2,5,3
clevm001,CHA,BAL,CHA202405230,2024-05-23,0,1,14,5,23,3,7,5
cobba001,CLE,MIN,MIN202408092,2024-08-09,2,0,14,1,21,1,9,4
cobba001,CLE,CHN,CLE202408140,2024-08-14,0,1,17,3,21,2,3,1
cobba001,CLE,PIT,CLE202409010,2024-09-01,0,1,18,6,20,0,2,0
coleg001,NYA,BAL,NYA202406190,2024-06-19,0,1,12,5,16,1,3,2
coleg001,NYA,NYN,NYN202406250,2024-06-25,0,0,12,0,21,4,7,6
coleg001,NYA,TOR,TOR202406300,2024-06-30,0,0,15,6,20,1,3,1
coleg001,NYA,BOS,NYA202407060,2024-07-06,0,1,13,8,22,2,7,4
coleg001,NYA,BAL,BAL202407120,2024-07-12,0,0,18,7,24,1,5,1
coleg001,NYA,TBA,NYA202407190,2024-07-19,0,1,18,8,25,1,6,1
coleg001,NYA,NYN,NYA202407240,2024-07-24,0,1,17,4,27,2,8,6
coleg001,NYA,TOR,NYA202408040,2024-08-04,0,1,17,4,23,0,6,2
coleg001,NYA,TEX,NYA202408102,2024-08-10,2,1,16,10,23,2,6,1
coleg001,NYA,DET,DET202408160,2024-08-16,0,0,18,8,23,2,4,0
coleg001,NYA,CLE,NYA202408220,2024-08-22,0,1,18,2,23,5,1,0
coleg001,NYA,WAS,WAS202408270,2024-08-27,0,0,15,7,23,1,6,3
coleg001,NYA,TEX,TEX202409020,2024-09-02,0,0,18,9,23,1,4,1
coleg001,NYA,CHN,CHN202409080,2024-09-08,0,0,18,7,23,1,3,0
coleg001,NYA,BOS,NYA202409140,2024-09-14,0,1,13,2,22,3,5,7
coleg001,NYA,OAK,OAK202409200,2024-09-20,0,0,27,7,29,1,2,1
coleg001,NYA,BAL,NYA202409260,2024-09-26,0,1,20,5,23,1,2,0
contr001,ANA,OAK,ANA202406260,2024-06-26,0,1,9,2,14,2,4,1
contr001,ANA,OAK,OAK202407040,2024-07-04,0,0,8,1,14,3,3,2
contr001,ANA,TEX,ANA202407090,2024-07-09,0,1,6,1,12,1,5,4
corbp001,WAS,CIN,CIN202403300,2024-03-30,0,0,13,2,18,1,7,4
corbp001,WAS,PHI,WAS202404050,2024-04-05,0,1,18,6,30,3,9,4
corbp001,WAS,SFN,SFN202404100,2024-04-10,0,0,17,2,27,0,11,7
corbp001,WAS,LAN,LAN202404160,2024-04-16,0,0,19,5,30,4,9,5
corbp001,WAS,LAN,WAS202404230,2024-04-23,0,1,16,3,21,3,3,0
corbp001,WAS,MIA,MIA202404280,2024-04-28,0,0,12,4,22,2,8,4
corbp001,WAS,TOR,WAS202405030,2024-05-03,0,1,18,3,26,2,6,3
corbp001,WAS,BOS,BOS202405100,2024-05-10,0,0,15,4,22,1,7,1
corbp001,WAS,CHA,CHA202405150,2024-05-15,0,0,17,0,23,2,6,2
corbp001,WAS,MIN,WAS202405210,2024-05-21,0,1,18,3,29,3,9,8
corbp001,WAS,SEA,WAS202405260,2024-05-26,0,1,18,4,24,2,4,3
corbp001,WAS,CLE,CLE202405310,2024-05-31,0,0,18,5,26,3,6,2
corbp001,WAS,NYN,WAS202406050,2024-06-05,0,1,16,3,22,1,7,6
corbp001,WAS,DET,DET202406130,2024-06-13,0,0,16,4,22,2,4,1
corbp001,WAS,ARI,WAS202406190,2024-06-19,0,1,15,7,21,3,3,1
corbp001,WAS,SDN,SDN202406240,2024-06-24,0,0,21,5,25,0,5,3
corbp001,WAS,TBA,TBA202406300,2024-06-30,0,0,18,5,26,1,8,4
corbp001,WAS,SLN,WAS202407050,2024-07-05,0,1,15,3,22,2,6,3
corbp001,WAS,NYN,NYN202407100,2024-07-10,0,0,15,5,23,1,8,4
corbp001,WAS,CIN,WAS202407190,2024-07-19,0,1,18,6,22,0,3,1
corbp001,WAS,SDN,WAS202407250,2024-07-25,0,1,21,7,27,3,4,3
corbp001,WAS,ARI,ARI202407300,2024-07-30,0,0,9,3,22,0,13,10
corbp001,WAS,SFN,WAS202408050,2024-08-05,0,1,18,6,25,1,7,4
corbp001,WAS,ANA,WAS202408100,2024-08-10,0,1,12,2,22,3,8,4
corbp001,WAS,PHI,PHI202408160,2024-08-16,0,0,13,2,21,2,7,2
corbp001,WAS,COL,WAS202408220,2024-08-22,0,1,18,8,22,1,4,1
corbp001,WAS,NYA,WAS202408270,2024-08-27,0,1,18,6,22,2,2,0
corbp001,WAS,MIA,MIA202409030,2024-09-03,0,0,17,8,26,3,7,2
corbp001,WAS,PIT,PIT202409080,2024-09-08,0,0,18,5,29,0,10,7
corbp001,WAS,MIA,WAS202409140,2024-09-14,0,1,18,6,22,1,3,1
corbp001,WAS,CHN,CHN202409190,2024-09-19,0,0,13,4,22,1,8,5
corbp001,WAS,KCA,WAS202409260,2024-09-26,0,1,16,3,23,1,6,4
corbp001,TEX,CHN,CHN202504080,2025-04-08,0,0,12,0,19,2,5,3
corbp001,TEX,ANA,TEX202504160,2025-04-16,0,1,16,6,20,1,5,1
corbp001,TEX,ATH,ATH202504220,2025-04-22,0,0,15,4,24,2,7,2
corbp001,TEX,ATH,TEX202504280,2025-04-28,0,1,14,5,21,1,7,2
corbp001,TEX,SEA,TEX202505030,2025-05-03,0,1,17,2,23,2,5,1
corbp001,TEX,DET,DET202505090,2025-05-09,0,0,21,3,27,4,3,2
corbp001,TEX,COL,TEX202505140,2025-05-14,0,1,18,9,23,1,4,3
corbp001,TEX,NYA,NYA202505200,2025-05-20,0,0,15,3,20,2,5,3
corbp001,TEX,CHA,CHA202505250,2025-05-25,0,0,16,6,22,1,5,3
corbp001,TEX,SLN,TEX202505310,2025-05-31,0,1,16,3,21,2,3,2
corbp001,TEX,WAS,WAS202506060,2025-06-06,0,0,24,2,29,0,5,2
corbp001,TEX,MIN,MIN202506120,2025-06-12,0,0,15,6,24,3,6,3
corbp001,TEX,KCA,TEX202506180,2025-06-18,0,1,15,4,22,2,6,4
corbp001,TEX,BAL,BAL202506230,2025-06-23,0,0,15,6,24,0,9,5
corbp001,TEX,BAL,TEX202506300,2025-06-30,0,1,18,6,27,1,8,3
corbp001,TEX,SDN,SDN202507050,2025-07-05,0,0,18,3,25,1,6,2
corbp001,TEX,ANA,ANA202507100,2025-07-10,0,0,15,6,22,2,7,2
corbp001,TEX,DET,TEX202507180,2025-07-18,0,1,17,6,21,2,3,0
corbp001,TEX,ATH,TEX202507230,2025-07-23,0,1,17,7,22,0,5,1
corbp001,TEX,ANA,ANA202507290,2025-07-29,0,0,15,6,21,3,3,2
corbp001,TEX,NYA,TEX202508040,2025-08-04,0,1,9,3,18,3,6,3
corbp001,TEX,PHI,TEX202508100,2025-08-10,0,1,13,1,19,3,4,3
corbp001,TEX,TOR,TOR202508160,2025-08-16,0,0,7,2,15,2,8,7
corbp001,TEX,KCA,KCA202508210,2025-08-21,0,0,11,2,19,2,7,4
corbp001,TEX,ANA,TEX202508260,2025-08-26,0,1,24,8,27,1,3,0
corbp001,TEX,ARI,ARI202509010,2025-09-01,0,0,17,5,23,1,5,5
corbp001,TEX,HOU,TEX202509070,2025-09-07,0,1,17,5,21,1,3,1
corbp001,TEX,NYN,NYN202509130,2025-09-13,0,0,13,5,21,2,6,0
corbp001,TEX,MIN,TEX202509230,2025-09-23,0,1,11,2,18,2,5,2
corbp001,TEX,CLE,CLE202509280,2025-09-28,0,0,12,5,19,2,4,3
cortn001,NYA,HOU,HOU202403280,2024-03-28,0,0,15,5,22,2,5,4
cortn001,NYA,ARI,ARI202404020,2024-04-02,0,0,15,2,24,2,8,3
cortn001,NYA,MIA,NYA202404080,2024-04-08,0,1,24,6,26,0,2,0
cortn001,NYA,CLE,CLE202404140,2024-04-14,0,0,12,6,20,1,5,4
cortn001,NYA,TBA,NYA202404200,2024-04-20,0,1,21,9,26,0,6,0
cortn001,NYA,OAK,NYA202404250,2024-04-25,0,1,21,4,26,0,5,3
cortn001,NYA,BAL,BAL202404300,2024-04-30,0,0,18,5,28,2,8,4
cortn001,NYA,DET,NYA202405050,2024-05-05,0,1,19,9,23,1,3,2
cortn001,NYA,TBA,TBA202405110,2024-05-11,0,0,16,5,23,3,5,4
cortn001,NYA,CHA,NYA202405170,2024-05-17,0,1,21,6,27,1,5,0
cortn001,NYA,SEA,NYA202405220,2024-05-22,0,1,15,6,19,3,3,0
cortn001,NYA,ANA,ANA202405280,2024-05-28,0,0,16,4,20,0,5,2
cortn001,NYA,SFN,SFN202406020,2024-06-02,0,0,13,7,20,0,7,3
cortn001,NYA,LAN,NYA202406080,2024-06-08,0,1,16,4,22,1,7,4
cortn001,NYA,KCA,KCA202406130,2024-06-13,0,0,21,2,27,2,6,2
cortn001,NYA,BAL,NYA202406180,2024-06-18,0,1,18,6,23,0,5,0
cortn001,NYA,ATL,NYA202406230,2024-06-23,0,1,21,7,27,0,5,3
cortn001,NYA,TOR,TOR202406290,2024-06-29,0,0,13,5,20,1,7,3
cortn001,NYA,BOS,NYA202407050,2024-07-05,0,1,18,8,22,1,3,1
cortn001,NYA,TBA,TBA202407110,2024-07-11,0,0,13,4,23,2,7,5
cortn001,NYA,TBA,NYA202407200,2024-07-20,0,1,13,1,22,2,8,6
cortn001,NYA,BOS,BOS202407260,2024-07-26,0,0,14,5,26,2,9,4
cortn001,NYA,PHI,PHI202407310,2024-07-31,0,0,16,6,21,2,3,3
cortn001,NYA,ANA,NYA202408080,2024-08-08,0,1,14,2,22,1,9,6
cortn001,NYA,CHA,CHA202408130,2024-08-13,0,0,21,9,24,0,3,0
cortn001,NYA,CLE,NYA202408210,2024-08-21,0,1,21,4,23,0,3,0
cortn001,NYA,WAS,WAS202408260,2024-08-26,0,0,20,5,25,2,4,1
cortn001,NYA,SLN,NYA202409010,2024-09-01,0,1,12,2,21,1,9,5
cortn001,NYA,BOS,NYA202409120,2024-09-12,0,1,15,9,20,3,3,1
cortn001,NYA,SEA,SEA202409180,2024-09-18,0,0,18,6,24,3,4,0
cortn001,MIL,NYA,NYA202503290,2025-03-29,0,0,6,2,17,5,6,8
cortn001,MIL,CIN,MIL202504030,2025-04-03,0,1,18,6,21,2,1,0
cortn001,SDN,ARI,ARI202508060,2025-08-06,0,0,14,3,20,3,3,2
cortn001,SDN,SFN,SFN202508120,2025-08-12,0,0,14,6,21,1,6,1
cortn001,SDN,SFN,SDN202508180,2025-08-18,0,1,17,5,27,4,7,4
cortn001,SDN,LAN,SDN202508230,2025-08-23,0,1,18,3,19,0,1,0
cortn001,SDN,MIN,MIN202508290,2025-08-29,0,0,9,2,15,2,5,3
cortn001,SDN,BAL,SDN202509030,2025-09-03,0,1,7,2,17,3,7,6
could001,MIN,MIL,MIN202506220,2025-06-22,0,1,3,2,5,0,2,1
cox-a001,ATL,CIN,CIN202508020,2025-08-02,0,0,1,1,4,0,3,1
crawk001,BOS,SEA,SEA202403300,2024-03-30,0,0,18,7,22,1,3,0
crawk001,BOS,ANA,ANA202404050,2024-04-05,0,0,14,5,20,3,2,1
crawk001,BOS,BAL,BOS202404100,2024-04-10,0,1,15,6,22,4,2,0
crawk001,BOS,CLE,BOS202404150,2024-04-15,0,1,17,6,19,0,2,0
crawk001,BOS,PIT,PIT202404200,2024-04-20,0,0,18,6,27,3,7,1
crawk001,BOS,CHN,BOS202404260,2024-04-26,0,1,18,4,28,0,10,3
crawk001,BOS,SFN,BOS202405010,2024-05-01,0,1,21,6,27,2,4,2
crawk001,BOS,ATL,ATL202405070,2024-05-07,0,0,18,6,24,2,5,2
crawk001,BOS,TBA,BOS202405130,2024-05-13,0,1,18,6,26,1,7,4
crawk001,BOS,SLN,SLN202405180,2024-05-18,0,0,17,5,24,2,6,1
crawk001,BOS,MIL,BOS202405240,2024-05-24,0,1,13,4,22,2,7,6
crawk001,BOS,BAL,BAL202405290,2024-05-29,0,0,18,5,25,2,4,5
crawk001,BOS,ATL,BOS202406040,2024-06-04,0,1,18,5,25,2,5,4
crawk001,BOS,PHI,BOS202406110,2024-06-11,0,1,18,8,26,1,6,2
crawk001,BOS,NYA,BOS202406160,2024-06-16,0,1,18,9,21,1,3,3
crawk001,BOS,CIN,CIN202406210,2024-06-21,0,0,19,7,27,2,5,3
crawk001,BOS,TOR,BOS202406260,2024-06-26,0,1,4,2,6,2,0,0
crawk001,BOS,MIA,MIA202407020,2024-07-02,0,0,18,7,21,0,3,1
crawk001,BOS,NYA,NYA202407070,2024-07-07,0,0,21,4,23,0,4,0
crawk001,BOS,KCA,BOS202407130,2024-07-13,0,1,21,4,26,1,3,0
crawk001,BOS,LAN,LAN202407210,2024-07-21,0,0,15,2,22,0,7,6
crawk001,BOS,NYA,BOS202407270,2024-07-27,0,1,14,5,23,0,8,5
crawk001,BOS,TEX,TEX202408020,2024-08-02,0,0,16,5,23,1,6,5
crawk001,BOS,KCA,KCA202408070,2024-08-07,0,0,11,3,20,4,5,6
crawk001,BOS,TEX,BOS202408130,2024-08-13,0,1,16,4,20,1,3,4
crawk001,BOS,BAL,BAL202408180,2024-08-18,0,0,16,4,20,1,2,3
crawk001,BOS,ARI,BOS202408240,2024-08-24,0,1,15,3,20,2,3,2
crawk001,BOS,TOR,BOS202408290,2024-08-29,0,1,20,3,28,2,6,2
crawk001,BOS,NYN,NYN202409030,2024-09-03,0,0,18,8,20,2,1,2
crawk001,BOS,BAL,BOS202409100,2024-09-10,0,1,19,6,27,1,7,3
crawk001,BOS,NYA,NYA202409150,2024-09-15,0,0,13,7,21,2,6,4
crawk001,BOS,MIN,BOS202409222,2024-09-22,2,1,23,7,32,0,8,3
crawk001,BOS,TBA,BOS202409280,2024-09-28,0,1,13,6,22,4,5,6
crisc002,BOS,ANA,BOS202404130,2024-04-13,0,1,12,4,18,1,5,2
crisc002,BOS,CLE,CLE202404240,2024-04-24,0,0,15,3,18,0,3,0
crisc002,BOS,SFN,BOS202404300,2024-04-30,0,1,15,4,16,1,2,0
crisc002,BOS,MIN,MIN202405050,2024-05-05,0,0,13,5,18,1,5,1
crisc002,BOS,WAS,BOS202405110,2024-05-11,0,1,15,9,19,1,3,2
crisc002,BOS,TBA,BOS202405160,2024-05-16,0,1,11,3,19,2,4,3
crisc002,BOS,TBA,TBA202405210,2024-05-21,0,0,16,6,22,1,6,2
crisc002,BOS,BAL,BAL202405270,2024-05-27,0,0,12,2,20,1,7,7
crisc002,BOS,DET,BOS202406010,2024-06-01,0,1,15,5,19,1,4,1
crisc002,BOS,CHA,CHA202406070,2024-06-07,0,0,13,2,20,1,5,3
crisc002,BOS,NYA,BOS202406150,2024-06-15,0,1,12,6,17,2,3,2
crisc002,BOS,KCA,BOS202407120,2024-07-12,0,1,18,1,29,2,9,5
crisc002,BOS,COL,COL202407230,2024-07-23,0,0,21,4,25,1,6,0
crisc002,BOS,HOU,HOU202408210,2024-08-21,0,0,14,4,18,1,4,1
crisc002,BOS,TOR,BOS202408270,2024-08-27,0,1,10,0,18,3,5,1
crisc002,BOS,DET,DET202409010,2024-09-01,0,0,12,5,12,0,0,0
crisc002,BOS,CHA,BOS202409070,2024-09-07,0,1,15,0,22,2,6,2
crisc002,BOS,NYA,NYA202409120,2024-09-12,0,0,16,4,23,3,4,1
crisc002,BOS,HOU,BOS202508010,2025-08-01,0,1,21,4,27,2,7,1
crisn001,ARI,COL,COL202508170,2025-08-17,0,0,15,5,19,1,3,1
crisn001,ARI,MIL,MIL202508280,2025-08-28,0,0,17,2,27,1,8,2
crisn001,ARI,TEX,ARI202509020,2025-09-02,0,1,19,3,24,1,7,2
crisn001,ARI,SFN,SFN202509080,2025-09-08,0,0,12,3,18,1,6,4
crisn001,ARI,MIN,MIN202509140,2025-09-14,0,0,15,4,21,0,3,0
crocg001,CHA,DET,CHA202403280,2024-03-28,0,1,18,8,23,0,5,1
crocg001,CHA,ATL,CHA202404020,2024-04-02,0,1,21,8,25,1,3,1
crocg001,CHA,KCA,KCA202404070,2024-04-07,0,0,15,5,19,0,3,2
crocg001,CHA,CIN,CHA202404130,2024-04-13,0,1,14,10,21,3,4,5
crocg001,CHA,PHI,PHI202404190,2024-04-19,0,0,9,3,16,2,5,7
crocg001,CHA,MIN,MIN202404240,2024-04-24,0,0,12,6,21,2,7,5
crocg001,CHA,MIN,CHA202404290,2024-04-29,0,1,15,7,18,1,2,2
crocg001,CHA,SLN,SLN202405050,2024-05-05,0,0,18,6,21,0,3,1
crocg001,CHA,CLE,CHA202405100,2024-05-10,0,1,18,11,23,0,5,0
crocg001,CHA,WAS,CHA202405150,2024-05-15,0,1,15,6,21,3,3,0
crocg001,CHA,TOR,TOR202405210,2024-05-21,0,0,18,4,21,1,2,0
crocg001,CHA,BAL,CHA202405260,2024-05-26,0,1,18,11,22,1,3,2
crocg001,CHA,MIL,MIL202406010,2024-06-01,0,0,18,8,25,1,5,1
crocg001,CHA,BOS,CHA202406070,2024-06-07,0,1,18,10,24,2,3,1
crocg001,CHA,SEA,SEA202406130,2024-06-13,0,0,21,13,25,2,2,1
crocg001,CHA,HOU,CHA202406190,2024-06-19,0,1,18,8,27,1,9,3
crocg001,CHA,LAN,CHA202406240,2024-06-24,0,1,17,6,21,0,5,0
crocg001,CHA,COL,CHA202406300,2024-06-30,0,1,21,11,26,0,5,2
crocg001,CHA,MIA,MIA202407060,2024-07-06,0,0,12,5,21,3,5,2
crocg001,CHA,PIT,CHA202407120,2024-07-12,0,1,6,4,6,0,0,0
crocg001,CHA,TEX,TEX202407230,2024-07-23,0,0,12,7,18,2,4,2
crocg001,CHA,SEA,CHA202407280,2024-07-28,0,1,9,3,18,1,6,3
crocg001,CHA,MIN,MIN202408030,2024-08-03,0,0,12,2,16,4,1,1
crocg001,CHA,CHN,CHA202408090,2024-08-09,0,1,7,5,16,0,9,7
crocg001,CHA,HOU,HOU202408160,2024-08-16,0,0,12,9,16,0,4,1
crocg001,CHA,SFN,SFN202408210,2024-08-21,0,0,12,4,16,1,4,2
crocg001,CHA,TEX,CHA202408270,2024-08-27,0,1,0,0,0,0,0,0
crocg001,CHA,NYN,CHA202409010,2024-09-01,0,1,10,8,13,0,3,1
crocg001,CHA,BOS,BOS202409070,2024-09-07,0,0,6,3,12,1,5,4
crocg001,CHA,OAK,CHA202409130,2024-09-13,0,1,12,4,15,0,3,1
crocg001,CHA,SDN,SDN202409200,2024-09-20,0,0,12,8,13,0,1,0
crocg001,CHA,DET,DET202409270,2024-09-27,0,0,12,6,16,1,4,0
crocg001,BOS,TEX,TEX202503270,2025-03-27,0,0,15,4,21,2,5,2
crocg001,BOS,BAL,BAL202504020,2025-04-02,0,0,24,8,27,1,4,0
crocg001,BOS,TOR,BOS202504080,2025-04-08,0,1,17,5,27,4,5,1
crocg001,BOS,CHA,CHA202504130,2025-04-13,0,0,22,11,24,1,1,1
crocg001,BOS,CHA,BOS202504190,2025-04-19,0,1,18,7,24,2,4,0
crocg001,BOS,SEA,BOS202504240,2025-04-24,0,1,15,9,25,5,5,4
crocg001,BOS,TOR,TOR202504290,2025-04-29,0,0,21,6,27,3,4,2
crocg001,BOS,MIN,BOS202505040,2025-05-04,0,1,15,6,21,2,4,1
crocg001,BOS,KCA,KCA202505100,2025-05-10,0,0,21,9,29,1,7,1
crocg001,BOS,ATL,BOS202505160,2025-05-16,0,1,21,8,26,0,7,2
crocg001,BOS,NYN,BOS202505210,2025-05-21,0,1,16,5,21,1,5,1
crocg001,BOS,MIL,MIL202505260,2025-05-26,0,0,20,11,27,2,5,2
crocg001,BOS,ATL,ATL202506010,2025-06-01,0,0,21,12,28,2,5,1
crocg001,BOS,NYA,NYA202506070,2025-06-07,0,0,18,9,25,1,6,5
crocg001,BOS,NYA,BOS202506130,2025-06-13,0,1,25,7,30,1,4,1
crocg001,BOS,SEA,SEA202506180,2025-06-18,0,0,18,8,24,0,6,1
crocg001,BOS,ANA,ANA202506240,2025-06-24,0,0,21,10,25,3,3,0
crocg001,BOS,CIN,BOS202506300,2025-06-30,0,1,18,9,26,1,8,5
crocg001,BOS,WAS,WAS202507060,2025-07-06,0,0,15,7,26,2,9,2
crocg001,BOS,TBA,BOS202507120,2025-07-12,0,1,27,9,30,0,3,0
crocg001,BOS,CHN,CHN202507200,2025-07-20,0,0,18,5,26,2,8,1
crocg001,BOS,LAN,BOS202507260,2025-07-26,0,1,18,10,26,2,8,2
crocg001,BOS,KCA,BOS202508050,2025-08-05,0,1,21,8,26,1,4,2
crocg001,BOS,HOU,HOU202508110,2025-08-11,0,0,12,5,20,1,7,5
crocg001,BOS,MIA,BOS202508170,2025-08-17,0,1,21,8,26,1,3,1
crocg001,BOS,NYA,NYA202508230,2025-08-23,0,0,21,11,27,1,5,1
crocg001,BOS,BAL,BAL202508280,2025-08-28,0,0,18,7,25,0,6,2
crocg001,BOS,CLE,BOS202509020,2025-09-02,0,1,18,4,26,0,9,7
crocg001,BOS,ATH,ATH202509080,2025-09-08,0,0,21,10,24,0,3,0
crocg001,BOS,NYA,BOS202509140,2025-09-14,0,1,18,12,24,1,5,3
crocg001,BOS,TBA,TBA202509190,2025-09-19,0,0,18,9,25,3,4,3
crocg001,BOS,TOR,TOR202509240,2025-09-24,0,0,24,6,26,0,3,0
cruzf002,CIN,OAK,CIN202408280,2024-08-28,0,1,9,6,11,0,2,1
cruzf002,CIN,MIL,CIN202408310,2024-08-31,0,1,6,5,9,1,1,0
cruzf002,CIN,NYN,NYN202409060,2024-09-06,0,0,3,3,5,0,2,2
cuetj001,ANA,KCA,KCA202408210,2024-08-21,0,0,19,1,28,2,8,3
cuetj001,ANA,DET,DET202408270,2024-08-27,0,0,15,5,22,1,6,6
currx001,CLE,BOS,BOS202404150,2024-04-15,0,0,15,3,18,1,2,0
currx001,CLE,NYN,CLE202405210,2024-05-21,0,1,13,2,19,0,7,2
currx001,CLE,COL,COL202405270,2024-05-27,0,0,10,3,19,2,6,6
currx001,CLE,DET,CLE202407230,2024-07-23,0,1,13,1,18,1,4,2
currx001,MIA,TOR,TOR202409280,2024-09-28,0,0,15,1,17,1,2,1
danac001,ANA,SEA,ANA202409010,2024-09-01,0,1,18,4,23,4,2,2
danac001,ANA,TEX,TEX202409080,2024-09-08,0,0,3,1,11,1,7,5
danac001,ANA,HOU,ANA202409150,2024-09-15,0,1,10,3,18,2,5,4
danac001,ANA,KCA,KCA202509030,2025-09-03,0,0,15,4,18,1,2,1
danac001,ANA,MIN,ANA202509080,2025-09-08,0,1,14,9,24,5,5,5
danac001,ANA,MIL,MIL202509160,2025-09-16,0,0,11,4,21,3,8,5
danac001,ANA,COL,COL202509210,2025-09-21,0,0,18,5,23,3,3,2
danac001,ANA,HOU,ANA202509270,2025-09-27,0,1,21,5,26,1,5,5
danid001,ANA,DET,ANA202406270,2024-06-27,0,1,24,8,26,0,4,0
danid001,ANA,OAK,OAK202407030,2024-07-03,0,0,16,3,24,1,7,4
danid001,ANA,TEX,ANA202407080,2024-07-08,0,1,11,3,19,0,8,7
danid001,ANA,COL,ANA202407310,2024-07-31,0,1,15,5,21,1,5,1
danid001,ANA,NYA,NYA202408071,2024-08-07,1,0,10,4,19,2,7,5
danid001,ANA,TOR,ANA202408120,2024-08-12,0,1,15,5,25,2,8,4
danid001,ATL,SLN,SLN202507130,2025-07-13,0,0,12,5,17,3,2,1
danid001,ATL,SFN,ATL202507220,2025-07-22,0,1,15,3,25,4,7,5
darvy001,SDN,LAN,SDN202403200,2024-03-20,0,1,11,3,17,3,2,0
darvy001,SDN,SFN,SDN202403280,2024-03-28,0,1,15,7,20,1,5,1
darvy001,SDN,SLN,SDN202404020,2024-04-02,0,1,21,6,27,1,5,3
darvy001,SDN,CHN,SDN202404080,2024-04-08,0,1,9,4,16,3,4,4
darvy001,SDN,LAN,LAN202404140,2024-04-14,0,0,15,2,21,2,4,3
darvy001,SDN,CIN,SDN202404300,2024-04-30,0,1,15,3,18,0,3,0
darvy001,SDN,CHN,CHN202405060,2024-05-06,0,0,15,5,19,1,3,0
darvy001,SDN,LAN,SDN202405120,2024-05-12,0,1,21,7,24,1,2,0
darvy001,SDN,ATL,ATL202405190,2024-05-19,0,0,21,9,23,1,2,0
darvy001,SDN,NYA,SDN202405240,2024-05-24,0,1,17,5,27,1,9,7
darvy001,SDN,MIA,SDN202405290,2024-05-29,0,1,9,2,17,1,6,2
darvy001,SDN,DET,SDN202409040,2024-09-04,0,1,8,4,14,2,4,3
darvy001,SDN,SEA,SEA202409100,2024-09-10,0,0,15,5,20,0,7,2
darvy001,SDN,HOU,SDN202409160,2024-09-16,0,1,18,3,23,2,3,0
darvy001,SDN,CHA,SDN202409220,2024-09-22,0,1,19,9,22,0,3,2
darvy001,SDN,ARI,ARI202409270,2024-09-27,0,0,16,4,23,3,3,3
darvy001,SDN,ARI,SDN202507070,2025-07-07,0,1,11,5,18,3,3,2
darvy001,SDN,PHI,SDN202507120,2025-07-12,0,1,14,2,22,3,5,4
darvy001,SDN,WAS,WAS202507190,2025-07-19,0,0,15,1,20,1,5,3
darvy001,SDN,SLN,SLN202507240,2025-07-24,0,0,10,3,20,2,8,8
darvy001,SDN,NYN,SDN202507300,2025-07-30,0,1,21,7,23,0,2,0
darvy001,SDN,ARI,ARI202508050,2025-08-05,0,0,12,5,16,2,3,3
darvy001,SDN,SFN,SFN202508110,2025-08-11,0,0,18,6,21,0,4,1
darvy001,SDN,LAN,LAN202508170,2025-08-17,0,0,12,5,17,2,3,4
darvy001,SDN,LAN,SDN202508220,2025-08-22,0,1,18,5,20,1,1,1
darvy001,SDN,SEA,SEA202508270,2025-08-27,0,0,12,3,17,1,4,4
darvy001,SDN,BAL,SDN202509020,2025-09-02,0,1,12,6,20,2,6,3
darvy001,SDN,CIN,SDN202509080,2025-09-08,0,1,17,7,23,0,6,3
darvy001,SDN,COL,SDN202509140,2025-09-14,0,1,15,5,20,0,4,3
darvy001,SDN,CHA,CHA202509200,2025-09-20,0,0,14,4,19,0,6,2
darvy001,SDN,ARI,SDN202509260,2025-09-26,0,1,15,4,20,2,6,2
degrj001,TEX,SEA,SEA202409130,2024-09-13,0,0,11,4,16,0,4,0
degrj001,TEX,SEA,TEX202409200,2024-09-20,0,1,9,5,13,1,3,1
degrj001,TEX,ANA,ANA202409270,2024-09-27,0,0,12,5,15,0,4,1
degrj001,TEX,BOS,TEX202503300,2025-03-30,0,1,15,6,20,2,2,0
degrj001,TEX,TBA,TEX202504050,2025-04-05,0,1,17,3,24,0,8,4
degrj001,TEX,SEA,SEA202504110,2025-04-11,0,0,12,4,19,4,3,3
degrj001,TEX,LAN,TEX202504180,2025-04-18,0,1,21,7,24,1,3,1
degrj001,TEX,ATH,ATH202504240,2025-04-24,0,0,16,6,22,0,6,2
degrj001,TEX,ATH,TEX202504290,2025-04-29,0,1,18,7,20,0,4,0
degrj001,TEX,SEA,TEX202505040,2025-05-04,0,1,15,3,20,2,3,1
degrj001,TEX,DET,DET202505100,2025-05-10,0,0,15,10,20,1,5,2
degrj001,TEX,HOU,TEX202505150,2025-05-15,0,1,24,7,30,1,5,0
degrj001,TEX,NYA,NYA202505210,2025-05-21,0,0,21,9,25,1,3,2
degrj001,TEX,TOR,TEX202505260,2025-05-26,0,1,16,0,23,2,5,2
degrj001,TEX,SLN,TEX202506010,2025-06-01,0,1,18,4,23,3,4,1
degrj001,TEX,WAS,WAS202506070,2025-06-07,0,0,21,8,23,0,2,0
degrj001,TEX,CHA,TEX202506140,2025-06-14,0,1,18,6,22,0,5,2
degrj001,TEX,PIT,PIT202506200,2025-06-20,0,0,18,7,24,1,5,2
degrj001,TEX,BAL,BAL202506250,2025-06-25,0,0,21,7,24,2,1,0
degrj001,TEX,BAL,TEX202507010,2025-07-01,0,1,18,6,23,1,5,2
degrj001,TEX,ANA,ANA202507070,2025-07-07,0,0,15,5,22,2,5,3
degrj001,TEX,HOU,HOU202507120,2025-07-12,0,0,18,8,23,1,4,2
degrj001,TEX,ATH,TEX202507220,2025-07-22,0,1,18,9,22,1,3,1
degrj001,TEX,ANA,ANA202507280,2025-07-28,0,0,16,8,24,1,7,5
degrj001,TEX,SEA,SEA202508030,2025-08-03,0,0,15,5,22,3,4,5
degrj001,TEX,PHI,TEX202508090,2025-08-09,0,1,20,8,26,1,6,3
degrj001,TEX,TOR,TOR202508150,2025-08-15,0,0,15,5,18,0,2,0
degrj001,TEX,ANA,TEX202508250,2025-08-25,0,1,15,7,20,2,3,2
degrj001,TEX,ATH,ATH202508310,2025-08-31,0,0,15,6,18,1,2,0
degrj001,TEX,HOU,TEX202509060,2025-09-06,0,1,16,8,24,2,5,3
degrj001,TEX,NYN,NYN202509120,2025-09-12,0,0,21,2,25,0,4,3
degrj001,TEX,HOU,HOU202509170,2025-09-17,0,0,15,6,22,1,6,5
degrj001,TEX,MIN,TEX202509240,2025-09-24,0,1,15,8,17,1,2,1
delej003,BOS,DET,BOS202509280,2025-09-28,0,1,20,8,28,3,8,3
desca001,ARI,KCA,ARI202507060,2025-07-06,0,1,12,6,17,0,4,4
desca001,ARI,ATH,ATH202508010,2025-08-01,0,0,7,0,16,3,5,4
desca001,ARI,SDN,ARI202508060,2025-08-06,0,1,13,4,16,0,3,0
desca001,ARI,TEX,TEX202508120,2025-08-12,0,0,9,3,15,2,3,2
detmr001,ANA,BAL,BAL202403310,2024-03-31,0,0,15,7,21,3,2,1
detmr001,ANA,BOS,ANA202404060,2024-04-06,0,1,18,12,21,1,3,1
detmr001,ANA,BOS,BOS202404120,2024-04-12,0,0,19,7,22,2,3,0
detmr001,ANA,TBA,TBA202404170,2024-04-17,0,0,16,4,22,1,7,1
detmr001,ANA,BAL,ANA202404220,2024-04-22,0,1,21,4,29,3,6,4
detmr001,ANA,MIN,ANA202404280,2024-04-28,0,1,15,3,24,0,9,5
detmr001,ANA,CLE,CLE202405040,2024-05-04,0,0,17,7,26,4,5,7
detmr001,ANA,KCA,ANA202405090,2024-05-09,0,1,15,5,23,2,7,6
detmr001,ANA,SLN,ANA202405140,2024-05-14,0,1,15,7,25,2,8,4
detmr001,ANA,HOU,HOU202405200,2024-05-20,0,0,12,3,21,1,8,6
detmr001,ANA,CLE,ANA202405260,2024-05-26,0,1,15,8,24,4,4,3
detmr001,ANA,SEA,SEA202406010,2024-06-01,0,0,11,3,19,4,4,5
detmr001,ANA,LAN,ANA202409030,2024-09-03,0,1,18,10,23,2,3,2
detmr001,ANA,MIN,MIN202409090,2024-09-09,0,0,18,8,24,2,5,2
detmr001,ANA,CHA,ANA202409160,2024-09-16,0,1,16,6,26,3,7,7
detmr001,ANA,HOU,HOU202409210,2024-09-21,0,0,6,3,17,3,9,7
detmr001,ANA,TEX,ANA202409270,2024-09-27,0,1,15,12,24,1,8,4
devec001,NYN,NYA,NYN202507060,2025-07-06,0,1,6,2,7,0,1,0
diazj007,SEA,CHA,SEA202406110,2024-06-11,0,1,16,4,26,1,9,3
diazy005,ARI,ATL,ARI202407080,2024-07-08,0,1,18,5,23,1,4,1
diazy005,ARI,TOR,ARI202407130,2024-07-13,0,1,18,2,22,2,4,1
diazy005,ARI,KCA,KCA202407220,2024-07-22,0,0,9,0,19,1,9,7
diazy005,ARI,PIT,ARI202407280,2024-07-28,0,1,15,7,19,4,1,0
dobbh001,BOS,SLN,BOS202504062,2025-04-06,2,1,15,5,24,2,8,2
dobbh001,BOS,CHA,BOS202504180,2025-04-18,0,1,18,6,23,0,3,1
dobbh001,BOS,MIN,BOS202505030,2025-05-03,0,1,17,2,27,2,7,4
dobbh001,BOS,KCA,KCA202505090,2025-05-09,0,0,18,6,22,0,5,0
dobbh001,BOS,DET,DET202505140,2025-05-14,0,0,15,4,23,0,9,5
dobbh001,BOS,NYN,BOS202505190,2025-05-19,0,1,14,2,18,1,5,1
dobbh001,BOS,BAL,BOS202505241,2025-05-24,1,1,12,7,18,1,5,4
dobbh001,BOS,NYA,NYA202506080,2025-06-08,0,0,15,0,18,0,4,3
dobbh001,BOS,NYA,BOS202506140,2025-06-14,0,1,18,5,21,1,2,0
dobbh001,BOS,SFN,SFN202506200,2025-06-20,0,0,12,1,20,5,4,4
dobbh001,BOS,TBA,BOS202507110,2025-07-11,0,1,5,2,8,1,2,1
dollc001,COL,ATH,COL202504060,2025-04-06,0,1,15,6,22,1,7,4
dollc001,COL,SDN,SDN202504120,2025-04-12,0,0,17,7,22,2,3,2
dollc001,COL,WAS,COL202504190,2025-04-19,0,1,12,5,24,2,9,6
dollc001,COL,KCA,KCA202504242,2025-04-24,2,0,14,3,22,2,7,5
dollc001,COL,ATL,COL202504300,2025-04-30,0,1,17,4,22,3,2,1
dollc001,COL,DET,COL202505070,2025-05-07,0,1,9,0,18,3,5,6
dollc001,COL,TEX,TEX202505120,2025-05-12,0,0,18,7,22,3,1,2
dollc001,COL,ARI,ARI202505180,2025-05-18,0,0,14,6,20,2,3,1
dollc001,COL,MIA,MIA202506030,2025-06-03,0,0,9,1,14,3,2,2
dollc001,COL,NYN,COL202506080,2025-06-08,0,1,9,3,18,1,8,5
dollc001,COL,ATL,ATL202506140,2025-06-14,0,0,18,4,26,3,6,3
dollc001,COL,WAS,WAS202506190,2025-06-19,0,0,18,2,22,0,6,2
dollc001,COL,LAN,COL202506250,2025-06-25,0,1,17,1,22,2,3,3
dollc001,COL,HOU,COL202507010,2025-07-01,0,1,8,1,16,2,7,6
dollc001,COL,CHA,COL202507060,2025-07-06,0,1,11,2,19,4,5,3
dollc001,COL,SLN,SLN202508110,2025-08-11,0,0,15,5,23,3,5,1
dollc001,COL,ARI,COL202508160,2025-08-16,0,1,14,6,23,2,6,4
dollc001,COL,LAN,COL202508210,2025-08-21,0,1,11,5,23,2,9,7
dollc001,COL,HOU,HOU202508270,2025-08-27,0,0,18,7,23,4,3,1
dollc001,COL,SFN,COL202509010,2025-09-01,0,1,15,2,22,3,5,6
dollc001,COL,LAN,LAN202509080,2025-09-08,0,0,15,5,18,2,1,1
dreyj001,LAN,MIA,LAN202504290,2025-04-29,0,1,6,3,8,0,2,1
dreyj001,LAN,MIA,MIA202505050,2025-05-05,0,0,4,0,4,0,0,0
dreyj001,LAN,ARI,LAN202505190,2025-05-19,0,1,6,1,10,1,3,3
dreyj001,LAN,SDN,LAN202506170,2025-06-17,0,1,6,2,8,0,2,1
dreyj001,LAN,COL,COL202506240,2025-06-24,0,0,3,0,5,0,2,1
dubis001,HOU,NYN,NYN202406300,2024-06-30,0,0,10,2,13,3,0,0
dubis001,HOU,MIN,MIN202407050,2024-07-05,0,0,8,2,15,1,5,3
dunnd001,TEX,TBA,TBA202404010,2024-04-01,0,0,19,7,26,4,3,3
dunnd001,TEX,HOU,TEX202404070,2024-04-07,0,1,20,7,27,3,4,3
dunnd001,TEX,HOU,HOU202404120,2024-04-12,0,0,15,3,22,2,5,3
dunnd001,TEX,DET,DET202404170,2024-04-17,0,0,15,5,21,4,3,1
dunnd001,TEX,SEA,TEX202404230,2024-04-23,0,1,13,7,20,3,4,4
dunnd001,TEX,CIN,TEX202404280,2024-04-28,0,1,16,10,19,0,3,1
dunnd001,TEX,KCA,KCA202405040,2024-05-04,0,0,14,4,18,1,4,2
dunnd001,TEX,PHI,PHI202405220,2024-05-22,0,0,10,4,16,1,4,3
dunnd001,TEX,ARI,TEX202405290,2024-05-29,0,1,15,6,22,4,3,0
dunnd001,TEX,DET,TEX202406040,2024-06-04,0,1,15,4,21,1,4,3
dunnd001,TEX,LAN,LAN202406110,2024-06-11,0,0,11,2,18,3,4,6
dunnd001,TEX,SEA,SEA202406160,2024-06-16,0,0,14,8,21,3,4,2
dunnd001,TEX,BOS,BOS202408140,2024-08-14,0,0,15,3,21,1,5,4
dunnd001,TEX,PIT,TEX202408190,2024-08-19,0,1,12,4,18,1,5,3
dunnd001,TEX,SEA,TEX202409210,2024-09-21,0,1,11,5,19,1,7,2
earlc001,BOS,ATH,ATH202509090,2025-09-09,0,0,15,11,21,1,5,0
earlc001,BOS,ATH,BOS202509160,2025-09-16,0,1,16,7,21,0,5,1
earlc001,BOS,TBA,TBA202509210,2025-09-21,0,0,12,4,17,2,3,2
earlc001,BOS,DET,BOS202509270,2025-09-27,0,1,15,7,20,1,4,2
efliz001,TBA,TOR,TBA202403280,2024-03-28,0,1,17,5,25,1,6,6
efliz001,TBA,TEX,TBA202404020,2024-04-02,0,1,19,5,25,1,5,1
efliz001,TBA,ANA,ANA202404080,2024-04-08,0,0,15,5,24,0,9,5
efliz001,TBA,ANA,TBA202404150,2024-04-15,0,1,19,5,24,0,6,0
efliz001,TBA,NYA,NYA202404200,2024-04-20,0,0,18,6,21,0,3,0
efliz001,TBA,CHA,CHA202404260,2024-04-26,0,0,18,4,29,2,9,4
efliz001,TBA,MIL,MIL202405010,2024-05-01,0,0,17,6,23,0,6,3
efliz001,TBA,CHA,TBA202405070,2024-05-07,0,1,21,3,29,0,6,1
efliz001,TBA,BOS,BOS202405130,2024-05-13,0,0,15,2,20,0,6,3
efliz001,TBA,TOR,TOR202405180,2024-05-18,0,0,18,3,26,0,9,4
efliz001,TBA,MIA,MIA202406050,2024-06-05,0,0,12,3,15,0,3,2
efliz001,TBA,CHN,TBA202406110,2024-06-11,0,1,17,3,24,0,7,2
efliz001,TBA,ATL,ATL202406160,2024-06-16,0,0,17,7,25,1,7,3
efliz001,TBA,PIT,PIT202406220,2024-06-22,0,0,21,6,27,1,5,4
efliz001,TBA,WAS,TBA202406280,2024-06-28,0,1,18,6,24,1,4,0
efliz001,TBA,KCA,KCA202407040,2024-07-04,0,0,15,3,24,1,7,5
efliz001,TBA,NYA,TBA202407100,2024-07-10,0,1,21,6,27,1,4,1
efliz001,TBA,NYA,NYA202407190,2024-07-19,0,0,15,5,26,4,7,4
efliz001,TBA,TOR,TOR202407240,2024-07-24,0,0,17,4,22,0,6,2
efliz001,BAL,TOR,BAL202407291,2024-07-29,1,1,18,7,28,0,10,3
efliz001,BAL,CLE,CLE202408030,2024-08-03,0,0,19,3,25,1,5,2
efliz001,BAL,TBA,TBA202408090,2024-08-09,0,0,21,7,26,1,4,0
efliz001,BAL,BOS,BAL202408150,2024-08-15,0,1,18,8,23,0,5,1
efliz001,BAL,COL,COL202409010,2024-09-01,0,0,21,9,25,1,4,1
efliz001,BAL,TBA,BAL202409070,2024-09-07,0,1,17,4,26,1,8,3
efliz001,BAL,DET,DET202409130,2024-09-13,0,0,20,3,25,1,5,1
efliz001,BAL,SFN,BAL202409190,2024-09-19,0,1,18,5,24,1,6,2
efliz001,BAL,NYA,NYA202409250,2024-09-25,0,0,14,1,22,5,4,3
efliz001,BAL,TOR,TOR202503270,2025-03-27,0,0,18,2,21,1,2,2
efliz001,BAL,BOS,BAL202504020,2025-04-02,0,1,18,5,24,0,8,3
efliz001,BAL,ARI,ARI202504070,2025-04-07,0,0,18,1,23,0,4,1
efliz001,BAL,ANA,ANA202505110,2025-05-11,0,0,15,5,21,2,5,2
efliz001,BAL,WAS,BAL202505180,2025-05-18,0,1,16,4,26,0,10,8
efliz001,BAL,BOS,BOS202505241,2025-05-24,1,0,15,1,22,2,5,4
efliz001,BAL,CHA,BAL202505300,2025-05-30,0,1,21,6,24,1,4,0
efliz001,BAL,SEA,SEA202506050,2025-06-05,0,0,18,7,26,0,8,3
efliz001,BAL,DET,BAL202506110,2025-06-11,0,1,20,5,26,1,5,1
efliz001,BAL,TBA,TBA202506160,2025-06-16,0,0,15,2,27,2,12,7
efliz001,BAL,NYA,NYA202506210,2025-06-21,0,0,9,4,21,2,10,6
efliz001,BAL,TBA,BAL202506280,2025-06-28,0,1,3,0,8,0,5,4
efliz001,BAL,CLE,CLE202507230,2025-07-23,0,0,15,5,18,1,2,2
efliz001,BAL,TOR,BAL202507280,2025-07-28,0,1,13,3,22,1,8,4
eiseb001,CHA,ATH,ATH202504270,2025-04-27,0,0,3,0,5,0,2,1
eiseb001,CHA,CIN,CIN202505130,2025-05-13,0,0,3,1,3,0,0,0
eiseb001,CHA,LAN,LAN202507020,2025-07-02,0,0,3,0,4,0,1,1
eldeb001,ATL,MIA,ATL202404220,2024-04-22,0,1,20,4,26,0,8,0
eldeb001,ATL,CLE,ATL202404280,2024-04-28,0,1,16,2,23,4,4,2
eldeb001,ATL,LAN,LAN202405040,2024-05-04,0,0,10,4,20,4,7,7
eldeb001,ATL,NYN,NYN202405120,2024-05-12,0,0,16,6,23,0,7,2
eldeb001,ATL,SDN,ATL202405190,2024-05-19,0,1,9,3,21,3,9,6
eldeb001,ATL,SLN,SLN202406262,2024-06-26,2,0,18,4,22,0,4,2
eldeb001,ATL,ARI,ARI202407080,2024-07-08,0,0,15,1,21,2,4,3
eldeb001,ATL,SLN,ATL202407202,2024-07-20,2,1,15,9,24,1,8,6
eldeb001,ATL,MIL,MIL202407300,2024-07-30,0,0,19,7,25,1,5,1
eldeb001,ATL,MIL,ATL202408060,2024-08-06,0,1,11,6,21,2,8,7
eldeb001,ATL,LAN,LAN202504020,2025-04-02,0,0,12,3,17,2,3,3
eldeb001,ATL,TBA,TBA202504110,2025-04-11,0,0,18,4,26,0,9,5
eldeb001,ATL,MIN,ATL202504180,2025-04-18,0,1,15,3,24,3,6,4
eldeb001,ATL,SLN,ATL202504230,2025-04-23,0,1,18,2,25,3,5,1
eldeb001,ATL,COL,COL202504280,2025-04-28,0,0,18,4,25,2,5,3
eldeb001,ATL,LAN,ATL202505040,2025-05-04,0,1,15,6,21,2,4,2
eldeb001,ATL,PIT,PIT202505090,2025-05-09,0,0,18,8,22,0,5,3
eldeb001,ATL,WAS,ATL202505140,2025-05-14,0,1,18,3,21,1,5,1
eldeb001,ATL,BOS,ATL202506010,2025-06-01,0,1,16,4,25,3,6,3
eldeb001,ATL,SFN,SFN202506070,2025-06-07,0,0,24,12,27,0,3,1
eldeb001,ATL,COL,ATL202506130,2025-06-13,0,1,10,2,21,3,7,4
eldeb001,ATL,MIA,MIA202506220,2025-06-22,0,0,16,4,27,1,10,5
eldeb001,ATL,PHI,ATL202506270,2025-06-27,0,1,6,2,19,4,8,9
eldeb001,ATL,ANA,ATL202507030,2025-07-03,0,1,15,5,27,3,8,4
eldeb001,ATL,ATH,ATH202507090,2025-07-09,0,0,20,7,29,1,8,2
eldeb001,ATL,SFN,ATL202507210,2025-07-21,0,1,15,1,25,3,8,3
eldeb001,ATL,TEX,TEX202507270,2025-07-27,0,0,8,3,19,4,6,8
eldeb001,ATL,CIN,CIN202508010,2025-08-01,0,0,20,5,25,2,4,2
eldeb001,ATL,MIA,ATL202508080,2025-08-08,0,1,18,3,27,2,7,5
eldeb001,ATL,NYN,NYN202508140,2025-08-14,0,0,21,6,26,2,5,2
eldeb001,ATL,CHA,ATL202508190,2025-08-19,0,1,14,3,24,2,9,8
eldeb001,ATL,NYN,ATL202508240,2025-08-24,0,1,18,6,24,2,3,2
eldeb001,ATL,PHI,PHI202508290,2025-08-29,0,0,21,3,27,2,3,1
eldeb001,ATL,CHN,CHN202509030,2025-09-03,0,0,21,6,24,0,4,0
eldeb001,ATL,CHN,ATL202509080,2025-09-08,0,1,19,6,25,1,5,1
eldeb001,ATL,HOU,ATL202509130,2025-09-13,0,1,13,7,26,3,10,6
eldeb001,ATL,DET,DET202509190,2025-09-19,0,0,21,6,25,0,5,1
eldeb001,ATL,WAS,ATL202509240,2025-09-24,0,1,21,7,26,0,6,3
ellaf001,CHA,MIN,MIN202509010,2025-09-01,0,0,5,2,9,3,0,0
ellaf001,CHA,MIN,MIN202509040,2025-09-04,0,0,4,2,6,1,2,0
ellaf001,CHA,NYA,NYA202509240,2025-09-24,0,0,2,1,5,3,0,0
englm001,DET,ANA,DET202408280,2024-08-28,0,1,6,2,8,1,1,0
ennsd001,DET,ATH,DET202506260,2025-06-26,0,1,15,4,17,2,1,0
ennsd001,DET,WAS,WAS202507030,2025-07-03,0,0,12,3,22,2,8,7
ennsd001,BAL,BOS,BAL202508270,2025-08-27,0,1,8,3,10,0,2,1
eovan001,TEX,CHN,TEX202403280,2024-03-28,0,1,18,3,22,1,4,2
eovan001,TEX,TBA,TBA202404030,2024-04-03,0,0,21,8,24,1,4,0
eovan001,TEX,OAK,TEX202404090,2024-04-09,0,1,17,8,22,2,3,1
eovan001,TEX,HOU,HOU202404140,2024-04-14,0,0,18,3,27,2,8,5
eovan001,TEX,ATL,ATL202404200,2024-04-20,0,0,16,6,27,6,5,3
eovan001,TEX,CIN,TEX202404260,2024-04-26,0,1,18,8,26,5,3,1
eovan001,TEX,WAS,TEX202405020,2024-05-02,0,1,16,8,20,2,2,0
eovan001,TEX,ARI,TEX202405280,2024-05-28,0,1,9,2,14,0,5,2
eovan001,TEX,DET,TEX202406030,2024-06-03,0,1,17,7,20,0,3,1
eovan001,TEX,SFN,TEX202406090,2024-06-09,0,1,21,5,27,1,5,2
eovan001,TEX,SEA,SEA202406150,2024-06-15,0,0,9,6,17,4,4,4
eovan001,TEX,KCA,TEX202406210,2024-06-21,0,1,18,6,23,1,4,2
eovan001,TEX,MIL,MIL202406260,2024-06-26,0,0,21,4,31,1,9,5
eovan001,TEX,SDN,TEX202407020,2024-07-02,0,1,21,6,22,0,1,0
eovan001,TEX,TBA,TEX202407070,2024-07-07,0,1,21,5,24,0,4,2
eovan001,TEX,HOU,HOU202407130,2024-07-13,0,0,21,7,29,0,8,1
eovan001,TEX,BAL,TEX202407190,2024-07-19,0,1,15,2,23,0,8,6
eovan001,TEX,CHA,TEX202407240,2024-07-24,0,1,21,10,25,0,4,2
eovan001,TEX,SLN,SLN202407290,2024-07-29,0,0,18,2,25,0,6,3
eovan001,TEX,BOS,TEX202408040,2024-08-04,0,1,15,7,23,1,7,5
eovan001,TEX,NYA,NYA202408101,2024-08-10,1,0,9,4,17,2,6,3
eovan001,TEX,MIN,TEX202408170,2024-08-17,0,1,21,6,27,0,6,3
eovan001,TEX,CLE,CLE202408230,2024-08-23,0,0,18,5,26,1,7,3
eovan001,TEX,CHA,CHA202408290,2024-08-29,0,0,21,10,23,2,1,0
eovan001,TEX,NYA,TEX202409040,2024-09-04,0,1,21,6,28,3,4,2
eovan001,TEX,ARI,ARI202409100,2024-09-10,0,0,15,6,23,1,7,4
eovan001,TEX,TOR,TEX202409170,2024-09-17,0,1,14,4,26,2,11,7
eovan001,TEX,OAK,OAK202409240,2024-09-24,0,0,21,7,28,3,4,3
eovan001,TEX,ANA,ANA202409290,2024-09-29,0,0,21,5,27,1,4,0
eovan001,TEX,BOS,TEX202503270,2025-03-27,0,1,18,9,21,0,3,2
eovan001,TEX,CIN,CIN202504010,2025-04-01,0,0,27,8,30,0,4,0
eovan001,TEX,CHN,CHN202504070,2025-04-07,0,0,14,4,22,2,4,3
eovan001,TEX,SEA,SEA202504130,2025-04-13,0,0,15,3,22,0,5,2
eovan001,TEX,LAN,TEX202504190,2025-04-19,0,1,18,7,23,0,5,2
eovan001,TEX,SFN,SFN202504250,2025-04-25,0,0,18,7,22,1,3,0
eovan001,TEX,ATH,TEX202504300,2025-04-30,0,1,18,8,23,0,6,1
eovan001,TEX,BOS,BOS202505060,2025-05-06,0,0,18,7,23,1,5,1
eovan001,TEX,DET,DET202505110,2025-05-11,0,0,21,7,24,1,2,0
eovan001,TEX,HOU,TEX202505160,2025-05-16,0,1,17,5,22,3,2,0
eovan001,TEX,NYA,NYA202505220,2025-05-22,0,0,18,6,25,1,5,1
eovan001,TEX,TOR,TEX202505270,2025-05-27,0,1,6,2,9,1,2,0
eovan001,TEX,SEA,TEX202506270,2025-06-27,0,1,9,2,15,2,5,3
eovan001,TEX,BAL,TEX202507020,2025-07-02,0,1,15,5,17,1,2,0
eovan001,TEX,ANA,ANA202507080,2025-07-08,0,0,18,6,23,0,5,0
eovan001,TEX,HOU,HOU202507130,2025-07-13,0,0,23,8,27,1,5,1
eovan001,TEX,ATL,TEX202507250,2025-07-25,0,1,15,7,21,4,3,0
eovan001,TEX,ANA,ANA202507300,2025-07-30,0,0,21,4,27,2,6,1
eovan001,TEX,NYA,TEX202508050,2025-08-05,0,1,24,6,25,0,1,0
eovan001,TEX,ARI,TEX202508110,2025-08-11,0,1,15,3,24,1,8,5
eovan001,TEX,TOR,TOR202508170,2025-08-17,0,0,21,6,26,0,5,2
eovan001,TEX,CLE,TEX202508220,2025-08-22,0,1,21,9,25,0,4,1
espip001,TOR,BAL,BAL202407310,2024-07-31,0,0,12,1,21,3,6,4
estej001,OAK,SEA,SEA202405110,2024-05-11,0,0,15,5,17,0,2,1
estej001,OAK,HOU,HOU202405160,2024-05-16,0,0,11,4,23,4,8,8
estej001,OAK,COL,OAK202405230,2024-05-23,0,1,21,6,27,0,7,4
estej001,OAK,TBA,TBA202405290,2024-05-29,0,0,15,5,20,2,2,1
estej001,OAK,SEA,OAK202406050,2024-06-05,0,1,19,5,20,0,1,0
estej001,OAK,SDN,SDN202406100,2024-06-10,0,0,15,3,24,2,8,3
estej001,OAK,MIN,MIN202406162,2024-06-16,2,0,8,2,18,1,8,6
estej001,OAK,MIN,OAK202406210,2024-06-21,0,1,18,1,24,1,5,2
estej001,OAK,ANA,ANA202406260,2024-06-26,0,0,17,8,23,2,3,2
estej001,OAK,ANA,OAK202407030,2024-07-03,0,1,27,4,30,1,5,0
estej001,OAK,BOS,BOS202407090,2024-07-09,0,0,5,1,14,1,7,8
estej001,OAK,PHI,PHI202407140,2024-07-14,0,0,18,5,24,1,4,2
estej001,OAK,ANA,OAK202407210,2024-07-21,0,1,17,4,26,2,8,2
estej001,OAK,LAN,OAK202408020,2024-08-02,0,1,18,6,22,2,2,2
estej001,OAK,CHA,OAK202408070,2024-08-07,0,1,15,4,21,0,6,2
estej001,OAK,NYN,NYN202408140,2024-08-14,0,0,16,3,23,0,7,3
estej001,OAK,TBA,OAK202408200,2024-08-20,0,1,23,5,27,1,3,1
estej001,OAK,MIL,OAK202408250,2024-08-25,0,1,17,5,21,1,2,2
estej001,OAK,TEX,TEX202408310,2024-08-31,0,0,18,7,24,0,6,2
estej001,OAK,SEA,OAK202409050,2024-09-05,0,1,12,3,20,0,6,4
estej001,OAK,HOU,HOU202409110,2024-09-11,0,0,20,2,27,1,7,2
estej001,OAK,CHN,CHN202409160,2024-09-16,0,0,3,1,12,0,9,6
estej001,OAK,NYA,OAK202409220,2024-09-22,0,1,12,1,21,1,7,5
estej001,OAK,SEA,SEA202409280,2024-09-28,0,0,15,2,23,2,5,3
estej001,ATH,CHN,ATH202503310,2025-03-31,0,1,12,2,24,4,9,6
estej001,ATH,COL,COL202504060,2025-04-06,0,0,9,3,18,2,6,6
evanl001,SEA,MIA,SEA202504270,2025-04-27,0,1,15,3,20,3,2,2
evanl001,SEA,TEX,TEX202505040,2025-05-04,0,0,15,5,26,2,10,1
evanl001,SEA,TOR,SEA202505100,2025-05-10,0,1,15,3,22,2,5,3
evanl001,SEA,SDN,SDN202505160,2025-05-16,0,0,18,3,25,1,7,0
evanl001,SEA,CHA,CHA202505210,2025-05-21,0,0,18,7,24,1,6,4
evanl001,SEA,WAS,SEA202505270,2025-05-27,0,1,24,4,27,1,4,1
evanl001,SEA,ARI,ARI202506100,2025-06-10,0,0,15,5,23,2,7,4
evanl001,SEA,KCA,SEA202507030,2025-07-03,0,1,17,3,23,1,3,0
evanl001,SEA,NYA,NYA202507090,2025-07-09,0,0,14,2,24,2,9,6
evanl001,SEA,HOU,SEA202507190,2025-07-19,0,1,12,5,21,3,6,2
evanl001,SEA,ANA,ANA202507240,2025-07-24,0,0,15,3,21,3,3,1
evanl001,SEA,ATH,ATH202507290,2025-07-29,0,0,14,7,24,2,7,6
evanl001,SEA,TEX,SEA202508030,2025-08-03,0,1,15,3,20,0,5,3
evanl001,SEA,TBA,SEA202508090,2025-08-09,0,1,16,4,21,3,3,3
evanl001,SEA,BAL,BAL202508140,2025-08-14,0,0,12,1,17,4,3,2
faeda001,DET,CIN,CIN202407060,2024-07-06,0,0,6,2,6,0,1,0
faeda001,DET,MIN,DET202407280,2024-07-28,0,1,3,3,6,0,2,1
faeda001,DET,KCA,DET202408040,2024-08-04,0,1,5,3,8,1,2,0
faeda001,DET,SFN,SFN202408100,2024-08-10,0,0,3,1,6,3,0,0
faeda001,DET,SEA,DET202408150,2024-08-15,0,1,3,1,7,4,0,1
faeda001,DET,CHN,CHN202408200,2024-08-20,0,0,5,1,7,1,1,0
faltb001,PIT,MIA,MIA202403310,2024-03-31,0,0,12,2,20,3,5,6
faltb001,PIT,BAL,PIT202404060,2024-04-06,0,1,18,1,21,1,1,0
faltb001,PIT,PHI,PHI202404120,2024-04-12,0,0,15,3,18,0,4,1
faltb001,PIT,NYN,NYN202404170,2024-04-17,0,0,15,4,20,1,4,2
faltb001,PIT,MIL,PIT202404230,2024-04-23,0,1,21,8,25,2,3,1
faltb001,PIT,OAK,OAK202404290,2024-04-29,0,0,15,5,21,0,6,5
faltb001,PIT,COL,PIT202405050,2024-05-05,0,1,16,3,23,2,6,3
faltb001,PIT,CHN,PIT202405120,2024-05-12,0,1,18,1,25,2,5,2
faltb001,PIT,CHN,CHN202405180,2024-05-18,0,0,23,2,26,2,3,0
faltb001,PIT,ATL,PIT202405240,2024-05-24,0,1,22,4,28,1,6,3
faltb001,PIT,TOR,TOR202405310,2024-05-31,0,0,18,5,21,2,2,0
faltb001,PIT,LAN,PIT202406060,2024-06-06,0,1,12,6,22,2,8,5
faltb001,PIT,SLN,SLN202406120,2024-06-12,0,0,12,5,20,1,8,3
faltb001,PIT,CIN,PIT202406180,2024-06-18,0,1,21,3,26,2,7,2
faltb001,PIT,CIN,CIN202406240,2024-06-24,0,0,12,2,18,1,5,4
faltb001,PIT,ATL,ATL202406300,2024-06-30,0,0,15,5,19,4,2,1
faltb001,PIT,NYN,PIT202407060,2024-07-06,0,1,6,2,12,2,5,3
faltb001,PIT,HOU,HOU202407300,2024-07-30,0,0,16,3,21,0,6,1
faltb001,PIT,SDN,PIT202408060,2024-08-06,0,1,6,1,7,0,2,0
faltb001,PIT,LAN,LAN202408110,2024-08-11,0,0,12,2,21,3,7,4
faltb001,PIT,SEA,PIT202408170,2024-08-17,0,1,17,8,25,0,8,2
faltb001,PIT,CIN,PIT202408230,2024-08-23,0,1,15,4,22,2,6,5
faltb001,PIT,CLE,CLE202408300,2024-08-30,0,0,12,2,20,1,7,4
faltb001,PIT,WAS,PIT202409050,2024-09-05,0,1,15,3,23,2,7,3
faltb001,PIT,MIA,PIT202409110,2024-09-11,0,1,22,5,25,3,2,0
faltb001,PIT,SLN,SLN202409170,2024-09-17,0,0,17,3,23,2,4,2
faltb001,PIT,MIL,PIT202409240,2024-09-24,0,1,15,5,23,1,5,4
faltb001,PIT,NYA,NYA202409290,2024-09-29,0,0,9,0,14,3,4,4
faltb001,PIT,MIA,MIA202503290,2025-03-29,0,0,18,4,25,0,7,2
faltb001,PIT,NYA,PIT202504050,2025-04-05,0,1,12,5,20,1,7,7
faltb001,PIT,CIN,CIN202504110,2025-04-11,0,0,15,4,21,5,3,3
faltb001,PIT,WAS,PIT202504160,2025-04-16,0,1,21,2,21,1,2,0
faltb001,PIT,ANA,ANA202504220,2025-04-22,0,0,12,5,17,0,5,3
faltb001,PIT,LAN,LAN202504270,2025-04-27,0,0,13,2,23,2,8,5
faltb001,PIT,SDN,PIT202505030,2025-05-03,0,1,21,6,24,2,2,1
faltb001,PIT,ATL,PIT202505090,2025-05-09,0,1,18,3,22,2,2,0
faltb001,PIT,NYN,NYN202505140,2025-05-14,0,0,11,3,17,5,3,0
faltb001,PIT,CIN,PIT202505200,2025-05-20,0,1,21,5,24,0,4,0
faltb001,PIT,MIL,PIT202505250,2025-05-25,0,1,17,1,24,3,4,2
faltb001,PIT,SDN,SDN202505310,2025-05-31,0,0,19,1,20,1,2,0
faltb001,PIT,PHI,PIT202506060,2025-06-06,0,1,11,2,18,2,5,4
faltb001,PIT,MIA,PIT202506110,2025-06-11,0,1,16,3,22,1,5,1
faltb001,PIT,DET,DET202506170,2025-06-17,0,0,15,4,20,1,5,3
faltb001,PIT,TEX,PIT202506220,2025-06-22,0,1,16,1,25,5,6,3
faltb001,PIT,NYN,PIT202506280,2025-06-28,0,1,5,1,10,1,4,1
faltb001,PIT,SEA,SEA202507040,2025-07-04,0,0,17,4,21,0,3,3
faltb001,PIT,KCA,KCA202507090,2025-07-09,0,0,14,3,21,2,6,3
faltb001,PIT,CHA,PIT202507180,2025-07-18,0,1,12,2,18,1,6,4
faltb001,PIT,DET,PIT202507230,2025-07-23,0,1,21,8,25,0,4,1
faltb001,PIT,SFN,SFN202507290,2025-07-29,0,0,15,1,19,4,2,1
faltb001,KCA,BOS,BOS202508040,2025-08-04,0,0,12,2,21,2,8,7
faltb001,KCA,WAS,KCA202508110,2025-08-11,0,1,12,5,18,3,3,2
farmb001,CIN,PIT,PIT202408230,2024-08-23,0,0,6,2,6,0,0,0
farrm001,ANA,KCA,KCA202509020,2025-09-02,0,0,15,3,19,2,3,1
farrm001,ANA,ATH,ANA202509070,2025-09-07,0,1,18,4,22,1,3,2
farrm001,ANA,SEA,SEA202509130,2025-09-13,0,0,12,7,22,4,5,5
farrm001,ANA,COL,COL202509190,2025-09-19,0,0,13,5,23,2,8,6
farrm001,ANA,KCA,ANA202509250,2025-09-25,0,1,15,5,21,2,5,4
fedde001,CHA,DET,CHA202403310,2024-03-31,0,1,14,7,20,1,5,2
fedde001,CHA,KCA,KCA202404050,2024-04-05,0,0,15,4,23,2,6,1
fedde001,CHA,CLE,CLE202404100,2024-04-10,0,0,15,3,24,3,4,4
fedde001,CHA,KCA,CHA202404172,2024-04-17,2,1,17,5,22,3,3,0
fedde001,CHA,MIN,MIN202404230,2024-04-23,0,0,18,11,21,0,3,1
fedde001,CHA,TBA,CHA202404280,2024-04-28,0,1,25,9,32,0,7,2
fedde001,CHA,SLN,SLN202405040,2024-05-04,0,0,13,2,22,5,4,5
fedde001,CHA,CLE,CHA202405090,2024-05-09,0,1,18,3,24,0,6,0
fedde001,CHA,WAS,CHA202405142,2024-05-14,2,1,21,6,24,0,3,0
fedde001,CHA,TOR,TOR202405200,2024-05-20,0,0,18,2,25,1,7,5
fedde001,CHA,BAL,CHA202405250,2024-05-25,0,1,19,6,25,3,3,0
fedde001,CHA,MIL,MIL202405310,2024-05-31,0,0,15,8,27,4,9,4
fedde001,CHA,CHN,CHN202406050,2024-06-05,0,0,15,7,22,0,6,3
fedde001,CHA,SEA,SEA202406100,2024-06-10,0,0,21,4,26,1,5,1
fedde001,CHA,ARI,ARI202406150,2024-06-15,0,0,18,6,26,0,8,2
fedde001,CHA,DET,DET202406210,2024-06-21,0,0,21,3,26,1,5,2
fedde001,CHA,LAN,CHA202406260,2024-06-26,0,1,18,5,24,1,5,4
fedde001,CHA,CLE,CLE202407030,2024-07-03,0,0,18,3,24,3,3,1
fedde001,CHA,MIN,CHA202407101,2024-07-10,1,1,15,5,21,2,4,0
fedde001,CHA,TEX,TEX202407220,2024-07-22,0,0,19,5,24,2,3,2
fedde001,CHA,SEA,CHA202407270,2024-07-27,0,1,12,4,20,2,6,3
fedde001,SLN,CHN,CHN202408020,2024-08-02,0,0,15,4,21,0,6,5
fedde001,SLN,TBA,SLN202408070,2024-08-07,0,1,15,6,21,2,4,1
fedde001,SLN,CIN,CIN202408130,2024-08-13,0,0,18,2,25,2,6,4
fedde001,SLN,MIL,SLN202408200,2024-08-20,0,1,17,2,24,4,6,2
fedde001,SLN,MIN,MIN202408250,2024-08-25,0,0,18,7,23,3,2,1
fedde001,SLN,NYA,NYA202408300,2024-08-30,0,0,16,8,21,1,4,4
fedde001,SLN,SEA,SLN202409060,2024-09-06,0,1,14,1,22,3,5,1
fedde001,SLN,TOR,TOR202409130,2024-09-13,0,0,15,3,20,1,6,3
fedde001,SLN,PIT,SLN202409190,2024-09-19,0,1,18,3,23,1,4,1
fedde001,SLN,COL,COL202409250,2024-09-25,0,0,21,10,24,1,6,1
fedde001,SLN,MIN,SLN202503290,2025-03-29,0,1,18,2,20,0,2,1
fedde001,SLN,BOS,BOS202504040,2025-04-04,0,0,9,1,17,4,5,6
fedde001,SLN,PIT,PIT202504090,2025-04-09,0,0,18,2,20,4,0,0
fedde001,SLN,HOU,SLN202504150,2025-04-15,0,1,18,5,26,3,6,1
fedde001,SLN,ATL,ATL202504210,2025-04-21,0,0,18,3,24,3,5,2
fedde001,SLN,MIL,SLN202504270,2025-04-27,0,1,17,4,29,2,10,7
fedde001,SLN,NYN,SLN202505041,2025-05-04,1,1,15,4,26,5,6,3
fedde001,SLN,WAS,WAS202505090,2025-05-09,0,0,27,8,31,0,6,0
fedde001,SLN,PHI,PHI202505141,2025-05-14,1,0,17,3,23,4,3,0
fedde001,SLN,DET,SLN202505200,2025-05-20,0,1,15,2,20,0,5,4
fedde001,SLN,BAL,BAL202505260,2025-05-26,0,0,15,5,24,1,7,3
fedde001,SLN,TEX,TEX202506010,2025-06-01,0,0,18,5,24,3,4,2
fedde001,SLN,LAN,SLN202506070,2025-06-07,0,1,16,2,24,4,4,0
fedde001,SLN,MIL,MIL202506130,2025-06-13,0,0,16,5,21,1,4,3
fedde001,SLN,CHA,CHA202506191,2025-06-19,1,0,15,4,24,2,6,1
fedde001,SLN,CHN,SLN202506250,2025-06-25,0,1,11,2,21,2,8,7
fedde001,SLN,PIT,PIT202506300,2025-06-30,0,0,15,0,26,3,10,7
fedde001,SLN,CHN,CHN202507060,2025-07-06,0,0,4,0,10,4,2,3
fedde001,SLN,ATL,SLN202507120,2025-07-12,0,1,14,1,20,1,6,3
fedde001,SLN,COL,COL202507220,2025-07-22,0,0,9,5,16,1,7,6
fedde001,ATL,KCA,KCA202507290,2025-07-29,0,0,14,3,20,2,5,4
fedde001,ATL,MIL,ATL202508040,2025-08-04,0,1,16,0,21,2,3,3
fedde001,ATL,MIA,ATL202508092,2025-08-09,2,1,15,4,24,4,5,4
fedde001,ATL,CLE,CLE202508170,2025-08-17,0,0,12,5,21,3,6,4
feltr001,COL,ARI,ARI202403310,2024-03-31,0,0,15,4,22,2,5,3
feltr001,COL,TBA,COL202404060,2024-04-06,0,1,18,10,22,2,2,1
feltr001,COL,TOR,TOR202404120,2024-04-12,0,0,15,4,24,2,8,2
feltr001,COL,PHI,PHI202404170,2024-04-17,0,0,16,8,27,2,9,6
feltr001,COL,SDN,COL202404230,2024-04-23,0,1,12,4,22,2,10,4
feltr001,COL,MIA,MIA202404300,2024-04-30,0,0,24,3,28,0,5,3
feltr001,COL,PIT,PIT202405050,2024-05-05,0,0,17,3,25,0,8,5
feltr001,COL,TEX,COL202405110,2024-05-11,0,1,18,4,25,2,5,2
feltr001,COL,SFN,SFN202405170,2024-05-17,0,0,12,2,21,2,7,5
feltr001,COL,OAK,OAK202405230,2024-05-23,0,0,18,6,24,2,4,0
feltr001,COL,CLE,COL202405280,2024-05-28,0,1,13,1,24,2,8,5
feltr001,COL,CIN,COL202406030,2024-06-03,0,1,13,3,22,0,10,8
feltr001,COL,SLN,SLN202406080,2024-06-08,0,0,16,7,21,1,2,0
feltr001,COL,PIT,COL202406140,2024-06-14,0,1,20,8,25,1,7,4
feltr001,COL,LAN,COL202406190,2024-06-19,0,1,15,6,25,2,7,6
feltr001,COL,HOU,HOU202406260,2024-06-26,0,0,18,2,25,1,6,2
feltr001,COL,MIL,COL202407020,2024-07-02,0,1,15,3,22,2,6,1
feltr001,COL,CIN,CIN202407080,2024-07-08,0,0,21,6,25,3,4,1
feltr001,COL,NYN,NYN202407130,2024-07-13,0,0,11,7,20,5,2,3
feltr001,COL,SFN,COL202407210,2024-07-21,0,1,21,6,26,1,6,2
feltr001,COL,SFN,SFN202407271,2024-07-27,1,0,18,6,26,4,4,1
feltr001,COL,ANA,ANA202408010,2024-08-01,0,0,18,3,26,1,7,3
feltr001,COL,NYN,COL202408070,2024-08-07,0,1,3,1,5,0,2,1
feltr001,COL,MIA,COL202408260,2024-08-26,0,1,15,2,22,2,7,2
feltr001,COL,BAL,COL202408310,2024-08-31,0,1,14,6,21,1,6,5
feltr001,COL,MIL,MIL202409060,2024-09-06,0,0,18,6,23,3,2,1
feltr001,COL,DET,DET202409120,2024-09-12,0,0,17,6,22,2,3,2
feltr001,COL,ARI,COL202409170,2024-09-17,0,1,20,2,27,2,5,1
feltr001,COL,SLN,COL202409240,2024-09-24,0,1,18,6,24,1,6,2
feltr001,COL,LAN,COL202409290,2024-09-29,0,1,18,3,21,2,2,0
feltr001,COL,TBA,TBA202503300,2025-03-30,0,0,15,5,20,1,4,2
feltr001,COL,ATH,COL202504040,2025-04-04,0,1,15,4,24,1,8,2
feltr001,COL,MIL,COL202504100,2025-04-10,0,1,18,7,24,2,3,1
feltr001,COL,LAN,LAN202504150,2025-04-15,0,0,8,1,18,6,5,5
feltr001,COL,KCA,KCA202504220,2025-04-22,0,0,21,4,24,1,3,1
feltr001,COL,ATL,COL202504280,2025-04-28,0,1,14,4,25,1,10,5
festd001,MIN,ARI,ARI202406270,2024-06-27,0,0,15,2,23,1,7,5
festd001,MIN,DET,MIN202407030,2024-07-03,0,1,15,6,24,0,9,7
festd001,MIN,NYN,NYN202407300,2024-07-30,0,0,15,6,19,1,3,2
festd001,MIN,CHN,CHN202408050,2024-08-05,0,0,15,9,19,2,2,0
festd001,MIN,CLE,MIN202408110,2024-08-11,0,1,10,3,16,3,3,1
festd001,MIN,TEX,TEX202408170,2024-08-17,0,0,15,6,21,0,6,2
festd001,MIN,SLN,MIN202408230,2024-08-23,0,1,11,5,16,2,3,3
festd001,MIN,ATL,MIN202408280,2024-08-28,0,1,18,7,21,1,2,2
festd001,MIN,TBA,TBA202409030,2024-09-03,0,0,15,7,21,1,5,2
festd001,MIN,ANA,MIN202409090,2024-09-09,0,1,12,4,18,3,4,4
festd001,MIN,CIN,MIN202409150,2024-09-15,0,1,11,4,18,3,3,2
festd001,MIN,BOS,BOS202409200,2024-09-20,0,0,15,6,21,3,4,1
festd001,MIN,MIA,MIN202409260,2024-09-26,0,1,13,5,21,1,7,3
festd001,MIN,DET,MIN202504110,2025-04-11,0,1,14,4,19,1,3,0
festd001,MIN,NYN,MIN202504160,2025-04-16,0,1,13,6,19,1,5,0
festd001,MIN,CHA,MIN202504230,2025-04-23,0,1,12,5,18,3,4,2
festd001,MIN,ATH,ATH202506050,2025-06-05,0,0,11,6,19,2,6,8
festd001,MIN,TEX,MIN202506110,2025-06-11,0,1,18,4,22,2,3,2
festd001,MIN,CIN,CIN202506170,2025-06-17,0,0,11,4,18,3,2,2
festd001,MIN,DET,DET202506270,2025-06-27,0,0,17,6,20,0,2,0
festd001,MIN,MIA,MIA202507030,2025-07-03,0,0,18,7,23,1,5,4
festd001,MIN,CHN,MIN202507090,2025-07-09,0,1,16,3,21,2,3,2
festd001,MIN,LAN,LAN202507210,2025-07-21,0,0,16,5,22,1,4,4
fishb002,TOR,ATH,TOR202505310,2025-05-31,0,1,4,1,9,1,4,5
fittr001,BOS,CHA,BOS202409080,2024-09-08,0,1,17,2,22,1,6,0
fittr001,BOS,NYA,NYA202409130,2024-09-13,0,0,15,2,20,3,2,0
fittr001,BOS,MIN,BOS202409200,2024-09-20,0,1,15,3,21,1,5,0
fittr001,BOS,TOR,TOR202409250,2024-09-25,0,0,15,2,22,2,6,4
fittr001,BOS,TEX,TEX202503300,2025-03-30,0,0,18,4,24,0,6,3
fittr001,BOS,TOR,BOS202504070,2025-04-07,0,1,18,4,28,4,6,3
fittr001,BOS,CHA,CHA202504120,2025-04-12,0,0,15,5,18,1,2,0
fittr001,BOS,MIL,MIL202505270,2025-05-27,0,0,9,2,12,1,2,0
fittr001,BOS,ANA,BOS202506020,2025-06-02,0,1,3,0,9,1,4,5
fittr001,BOS,ANA,ANA202506250,2025-06-25,0,0,12,6,18,1,4,2
fittr001,BOS,CIN,BOS202507010,2025-07-01,0,1,9,1,12,1,2,1
fittr001,BOS,COL,BOS202507070,2025-07-07,0,1,17,6,22,1,5,2
fittr001,BOS,PHI,PHI202507220,2025-07-22,0,0,10,4,17,0,6,4
fittr001,BOS,MIN,MIN202507280,2025-07-28,0,0,12,2,17,3,4,2
flahj002,DET,CHA,CHA202403310,2024-03-31,0,0,18,7,23,0,4,1
flahj002,DET,OAK,DET202404070,2024-04-07,0,1,18,5,28,1,9,6
flahj002,DET,MIN,DET202404140,2024-04-14,0,1,19,8,28,2,6,3
flahj002,DET,MIN,MIN202404190,2024-04-19,0,0,18,10,24,1,4,2
flahj002,DET,TBA,TBA202404240,2024-04-24,0,0,15,6,21,0,7,4
flahj002,DET,SLN,DET202404301,2024-04-30,1,1,20,14,23,1,2,0
flahj002,DET,CLE,CLE202405060,2024-05-06,0,0,18,6,23,1,6,2
flahj002,DET,HOU,DET202405120,2024-05-12,0,1,20,7,24,0,7,3
flahj002,DET,ARI,ARI202405180,2024-05-18,0,0,18,9,24,2,5,2
flahj002,DET,TOR,DET202405230,2024-05-23,0,1,19,9,25,1,7,3
flahj002,DET,BOS,BOS202405300,2024-05-30,0,0,20,9,22,1,1,0
flahj002,DET,TEX,TEX202406040,2024-06-04,0,0,15,4,16,0,2,0
flahj002,DET,HOU,HOU202406150,2024-06-15,0,0,15,6,19,1,3,0
flahj002,DET,CHA,DET202406210,2024-06-21,0,1,17,8,24,2,5,1
flahj002,DET,ANA,ANA202406270,2024-06-27,0,0,17,7,25,1,7,5
flahj002,DET,CLE,DET202407110,2024-07-11,0,1,18,4,22,2,2,1
flahj002,DET,TOR,TOR202407190,2024-07-19,0,0,17,8,21,1,3,2
flahj002,DET,CLE,CLE202407240,2024-07-24,0,0,18,6,23,2,3,0
flahj002,LAN,OAK,OAK202408030,2024-08-03,0,0,18,7,25,1,5,0
flahj002,LAN,PIT,LAN202408090,2024-08-09,0,1,17,10,27,1,9,4
flahj002,LAN,MIL,MIL202408150,2024-08-15,0,0,15,7,20,2,4,3
flahj002,LAN,SEA,LAN202408210,2024-08-21,0,1,17,5,25,1,5,1
flahj002,LAN,BAL,LAN202408270,2024-08-27,0,1,18,5,25,2,6,3
flahj002,LAN,ARI,ARI202409020,2024-09-02,0,0,17,7,23,3,5,1
flahj002,LAN,CLE,LAN202409080,2024-09-08,0,1,22,6,25,0,4,0
flahj002,LAN,ATL,ATL202409140,2024-09-14,0,0,9,4,18,4,5,4
flahj002,LAN,MIA,MIA202409190,2024-09-19,0,0,18,5,25,2,5,3
flahj002,LAN,SDN,LAN202409250,2024-09-25,0,1,15,5,21,3,4,3
flahj002,DET,LAN,LAN202503280,2025-03-28,0,0,17,5,22,2,3,2
flahj002,DET,CHA,DET202504040,2025-04-04,0,1,17,7,22,2,3,1
flahj002,DET,NYA,DET202504090,2025-04-09,0,1,16,9,22,3,3,0
flahj002,DET,MIL,MIL202504150,2025-04-15,0,0,14,4,21,2,5,3
flahj002,DET,SDN,DET202504220,2025-04-22,0,1,18,9,24,0,5,2
flahj002,DET,HOU,HOU202504280,2025-04-28,0,0,15,4,21,2,6,4
flahj002,DET,ANA,ANA202505030,2025-05-03,0,0,17,8,26,1,8,4
flahj002,DET,TEX,DET202505100,2025-05-10,0,1,9,4,15,2,4,5
flahj002,DET,TOR,TOR202505160,2025-05-16,0,0,17,6,21,1,5,2
flahj002,DET,CLE,DET202505220,2025-05-22,0,1,20,8,26,3,3,3
flahj002,DET,SFN,DET202505270,2025-05-27,0,1,18,8,21,1,2,0
flahj002,DET,CHA,CHA202506020,2025-06-02,0,0,18,4,23,1,4,1
flahj002,DET,CHN,DET202506080,2025-06-08,0,1,18,9,22,3,2,0
flahj002,DET,CIN,DET202506140,2025-06-14,0,1,14,5,24,5,5,7
flahj002,DET,TBA,TBA202506200,2025-06-20,0,0,7,3,17,3,6,8
flahj002,DET,ATH,DET202506250,2025-06-25,0,1,18,7,26,4,5,3
flahj002,DET,WAS,WAS202507022,2025-07-02,2,0,15,9,21,2,5,3
flahj002,DET,TBA,DET202507080,2025-07-08,0,1,19,8,26,1,7,2
flahj002,DET,SEA,DET202507130,2025-07-13,0,1,15,7,20,2,4,2
flahj002,DET,PIT,PIT202507210,2025-07-21,0,0,9,6,18,3,6,3
flahj002,DET,TOR,DET202507270,2025-07-27,0,1,18,7,24,1,5,0
flahj002,DET,PHI,PHI202508010,2025-08-01,0,0,18,7,23,3,2,1
flahj002,DET,MIN,DET202508060,2025-08-06,0,1,14,3,24,1,8,5
flahj002,DET,CHA,CHA202508120,2025-08-12,0,0,13,6,22,1,8,5
flahj002,DET,HOU,DET202508180,2025-08-18,0,1,21,9,25,1,3,0
flahj002,DET,KCA,DET202508240,2025-08-24,0,1,15,3,25,0,10,8
flahj002,DET,KCA,KCA202508300,2025-08-30,0,0,17,4,21,2,4,1
flahj002,DET,CHA,DET202509050,2025-09-05,0,1,13,2,21,2,6,4
flahj002,DET,NYA,NYA202509100,2025-09-10,0,0,15,7,17,1,2,0
flahj002,DET,CLE,DET202509170,2025-09-17,0,1,15,4,22,4,3,1
flahj002,DET,CLE,CLE202509240,2025-09-24,0,0,13,6,19,0,5,3
flemj001,PIT,MIL,PIT202404240,2024-04-24,0,1,7,1,9,2,1,0
flemj001,PIT,COL,COL202406160,2024-06-16,0,0,12,2,16,0,4,0
flemj001,PIT,MIL,MIL202407090,2024-07-09,0,0,3,0,5,3,0,0
flexc001,CHA,ATL,CHA202404010,2024-04-01,0,1,13,1,22,3,6,4
flexc001,CHA,KCA,KCA202404060,2024-04-06,0,0,19,4,25,2,6,3
flexc001,CHA,CIN,CHA202404120,2024-04-12,0,1,8,2,16,1,7,6
flexc001,CHA,TBA,CHA202404260,2024-04-26,0,1,15,2,20,3,2,0
flexc001,CHA,MIN,CHA202405010,2024-05-01,0,1,15,4,20,2,4,2
flexc001,CHA,TBA,TBA202405080,2024-05-08,0,0,18,8,21,1,3,1
flexc001,CHA,WAS,CHA202405141,2024-05-14,1,1,14,5,22,1,7,3
flexc001,CHA,NYA,NYA202405190,2024-05-19,0,0,12,4,21,1,8,7
flexc001,CHA,BAL,CHA202405240,2024-05-24,0,1,14,2,21,2,5,4
flexc001,CHA,TOR,CHA202405290,2024-05-29,0,1,15,6,23,5,4,2
flexc001,CHA,CHN,CHN202406040,2024-06-04,0,0,15,4,18,0,3,1
flexc001,CHA,BOS,CHA202406090,2024-06-09,0,1,15,3,18,2,2,2
flexc001,CHA,ARI,ARI202406140,2024-06-14,0,0,10,2,20,2,9,4
flexc001,CHA,HOU,CHA202406200,2024-06-20,0,1,18,6,25,3,5,1
flexc001,CHA,LAN,CHA202406250,2024-06-25,0,1,17,3,27,3,6,4
flexc001,CHA,CLE,CLE202407020,2024-07-02,0,0,18,3,26,1,6,3
flexc001,CHA,MIN,CHA202407080,2024-07-08,0,1,18,4,23,1,7,2
flexc001,CHA,PIT,CHA202407130,2024-07-13,0,1,18,4,25,2,5,2
flexc001,CHA,KCA,KCA202407190,2024-07-19,0,0,14,4,24,5,4,7
flexc001,CHA,TEX,TEX202407240,2024-07-24,0,0,14,3,23,2,7,3
flexc001,CHA,KCA,CHA202407290,2024-07-29,0,1,18,2,26,0,9,2
flexc001,CHA,MIN,MIN202408040,2024-08-04,0,0,5,3,15,3,7,6
flexc001,CHA,CHN,CHA202408100,2024-08-10,0,1,12,1,19,4,3,0
flexc001,CHA,HOU,HOU202408170,2024-08-17,0,0,12,1,19,1,7,4
flexc001,CHA,DET,CHA202408230,2024-08-23,0,1,18,5,26,2,5,2
flexc001,CHA,BAL,BAL202409020,2024-09-02,0,0,10,5,20,2,7,3
flexc001,CHA,BOS,BOS202409080,2024-09-08,0,0,18,6,22,1,6,2
flexc001,CHA,OAK,CHA202409140,2024-09-14,0,1,15,8,22,2,6,0
flexc001,CHA,SDN,SDN202409210,2024-09-21,0,0,15,3,25,2,8,4
flexc001,CHA,ANA,CHA202409260,2024-09-26,0,1,19,7,23,1,5,0
flexc001,CHN,NYA,NYA202507110,2025-07-11,0,0,12,2,18,3,3,3
fostm001,CHA,TEX,CHA202408280,2024-08-28,0,1,6,1,9,1,2,0
franb002,TOR,HOU,HOU202404010,2024-04-01,0,0,16,7,26,1,10,7
franb002,TOR,NYA,NYA202404070,2024-04-07,0,0,9,5,15,3,2,5
franb002,TOR,OAK,OAK202406090,2024-06-09,0,0,12,3,16,1,3,0
franb002,TOR,BAL,BAL202407292,2024-07-29,2,0,17,2,22,1,6,3
franb002,TOR,BAL,TOR202408070,2024-08-07,0,1,15,7,19,1,3,2
franb002,TOR,ANA,ANA202408120,2024-08-12,0,0,21,8,22,0,1,1
franb002,TOR,CHN,CHN202408180,2024-08-18,0,0,21,7,25,0,3,0
franb002,TOR,ANA,TOR202408240,2024-08-24,0,1,24,12,28,3,1,1
franb002,TOR,BOS,BOS202408290,2024-08-29,0,0,21,5,22,0,1,0
franb002,TOR,PHI,TOR202409040,2024-09-04,0,1,18,6,24,0,6,3
franb002,TOR,NYN,TOR202409110,2024-09-11,0,1,24,1,28,1,1,1
franb002,TOR,TEX,TEX202409180,2024-09-18,0,0,18,6,25,1,5,2
franb002,TOR,BOS,TOR202409240,2024-09-24,0,1,15,4,18,1,3,0
franb002,TOR,WAS,TOR202503310,2025-03-31,0,1,18,4,23,3,2,2
franb002,TOR,NYN,NYN202504060,2025-04-06,0,0,16,6,23,2,6,2
franb002,TOR,BAL,BAL202504120,2025-04-12,0,0,17,5,23,2,3,3
franb002,TOR,SEA,TOR202504180,2025-04-18,0,1,18,5,22,1,5,1
franb002,TOR,HOU,HOU202504230,2025-04-23,0,0,14,2,22,1,8,3
franb002,TOR,BOS,TOR202504290,2025-04-29,0,1,9,1,17,0,8,7
franb002,TOR,CLE,TOR202505040,2025-05-04,0,1,13,2,19,1,6,4
franb002,TOR,SEA,SEA202505100,2025-05-10,0,0,20,5,27,1,6,3
franb002,TOR,DET,TOR202505160,2025-05-16,0,1,14,6,25,2,8,4
franb002,TOR,SDN,TOR202505220,2025-05-22,0,1,12,4,17,3,3,2
franb002,TOR,TEX,TEX202505270,2025-05-27,0,0,15,6,19,1,3,0
franb002,TOR,PHI,TOR202506030,2025-06-03,0,1,5,2,15,2,7,6
franb002,TOR,MIN,MIN202506080,2025-06-08,0,0,10,2,19,5,5,4
franb002,TOR,PHI,PHI202506140,2025-06-14,0,0,11,4,17,3,1,2
franj006,HOU,NYA,HOU202403310,2024-03-31,0,1,17,5,24,1,6,3
franj006,HOU,TEX,TEX202404060,2024-04-06,0,0,17,4,27,2,8,3
franj006,HOU,TEX,HOU202404120,2024-04-12,0,1,12,3,25,4,8,8
franj006,HOU,ATL,HOU202404170,2024-04-17,0,1,15,4,22,1,4,2
franj006,HOU,CHN,CHN202404230,2024-04-23,0,0,15,6,23,4,5,5
freek001,COL,ARI,ARI202403280,2024-03-28,0,0,7,2,17,1,10,10
freek001,COL,CHN,CHN202404020,2024-04-02,0,0,10,2,23,3,9,7
freek001,COL,ARI,COL202404080,2024-04-08,0,1,15,2,24,2,6,2
freek001,COL,TOR,TOR202404140,2024-04-14,0,0,15,3,23,2,7,4
freek001,COL,WAS,COL202406230,2024-06-23,0,1,18,4,20,1,1,0
freek001,COL,CHA,CHA202406300,2024-06-30,0,0,20,3,28,2,7,2
freek001,COL,KCA,COL202407050,2024-07-05,0,1,21,5,28,1,7,1
freek001,COL,CIN,CIN202407100,2024-07-10,0,0,20,9,27,1,8,2
freek001,COL,SFN,COL202407200,2024-07-20,0,1,18,4,24,1,5,2
freek001,COL,SFN,SFN202407260,2024-07-26,0,0,12,8,21,1,8,6
freek001,COL,ANA,ANA202407310,2024-07-31,0,0,21,6,25,0,6,1
freek001,COL,NYN,COL202408060,2024-08-06,0,1,14,7,20,2,4,3
freek001,COL,ATL,COL202408110,2024-08-11,0,1,11,1,15,1,4,3
freek001,COL,SDN,COL202408170,2024-08-17,0,1,15,3,24,3,8,5
freek001,COL,NYA,NYA202408230,2024-08-23,0,0,20,3,27,2,5,2
freek001,COL,MIA,COL202408280,2024-08-28,0,1,18,5,25,1,6,2
freek001,COL,ATL,ATL202409030,2024-09-03,0,0,15,5,20,0,6,1
freek001,COL,MIL,MIL202409080,2024-09-08,0,0,18,4,22,0,3,0
freek001,COL,CHN,COL202409140,2024-09-14,0,1,21,3,29,1,7,3
freek001,COL,LAN,LAN202409200,2024-09-20,0,0,18,2,25,0,7,4
freek001,COL,SLN,COL202409260,2024-09-26,0,1,13,4,23,1,10,6
freek001,COL,TBA,TBA202503280,2025-03-28,0,0,18,7,20,0,2,0
freek001,COL,PHI,PHI202504020,2025-04-02,0,0,20,3,29,0,9,3
freek001,COL,MIL,COL202504080,2025-04-08,0,1,19,5,27,0,8,5
freek001,COL,SDN,SDN202504130,2025-04-13,0,0,15,2,24,2,8,5
freek001,COL,WAS,COL202504201,2025-04-20,1,1,6,2,10,1,3,1
freek001,COL,CIN,COL202504250,2025-04-25,0,1,13,4,25,1,10,6
freek001,COL,SFN,SFN202505010,2025-05-01,0,0,18,5,26,2,7,3
freek001,COL,DET,COL202505081,2025-05-08,1,1,9,2,21,1,11,5
freek001,COL,TEX,TEX202505130,2025-05-13,0,0,18,5,25,1,6,3
freek001,COL,PHI,COL202505190,2025-05-19,0,1,16,6,24,2,7,1
freek001,COL,NYA,COL202505240,2025-05-24,0,1,14,3,25,3,9,4
freek001,COL,NYN,NYN202505300,2025-05-30,0,0,18,4,24,0,7,3
freek001,COL,MIA,MIA202506040,2025-06-04,0,0,19,4,23,0,4,0
freek001,COL,SFN,COL202506110,2025-06-11,0,1,18,5,25,2,7,3
freek001,COL,MIL,MIL202506270,2025-06-27,0,0,12,2,21,3,8,6
freek001,COL,HOU,COL202507030,2025-07-03,0,1,18,2,26,2,6,3
freek001,COL,BOS,BOS202507080,2025-07-08,0,0,17,6,23,2,4,3
freek001,COL,MIN,COL202507180,2025-07-18,0,1,18,3,26,3,5,1
freek001,COL,BAL,BAL202507250,2025-07-25,0,0,18,4,25,1,7,4
freek001,COL,CLE,CLE202507300,2025-07-30,0,0,9,0,12,0,3,2
freek001,COL,TOR,COL202508060,2025-08-06,0,1,14,4,25,2,7,6
freek001,COL,SLN,SLN202508120,2025-08-12,0,0,22,2,27,2,5,0
freek001,COL,LAN,COL202508180,2025-08-18,0,1,12,5,18,1,6,2
freek001,COL,PIT,PIT202508230,2025-08-23,0,0,15,6,24,3,7,5
freek001,COL,HOU,HOU202508280,2025-08-28,0,0,18,6,26,0,8,3
freek001,COL,SFN,COL202509020,2025-09-02,0,1,0,0,2,0,2,2
freek001,COL,SDN,COL202509050,2025-09-05,0,1,24,10,26,0,2,0
freek001,COL,LAN,LAN202509100,2025-09-10,0,0,17,5,28,1,9,1
freek001,COL,MIA,COL202509160,2025-09-16,0,1,17,1,27,1,8,6
freek001,COL,ANA,COL202509210,2025-09-21,0,1,18,7,23,1,5,1
freek001,COL,SFN,SFN202509270,2025-09-27,0,0,18,4,22,1,3,3
friem001,ATL,PHI,PHI202403300,2024-03-30,0,0,2,1,7,3,2,3
friem001,ATL,ARI,ATL202404060,2024-04-06,0,1,13,5,25,1,10,7
friem001,ATL,MIA,MIA202404120,2024-04-12,0,0,19,4,24,1,4,1
friem001,ATL,HOU,HOU202404170,2024-04-17,0,0,15,2,24,4,7,3
friem001,ATL,MIA,ATL202404230,2024-04-23,0,1,27,6,29,0,3,0
friem001,ATL,SEA,SEA202404290,2024-04-29,0,0,18,7,20,2,0,0
friem001,ATL,LAN,LAN202405050,2024-05-05,0,0,21,7,28,3,4,4
friem001,ATL,NYN,NYN202405110,2024-05-11,0,0,21,5,24,3,0,0
friem001,ATL,SDN,ATL202405170,2024-05-17,0,1,13,2,24,3,9,3
friem001,ATL,CHN,CHN202405220,2024-05-22,0,0,27,9,30,0,3,1
friem001,ATL,WAS,ATL202405280,2024-05-28,0,1,24,6,27,1,7,0
friem001,ATL,BOS,BOS202406040,2024-06-04,0,0,21,13,28,1,4,2
friem001,ATL,BAL,BAL202406110,2024-06-11,0,0,15,3,23,2,6,4
friem001,ATL,DET,ATL202406170,2024-06-17,0,1,16,6,23,3,4,1
friem001,ATL,NYA,NYA202406230,2024-06-23,0,0,18,4,22,0,6,1
friem001,ATL,PIT,ATL202406290,2024-06-29,0,1,18,4,27,3,6,1
friem001,ATL,PHI,ATL202407050,2024-07-05,0,1,18,4,31,1,11,5
friem001,ATL,ARI,ARI202407110,2024-07-11,0,0,18,7,25,3,5,1
friem001,ATL,MIA,ATL202408040,2024-08-04,0,1,10,6,19,5,4,5
friem001,ATL,COL,COL202408100,2024-08-10,0,0,15,9,25,3,7,4
friem001,ATL,SFN,SFN202408150,2024-08-15,0,0,16,5,24,3,5,3
friem001,ATL,PHI,ATL202408210,2024-08-21,0,1,21,4,24,1,4,2
friem001,ATL,MIN,MIN202408260,2024-08-26,0,0,15,7,20,0,4,1
friem001,ATL,PHI,PHI202408310,2024-08-31,0,0,21,4,28,4,5,3
friem001,ATL,TOR,ATL202409060,2024-09-06,0,1,21,8,29,1,5,0
friem001,ATL,WAS,WAS202409110,2024-09-11,0,0,18,6,27,0,11,4
friem001,ATL,LAN,ATL202409160,2024-09-16,0,1,18,7,23,3,2,3
friem001,ATL,MIA,MIA202409210,2024-09-21,0,0,18,6,24,1,5,1
friem001,ATL,KCA,ATL202409270,2024-09-27,0,1,26,9,30,2,3,0
friem001,NYA,MIL,NYA202503290,2025-03-29,0,1,14,4,29,2,7,2
friem001,NYA,PIT,PIT202504040,2025-04-04,0,0,17,6,23,1,6,1
friem001,NYA,DET,DET202504090,2025-04-09,0,0,21,11,26,0,5,0
friem001,NYA,KCA,NYA202504150,2025-04-15,0,1,20,7,27,2,5,2
friem001,NYA,TBA,TBA202504200,2025-04-20,0,0,23,2,27,2,2,0
friem001,NYA,TOR,NYA202504271,2025-04-27,1,1,18,3,25,2,5,0
friem001,NYA,TBA,NYA202505020,2025-05-02,0,1,21,6,24,2,1,0
friem001,NYA,SDN,NYA202505070,2025-05-07,0,1,21,8,27,0,5,1
friem001,NYA,SEA,SEA202505130,2025-05-13,0,0,15,5,20,2,4,1
friem001,NYA,NYN,NYA202505180,2025-05-18,0,1,18,8,23,2,3,2
friem001,NYA,COL,COL202505240,2025-05-24,0,0,22,7,26,1,6,1
friem001,NYA,LAN,LAN202505300,2025-05-30,0,0,15,3,22,0,8,6
friem001,NYA,CLE,NYA202506050,2025-06-05,0,1,18,7,20,2,1,0
friem001,NYA,KCA,KCA202506100,2025-06-10,0,0,21,4,27,0,6,2
friem001,NYA,BOS,BOS202506150,2025-06-15,0,0,21,9,27,2,6,2
friem001,NYA,BAL,NYA202506200,2025-06-20,0,1,18,7,27,0,7,3
friem001,NYA,CIN,CIN202506250,2025-06-25,0,0,21,7,25,1,4,0
friem001,NYA,TOR,TOR202507010,2025-07-01,0,0,18,2,23,2,3,4
friem001,NYA,NYN,NYN202507060,2025-07-06,0,0,15,5,23,1,6,3
friem001,NYA,CHN,NYA202507120,2025-07-12,0,1,9,2,18,3,6,3
friem001,NYA,TOR,TOR202507230,2025-07-23,0,0,16,3,26,3,6,4
friem001,NYA,TBA,NYA202507290,2025-07-29,0,1,20,9,27,2,4,2
friem001,NYA,TEX,TEX202508040,2025-08-04,0,0,15,7,25,3,8,4
friem001,NYA,HOU,NYA202508100,2025-08-10,0,1,15,3,26,1,8,4
friem001,NYA,SLN,SLN202508160,2025-08-16,0,0,15,6,24,1,8,7
friem001,NYA,BOS,NYA202508220,2025-08-22,0,1,18,7,24,3,4,0
friem001,NYA,WAS,NYA202508270,2025-08-27,0,1,21,6,26,2,4,1
friem001,NYA,HOU,HOU202509020,2025-09-02,0,0,21,5,28,3,4,1
friem001,NYA,TOR,NYA202509070,2025-09-07,0,1,21,4,28,1,6,3
friem001,NYA,BOS,BOS202509130,2025-09-13,0,0,16,6,26,2,9,2
friem001,NYA,BAL,BAL202509180,2025-09-18,0,0,21,13,25,1,3,0
friem001,NYA,CHA,NYA202509240,2025-09-24,0,1,21,7,27,2,4,1
fuend001,ATL,MIA,MIA202506200,2025-06-20,0,0,15,3,22,1,6,4
fuend001,ATL,NYN,NYN202506250,2025-06-25,0,0,10,1,18,0,8,6
fuend001,ATL,ANA,ATL202507020,2025-07-02,0,1,11,6,18,3,4,2
fuend001,ATL,ATH,ATH202507080,2025-07-08,0,0,3,2,11,2,5,8
fulmc001,ANA,SEA,ANA202407140,2024-07-14,0,1,14,7,17,1,0,0
fulmc001,ANA,OAK,OAK202407210,2024-07-21,0,0,14,3,20,2,5,3
fulmc001,ANA,OAK,ANA202407260,2024-07-26,0,1,17,3,21,3,2,3
fulmc001,ANA,COL,ANA202408010,2024-08-01,0,1,18,8,23,1,3,2
fulmc001,ANA,NYA,NYA202408072,2024-08-07,2,0,12,1,20,1,7,2
fulmc001,ANA,TOR,ANA202408130,2024-08-13,0,1,9,3,16,2,5,5
fulmc001,ANA,KCA,KCA202408190,2024-08-19,0,0,12,4,20,3,5,2
fulmc001,ANA,TOR,TOR202408240,2024-08-24,0,0,18,8,26,2,7,2
gagem001,SFN,NYN,SFN202507270,2025-07-27,0,1,3,1,3,0,0,0
gagem001,SFN,WAS,SFN202508080,2025-08-08,0,1,3,1,3,0,0,0
gallz001,ARI,COL,ARI202403280,2024-03-28,0,1,15,3,21,2,3,1
gallz001,ARI,NYA,ARI202404020,2024-04-02,0,1,18,6,22,3,3,0
gallz001,ARI,COL,COL202404080,2024-04-08,0,0,15,10,23,0,8,3
gallz001,ARI,SLN,ARI202404140,2024-04-14,0,1,18,7,23,2,4,0
gallz001,ARI,SFN,SFN202404200,2024-04-20,0,0,15,6,25,1,9,5
gallz001,ARI,SEA,SEA202404260,2024-04-26,0,0,15,3,19,1,3,3
gallz001,ARI,CIN,CIN202405070,2024-05-07,0,0,18,6,22,3,1,0
gallz001,ARI,BAL,BAL202405120,2024-05-12,0,0,18,4,23,2,4,2
gallz001,ARI,DET,ARI202405180,2024-05-18,0,1,20,10,27,0,7,3
gallz001,ARI,MIA,ARI202405240,2024-05-24,0,1,21,5,27,1,8,3
gallz001,ARI,NYN,NYN202405300,2024-05-30,0,0,0,0,1,0,1,0
gallz001,ARI,OAK,ARI202406290,2024-06-29,0,1,18,7,19,1,1,0
gallz001,ARI,LAN,LAN202407040,2024-07-04,0,0,12,4,19,3,4,3
gallz001,ARI,ATL,ARI202407090,2024-07-09,0,1,16,4,24,1,7,4
gallz001,ARI,TOR,ARI202407140,2024-07-14,0,1,11,1,20,1,9,6
gallz001,ARI,CHN,CHN202407200,2024-07-20,0,0,15,4,24,6,3,0
gallz001,ARI,PIT,ARI202407260,2024-07-26,0,1,18,6,27,3,5,3
gallz001,ARI,WAS,ARI202407310,2024-07-31,0,1,18,6,25,1,6,1
gallz001,ARI,CLE,CLE202408050,2024-08-05,0,0,21,4,29,2,8,5
gallz001,ARI,PHI,ARI202408100,2024-08-10,0,1,13,3,21,2,5,1
gallz001,ARI,TBA,TBA202408170,2024-08-17,0,0,15,3,25,2,9,4
gallz001,ARI,BOS,BOS202408240,2024-08-24,0,0,18,9,23,4,2,0
gallz001,ARI,LAN,ARI202408300,2024-08-30,0,1,15,7,24,2,6,5
gallz001,ARI,SFN,SFN202409040,2024-09-04,0,0,18,8,21,4,0,0
gallz001,ARI,TEX,ARI202409100,2024-09-10,0,1,15,7,19,2,2,0
gallz001,ARI,MIL,ARI202409150,2024-09-15,0,1,15,7,23,2,6,3
gallz001,ARI,MIL,MIL202409200,2024-09-20,0,0,15,5,23,1,7,4
gallz001,ARI,SFN,ARI202409250,2024-09-25,0,1,18,11,22,2,2,1
gallz001,ARI,CHN,ARI202503270,2025-03-27,0,1,12,4,21,4,4,4
gallz001,ARI,NYA,NYA202504020,2025-04-02,0,0,20,13,24,0,3,0
gallz001,ARI,BAL,ARI202504070,2025-04-07,0,1,14,2,24,4,7,5
gallz001,ARI,MIL,ARI202504130,2025-04-13,0,1,18,5,26,3,5,2
gallz001,ARI,CHN,CHN202504190,2025-04-19,0,0,18,5,27,2,7,6
gallz001,ARI,ATL,ARI202504250,2025-04-25,0,1,15,6,21,2,4,3
gallz001,ARI,NYN,NYN202505010,2025-05-01,0,0,18,8,23,3,2,1
gallz001,ARI,NYN,ARI202505060,2025-05-06,0,1,21,6,25,3,2,1
gallz001,ARI,LAN,ARI202505110,2025-05-11,0,1,17,5,27,2,10,4
gallz001,ARI,COL,ARI202505170,2025-05-17,0,1,15,5,25,2,8,6
gallz001,ARI,SLN,SLN202505230,2025-05-23,0,0,17,4,24,4,3,4
gallz001,ARI,PIT,ARI202505280,2025-05-28,0,1,15,3,25,3,6,5
gallz001,ARI,ATL,ATL202506030,2025-06-03,0,0,21,4,27,1,4,1
gallz001,ARI,CIN,CIN202506080,2025-06-08,0,0,20,5,27,3,6,4
gallz001,ARI,SDN,ARI202506140,2025-06-14,0,1,19,6,27,4,6,4
gallz001,ARI,COL,COL202506200,2025-06-20,0,0,15,5,26,1,10,7
gallz001,ARI,CHA,CHA202506250,2025-06-25,0,0,16,2,24,1,8,5
gallz001,ARI,SFN,ARI202507010,2025-07-01,0,1,21,10,25,0,5,1
gallz001,ARI,SDN,SDN202507070,2025-07-07,0,0,18,9,24,1,5,0
gallz001,ARI,ANA,ANA202507120,2025-07-12,0,0,15,3,24,2,8,6
gallz001,ARI,HOU,ARI202507210,2025-07-21,0,1,18,6,26,1,7,6
gallz001,ARI,PIT,PIT202507270,2025-07-27,0,0,18,5,25,1,5,4
gallz001,ARI,ATH,ATH202508020,2025-08-02,0,0,18,3,27,0,9,2
gallz001,ARI,COL,ARI202508080,2025-08-08,0,1,18,6,24,3,4,1
gallz001,ARI,TEX,TEX202508130,2025-08-13,0,0,15,1,23,2,5,3
gallz001,ARI,CLE,ARI202508180,2025-08-18,0,1,18,3,23,0,5,3
gallz001,ARI,CIN,ARI202508240,2025-08-24,0,1,18,7,23,1,4,1
gallz001,ARI,LAN,LAN202508290,2025-08-29,0,0,18,8,22,3,2,0
gallz001,ARI,TEX,ARI202509030,2025-09-03,0,1,18,5,24,1,4,0
gallz001,ARI,SFN,SFN202509090,2025-09-09,0,0,20,3,27,3,5,5
gallz001,ARI,SFN,ARI202509150,2025-09-15,0,1,18,6,21,1,2,1
gallz001,ARI,PHI,ARI202509200,2025-09-20,0,1,21,9,28,2,4,3
gallz001,ARI,SDN,SDN202509260,2025-09-26,0,0,13,3,24,3,7,5
garag001,TEX,MIN,MIN202405260,2024-05-26,0,0,11,2,16,4,2,1
garag001,TEX,ANA,TEX202409060,2024-09-06,0,1,8,1,11,1,3,2
garcl007,HOU,ANA,HOU202509010,2025-09-01,0,1,18,6,21,0,3,3
garcl007,HOU,TOR,TOR202509090,2025-09-09,0,0,5,1,7,1,0,0
garcr006,BAL,HOU,HOU202508160,2025-08-16,0,0,3,1,5,0,2,0
garrb001,MIA,PHI,MIA202405120,2024-05-12,0,1,16,8,23,2,5,5
garrb001,MIA,NYN,MIA202405180,2024-05-18,0,1,13,5,24,1,7,6
garrb001,MIA,ARI,ARI202405240,2024-05-24,0,0,27,6,31,0,4,0
garrb001,MIA,SDN,SDN202405290,2024-05-29,0,0,15,2,21,0,6,1
garrb001,MIA,TBA,MIA202406050,2024-06-05,0,1,8,3,15,1,6,5
garrb001,MIA,NYN,NYN202406120,2024-06-12,0,0,14,4,23,0,7,4
garrb001,MIA,SLN,MIA202406170,2024-06-17,0,1,18,6,24,0,5,1
garrr001,NYN,MIL,MIL202508090,2025-08-09,0,0,3,2,3,0,0,0
gassr001,MIL,SLN,MIL202405100,2024-05-10,0,1,18,4,20,0,2,0
gassr001,MIL,PIT,MIL202405150,2024-05-15,0,1,15,2,22,1,6,1
gassr001,MIL,MIA,MIA202405210,2024-05-21,0,0,18,0,29,0,10,4
gassr001,MIL,CHN,MIL202405270,2024-05-27,0,1,18,7,21,0,3,0
gassr001,MIL,CHA,MIL202406010,2024-06-01,0,1,15,3,22,0,7,3
gassr001,MIL,SLN,SLN202509210,2025-09-21,0,0,9,2,13,2,1,2
gassr001,MIL,CIN,MIL202509270,2025-09-27,0,1,8,3,16,2,4,0
gausk001,TOR,TBA,TBA202403310,2024-03-31,0,0,13,6,16,0,2,1
gausk001,TOR,NYA,NYA202404060,2024-04-06,0,0,4,0,11,2,4,5
gausk001,TOR,COL,TOR202404120,2024-04-12,0,1,11,4,21,0,10,6
gausk001,TOR,NYA,TOR202404170,2024-04-17,0,1,15,6,21,3,4,1
gausk001,TOR,KCA,KCA202404230,2024-04-23,0,0,20,2,28,1,7,0
gausk001,TOR,LAN,TOR202404280,2024-04-28,0,1,21,5,26,0,5,1
gausk001,TOR,WAS,WAS202405040,2024-05-04,0,0,16,8,21,2,3,0
gausk001,TOR,MIN,TOR202405110,2024-05-11,0,1,9,6,20,2,10,6
gausk001,TOR,TBA,TOR202405180,2024-05-18,0,1,18,6,26,1,8,3
gausk001,TOR,DET,DET202405230,2024-05-23,0,0,18,10,21,2,3,1
gausk001,TOR,CHA,CHA202405280,2024-05-28,0,0,18,3,22,1,4,1
gausk001,TOR,BAL,TOR202406030,2024-06-03,0,1,19,3,27,1,6,6
gausk001,TOR,OAK,OAK202406080,2024-06-08,0,0,27,10,32,1,5,0
gausk001,TOR,CLE,TOR202406140,2024-06-14,0,1,16,6,23,0,8,3
gausk001,TOR,BOS,TOR202406190,2024-06-19,0,1,17,4,27,3,6,4
gausk001,TOR,BOS,BOS202406250,2024-06-25,0,0,18,5,26,1,5,3
gausk001,TOR,NYA,TOR202406300,2024-06-30,0,1,13,7,26,5,7,7
gausk001,TOR,SEA,SEA202407050,2024-07-05,0,0,18,10,27,2,6,2
gausk001,TOR,SFN,SFN202407110,2024-07-11,0,0,21,3,27,0,6,2
gausk001,TOR,DET,TOR202407210,2024-07-21,0,1,20,5,27,3,5,4
gausk001,TOR,TEX,TOR202407270,2024-07-27,0,1,27,8,34,3,4,3
gausk001,TOR,NYA,NYA202408020,2024-08-02,0,0,14,2,23,3,8,4
gausk001,TOR,BAL,TOR202408080,2024-08-08,0,1,24,2,30,3,3,2
gausk001,TOR,ANA,ANA202408130,2024-08-13,0,0,21,5,27,2,6,0
gausk001,TOR,CIN,TOR202408190,2024-08-19,0,1,15,5,22,2,5,3
gausk001,TOR,ANA,TOR202408250,2024-08-25,0,1,21,10,23,0,2,1
gausk001,TOR,MIN,MIN202408300,2024-08-30,0,0,17,4,24,4,4,2
gausk001,TOR,ATL,ATL202409060,2024-09-06,0,0,18,5,26,3,6,3
gausk001,TOR,SLN,TOR202409130,2024-09-13,0,1,21,3,31,2,9,2
gausk001,TOR,TEX,TEX202409190,2024-09-19,0,0,15,6,16,1,0,0
gausk001,TOR,BOS,TOR202409250,2024-09-25,0,1,18,3,25,3,4,1
gausk001,TOR,BAL,TOR202503280,2025-03-28,0,1,18,4,22,1,3,2
gausk001,TOR,NYN,NYN202504040,2025-04-04,0,0,16,0,19,2,2,3
gausk001,TOR,BOS,BOS202504090,2025-04-09,0,0,24,10,27,0,4,0
gausk001,TOR,ATL,TOR202504150,2025-04-15,0,1,18,6,23,0,6,2
gausk001,TOR,HOU,HOU202504210,2025-04-21,0,0,18,6,25,3,6,4
gausk001,TOR,NYA,NYA202504271,2025-04-27,1,0,8,2,16,5,3,6
gausk001,TOR,CLE,TOR202505030,2025-05-03,0,1,18,9,20,1,1,0
gausk001,TOR,SEA,SEA202505090,2025-05-09,0,0,16,3,23,0,7,3
gausk001,TOR,TBA,TOR202505150,2025-05-15,0,1,17,6,26,0,10,6
gausk001,TOR,SDN,TOR202505210,2025-05-21,0,1,21,9,24,0,3,0
gausk001,TOR,TEX,TEX202505260,2025-05-26,0,0,24,6,29,0,5,1
gausk001,TOR,ATH,TOR202506010,2025-06-01,0,1,14,7,24,2,8,3
gausk001,TOR,MIN,MIN202506070,2025-06-07,0,0,18,5,24,3,4,3
gausk001,TOR,PHI,PHI202506130,2025-06-13,0,0,15,7,22,4,4,4
gausk001,TOR,ARI,TOR202506190,2025-06-19,0,1,13,4,24,3,7,7
gausk001,TOR,CLE,CLE202506260,2025-06-26,0,0,24,6,28,1,2,0
gausk001,TOR,NYA,TOR202507010,2025-07-01,0,1,15,3,25,4,6,2
gausk001,TOR,ANA,TOR202507060,2025-07-06,0,1,17,9,27,3,7,2
gausk001,TOR,ATH,ATH202507120,2025-07-12,0,0,15,2,23,2,5,3
gausk001,TOR,NYA,TOR202507210,2025-07-21,0,1,21,8,27,2,4,1
gausk001,TOR,DET,DET202507260,2025-07-26,0,0,18,10,20,1,1,0
gausk001,TOR,KCA,TOR202508010,2025-08-01,0,1,18,5,24,0,6,5
gausk001,TOR,COL,COL202508060,2025-08-06,0,0,21,8,27,2,3,1
gausk001,TOR,CHN,TOR202508130,2025-08-13,0,1,21,3,25,1,3,2
gausk001,TOR,PIT,PIT202508180,2025-08-18,0,0,15,4,21,2,5,2
gausk001,TOR,MIA,MIA202508240,2025-08-24,0,0,18,7,26,1,7,4
gausk001,TOR,MIL,TOR202508300,2025-08-30,0,1,21,8,24,0,4,1
gausk001,TOR,NYA,NYA202509050,2025-09-05,0,0,24,5,29,1,4,1
gausk001,TOR,HOU,TOR202509110,2025-09-11,0,1,27,9,30,1,2,0
gausk001,TOR,TBA,TBA202509170,2025-09-17,0,0,18,6,24,2,6,1
gausk001,TOR,BOS,TOR202509230,2025-09-23,0,1,17,7,27,1,9,4
gausk001,TOR,TBA,TOR202509280,2025-09-28,0,1,11,5,20,2,8,4
germd001,PIT,TEX,TEX202408210,2024-08-21,0,0,18,4,23,4,3,0
germd001,PIT,CHN,CHN202409040,2024-09-04,0,0,9,3,18,1,9,6
gibsc001,MIA,WAS,WAS202506140,2025-06-14,0,0,3,0,4,1,1,1
gibsk002,SLN,SDN,SDN202404010,2024-04-01,0,0,21,4,25,2,4,2
gibsk002,SLN,MIA,SLN202404070,2024-04-07,0,1,18,5,26,1,7,7
gibsk002,SLN,ARI,ARI202404130,2024-04-13,0,0,18,2,25,3,6,4
gibsk002,SLN,MIL,SLN202404190,2024-04-19,0,1,18,3,24,4,3,1
gibsk002,SLN,ARI,SLN202404240,2024-04-24,0,1,18,6,25,2,5,1
gibsk002,SLN,DET,DET202404301,2024-04-30,1,0,21,9,27,2,4,1
gibsk002,SLN,NYN,SLN202405060,2024-05-06,0,1,18,4,26,2,7,2
gibsk002,SLN,MIL,MIL202405110,2024-05-11,0,0,15,7,23,4,3,2
gibsk002,SLN,BOS,SLN202405170,2024-05-17,0,1,18,3,27,3,8,5
gibsk002,SLN,BAL,SLN202405220,2024-05-22,0,1,12,3,18,0,5,0
gibsk002,SLN,CIN,CIN202405280,2024-05-28,0,0,18,6,22,2,2,1
gibsk002,SLN,HOU,HOU202406030,2024-06-03,0,0,17,8,25,3,5,3
gibsk002,SLN,COL,SLN202406080,2024-06-08,0,1,18,7,26,2,8,3
gibsk002,SLN,CHN,CHN202406140,2024-06-14,0,0,21,6,24,1,2,0
gibsk002,SLN,ATL,SLN202406261,2024-06-26,1,1,12,4,21,5,4,4
gibsk002,SLN,PIT,PIT202407020,2024-07-02,0,0,15,8,20,1,5,4
gibsk002,SLN,WAS,WAS202407070,2024-07-07,0,0,15,8,23,2,9,3
gibsk002,SLN,CHN,SLN202407132,2024-07-13,2,1,12,3,23,2,10,4
gibsk002,SLN,ATL,ATL202407201,2024-07-20,1,0,20,6,24,2,3,1
gibsk002,SLN,WAS,SLN202407270,2024-07-27,0,1,15,0,25,3,6,2
gibsk002,SLN,CHN,CHN202408030,2024-08-03,0,0,21,7,27,1,5,4
gibsk002,SLN,TBA,SLN202408080,2024-08-08,0,1,18,6,25,1,8,2
gibsk002,SLN,CIN,CIN202408140,2024-08-14,0,0,14,6,23,2,7,6
gibsk002,SLN,MIL,SLN202408210,2024-08-21,0,1,16,5,22,2,7,2
gibsk002,SLN,SDN,SLN202408260,2024-08-26,0,1,13,2,23,4,5,7
gibsk002,SLN,NYA,NYA202408310,2024-08-31,0,0,21,6,27,0,5,1
gibsk002,SLN,SEA,SLN202409070,2024-09-07,0,1,20,9,26,3,3,0
gibsk002,SLN,TOR,TOR202409140,2024-09-14,0,0,16,1,23,3,4,1
gibsk002,SLN,CLE,SLN202409200,2024-09-20,0,1,18,2,27,3,6,3
gibsk002,SLN,COL,COL202409260,2024-09-26,0,0,12,5,20,3,5,4
gibsk002,BAL,NYA,BAL202504290,2025-04-29,0,1,11,2,24,2,11,9
gibsk002,BAL,KCA,BAL202505040,2025-05-04,0,1,12,3,18,1,5,3
gibsk002,BAL,ANA,ANA202505100,2025-05-10,0,0,12,4,22,3,7,5
gibsk002,BAL,WAS,BAL202505170,2025-05-17,0,1,2,1,9,1,6,6
gil-l001,NYA,ARI,ARI202404010,2024-04-01,0,0,14,6,18,3,1,1
gil-l001,NYA,TOR,NYA202404070,2024-04-07,0,1,13,8,20,4,2,2
gil-l001,NYA,TOR,TOR202404150,2024-04-15,0,0,15,6,23,7,3,3
gil-l001,NYA,TBA,NYA202404210,2024-04-21,0,1,17,9,23,3,2,0
gil-l001,NYA,MIL,MIL202404260,2024-04-26,0,0,15,6,24,2,7,5
gil-l001,NYA,BAL,BAL202405010,2024-05-01,0,0,19,5,22,1,2,0
gil-l001,NYA,HOU,NYA202405070,2024-05-07,0,1,18,5,23,4,1,1
gil-l001,NYA,TBA,TBA202405120,2024-05-12,0,0,18,3,22,2,3,0
gil-l001,NYA,CHA,NYA202405180,2024-05-18,0,1,18,14,24,1,5,1
gil-l001,NYA,SEA,NYA202405230,2024-05-23,0,1,19,8,22,2,1,0
gil-l001,NYA,ANA,ANA202405290,2024-05-29,0,0,24,9,28,2,2,1
gil-l001,NYA,MIN,NYA202406040,2024-06-04,0,1,18,6,21,3,1,0
gil-l001,NYA,LAN,NYA202406090,2024-06-09,0,1,17,5,23,1,5,3
gil-l001,NYA,BOS,BOS202406140,2024-06-14,0,0,15,6,23,4,4,1
gil-l001,NYA,BAL,NYA202406200,2024-06-20,0,1,4,1,15,2,8,7
gil-l001,NYA,NYN,NYN202406260,2024-06-26,0,0,13,2,22,4,4,5
gil-l001,NYA,CIN,NYA202407020,2024-07-02,0,1,12,3,19,3,2,4
gil-l001,NYA,BOS,NYA202407070,2024-07-07,0,1,20,9,23,0,4,1
gil-l001,NYA,BAL,BAL202407130,2024-07-13,0,0,18,7,24,1,5,1
gil-l001,NYA,NYN,NYA202407230,2024-07-23,0,1,15,6,21,1,4,1
gil-l001,NYA,PHI,PHI202407290,2024-07-29,0,0,16,8,23,3,5,3
gil-l001,NYA,ANA,NYA202408071,2024-08-07,1,1,15,6,22,5,2,0
gil-l001,NYA,CHA,CHA202408120,2024-08-12,0,0,12,3,20,2,7,4
gil-l001,NYA,CLE,NYA202408200,2024-08-20,0,1,9,3,19,6,3,3
gil-l001,NYA,CHN,CHN202409060,2024-09-06,0,0,18,7,21,2,1,0
gil-l001,NYA,KCA,NYA202409110,2024-09-11,0,1,15,5,22,2,5,1
gil-l001,NYA,SEA,SEA202409170,2024-09-17,0,0,15,5,22,3,4,1
gil-l001,NYA,OAK,OAK202409220,2024-09-22,0,0,16,5,24,3,5,4
gil-l001,NYA,PIT,NYA202409280,2024-09-28,0,1,17,5,24,1,6,6
gil-l001,NYA,MIA,MIA202508030,2025-08-03,0,0,10,3,19,4,5,5
gil-l001,NYA,HOU,NYA202508090,2025-08-09,0,1,16,7,22,1,6,2
gil-l001,NYA,SLN,SLN202508150,2025-08-15,0,0,16,4,20,3,4,1
gil-l001,NYA,BOS,NYA202508210,2025-08-21,0,1,15,3,24,5,4,1
gil-l001,NYA,WAS,NYA202508260,2025-08-26,0,1,15,5,22,4,5,1
gil-l001,NYA,CHA,CHA202508310,2025-08-31,0,0,16,7,23,2,4,2
gil-l001,NYA,TOR,NYA202509060,2025-09-06,0,1,18,1,24,4,3,1
gil-l001,NYA,BOS,BOS202509120,2025-09-12,0,0,18,4,23,4,0,0
gil-l001,NYA,MIN,MIN202509170,2025-09-17,0,0,14,2,24,2,9,4
gil-l001,NYA,CHA,NYA202509230,2025-09-23,0,1,18,3,24,2,4,2
gil-l001,NYA,BAL,NYA202509280,2025-09-28,0,1,15,2,19,2,3,2
gilbl002,SEA,BOS,SEA202403300,2024-03-30,0,1,21,8,26,1,4,1
gilbl002,SEA,MIL,MIL202404050,2024-04-05,0,0,17,7,23,1,5,4
gilbl002,SEA,TOR,TOR202404100,2024-04-10,0,0,23,8,28,1,5,1
gilbl002,SEA,CIN,SEA202404160,2024-04-16,0,1,20,6,23,1,3,1
gilbl002,SEA,TEX,TEX202404230,2024-04-23,0,0,20,6,26,4,2,0
gilbl002,SEA,ARI,SEA202404280,2024-04-28,0,1,19,9,24,1,4,2
gilbl002,SEA,HOU,HOU202405040,2024-05-04,0,0,24,6,27,4,2,0
gilbl002,SEA,MIN,MIN202405090,2024-05-09,0,0,12,4,22,2,9,8
gilbl002,SEA,KCA,SEA202405140,2024-05-14,0,1,20,7,24,3,4,3
gilbl002,SEA,NYA,NYA202405200,2024-05-20,0,0,18,1,27,1,8,3
gilbl002,SEA,WAS,WAS202405250,2024-05-25,0,0,18,4,21,0,3,1
gilbl002,SEA,HOU,SEA202405300,2024-05-30,0,1,18,5,26,1,8,4
gilbl002,SEA,OAK,OAK202406050,2024-06-05,0,0,21,5,25,0,5,1
gilbl002,SEA,CHA,SEA202406100,2024-06-10,0,1,20,8,26,0,6,3
gilbl002,SEA,TEX,SEA202406160,2024-06-16,0,1,24,9,26,0,2,0
gilbl002,SEA,MIA,MIA202406220,2024-06-22,0,0,24,6,28,1,4,0
gilbl002,SEA,MIN,SEA202406280,2024-06-28,0,1,18,3,23,0,4,2
gilbl002,SEA,BAL,SEA202407030,2024-07-03,0,1,16,6,25,3,6,4
gilbl002,SEA,SDN,SDN202407090,2024-07-09,0,0,23,7,27,1,4,3
gilbl002,SEA,ANA,ANA202407140,2024-07-14,0,0,21,9,23,0,2,0
gilbl002,SEA,ANA,SEA202407230,2024-07-23,0,1,20,8,27,1,4,1
gilbl002,SEA,BOS,BOS202407290,2024-07-29,0,0,8,4,15,0,7,7
gilbl002,SEA,PHI,SEA202408040,2024-08-04,0,1,18,7,22,0,4,1
gilbl002,SEA,NYN,SEA202408100,2024-08-10,0,1,21,6,24,1,3,0
gilbl002,SEA,PIT,PIT202408160,2024-08-16,0,0,19,6,27,2,5,3
gilbl002,SEA,LAN,LAN202408210,2024-08-21,0,0,14,7,24,2,7,6
gilbl002,SEA,TBA,SEA202408270,2024-08-27,0,1,18,10,22,0,4,0
gilbl002,SEA,OAK,OAK202409020,2024-09-02,0,0,18,9,23,1,4,4
gilbl002,SEA,SLN,SLN202409070,2024-09-07,0,0,24,10,27,1,2,2
gilbl002,SEA,TEX,SEA202409140,2024-09-14,0,1,18,7,25,1,6,4
gilbl002,SEA,NYA,SEA202409190,2024-09-19,0,1,16,9,25,2,6,2
gilbl002,SEA,HOU,HOU202409240,2024-09-24,0,0,18,6,24,1,5,4
gilbl002,SEA,OAK,SEA202409290,2024-09-29,0,1,17,7,18,0,1,0
gilbl002,SEA,ATH,SEA202503270,2025-03-27,0,1,21,8,23,0,2,1
gilbl002,SEA,DET,SEA202504010,2025-04-01,0,1,15,10,21,1,5,3
gilbl002,SEA,HOU,SEA202504070,2025-04-07,0,1,17,7,21,2,1,1
gilbl002,SEA,TEX,SEA202504130,2025-04-13,0,1,15,7,19,1,3,1
gilbl002,SEA,TOR,TOR202504190,2025-04-19,0,0,14,9,24,2,7,2
gilbl002,SEA,MIA,SEA202504250,2025-04-25,0,1,9,3,9,0,0,0
gilbl002,SEA,BOS,SEA202506160,2025-06-16,0,1,15,10,19,1,3,2
gilbl002,SEA,CHN,CHN202506220,2025-06-22,0,0,15,6,22,0,8,4
gilbl002,SEA,TEX,TEX202506270,2025-06-27,0,0,16,7,23,1,5,4
gilbl002,SEA,KCA,SEA202507020,2025-07-02,0,1,14,7,20,3,3,1
gilbl002,SEA,NYA,NYA202507080,2025-07-08,0,0,16,5,24,2,6,4
gilbl002,SEA,DET,DET202507130,2025-07-13,0,0,16,9,24,2,6,0
gilbl002,SEA,MIL,SEA202507220,2025-07-22,0,1,19,10,21,0,2,0
gilbl002,SEA,ANA,ANA202507270,2025-07-27,0,0,15,7,22,3,3,4
gilbl002,SEA,TEX,SEA202508010,2025-08-01,0,1,18,7,24,0,5,3
gilbl002,SEA,CHA,SEA202508070,2025-08-07,0,1,15,6,20,3,2,1
gilbl002,SEA,BAL,BAL202508130,2025-08-13,0,0,19,6,25,2,4,2
gilbl002,SEA,PHI,PHI202508180,2025-08-18,0,0,6,1,15,0,9,6
gilbl002,SEA,ATH,SEA202508240,2025-08-24,0,1,18,13,22,1,3,1
gilbl002,SEA,CLE,CLE202508300,2025-08-30,0,0,18,6,23,2,3,3
gilbl002,SEA,ATL,ATL202509050,2025-09-05,0,0,18,7,24,1,5,1
gilbl002,SEA,SLN,SEA202509100,2025-09-10,0,1,14,8,22,1,5,1
gilbl002,SEA,KCA,KCA202509160,2025-09-16,0,0,17,5,25,1,7,2
gilbl002,SEA,HOU,HOU202509210,2025-09-21,0,0,18,4,24,1,3,1
gilbl002,SEA,LAN,SEA202509270,2025-09-27,0,1,15,5,19,1,4,2
gilbt001,CHA,ATH,ATH202504250,2025-04-25,0,0,3,2,4,0,1,0
gilbt001,CHA,ATH,ATH202504260,2025-04-26,0,0,3,1,3,1,0,0
gilbt001,CHA,MIL,CHA202504290,2025-04-29,0,1,6,3,8,1,1,1
gilbt001,CHA,BAL,CHA202509150,2025-09-15,0,1,3,1,3,0,0,0
gilbt001,CHA,WAS,WAS202509270,2025-09-27,0,0,5,1,6,0,2,0
gillc003,MIA,PIT,MIA202503280,2025-03-28,0,1,15,4,24,4,4,3
gillc003,MIA,NYN,MIA202504020,2025-04-02,0,1,15,6,19,0,4,1
gillc003,MIA,NYN,NYN202504080,2025-04-08,0,0,12,2,17,1,3,2
gillc003,MIA,ARI,MIA202504150,2025-04-15,0,1,15,6,25,2,8,8
gillc003,MIA,PHI,PHI202504200,2025-04-20,0,0,15,3,23,1,7,4
gillc003,MIA,SEA,SEA202504260,2025-04-26,0,0,6,2,15,3,6,7
ginnj001,OAK,CIN,CIN202408290,2024-08-29,0,0,15,4,21,1,4,4
ginnj001,OAK,SEA,OAK202409030,2024-09-03,0,1,18,7,22,1,5,2
ginnj001,OAK,DET,OAK202409080,2024-09-08,0,1,15,5,24,1,7,3
ginnj001,OAK,CHA,CHA202409140,2024-09-14,0,0,12,3,20,0,10,3
ginnj001,OAK,NYA,OAK202409200,2024-09-20,0,1,15,4,18,1,4,1
ginnj001,OAK,TEX,OAK202409260,2024-09-26,0,1,16,2,22,2,5,2
ginnj001,ATH,NYN,ATH202504120,2025-04-12,0,1,16,6,23,2,5,1
ginnj001,ATH,MIL,MIL202504180,2025-04-18,0,0,14,7,20,2,4,3
ginnj001,ATH,TEX,ATH202504240,2025-04-24,0,1,11,2,20,2,6,3
ginnj001,ATH,ANA,ATH202505190,2025-05-19,0,1,12,7,18,0,6,4
ginnj001,ATH,TEX,TEX202507220,2025-07-22,0,0,15,2,19,1,5,1
ginnj001,ATH,HOU,HOU202507270,2025-07-27,0,0,18,4,21,0,3,0
ginnj001,ATH,ARI,ATH202508020,2025-08-02,0,1,13,2,22,5,4,4
ginnj001,ATH,BAL,BAL202508080,2025-08-08,0,0,15,9,20,2,3,3
ginnj001,ATH,TBA,ATH202508130,2025-08-13,0,1,6,3,14,1,6,5
ginnj001,ATH,MIN,MIN202508200,2025-08-20,0,0,14,5,22,2,7,2
ginnj001,ATH,DET,ATH202508250,2025-08-25,0,1,16,8,23,1,7,3
ginnj001,ATH,TEX,ATH202508310,2025-08-31,0,1,18,7,25,2,5,5
ginnj001,ATH,ANA,ANA202509060,2025-09-06,0,0,15,5,20,0,5,1
ginnj001,ATH,CIN,ATH202509120,2025-09-12,0,1,13,6,20,4,2,0
ginnj001,ATH,BOS,BOS202509180,2025-09-18,0,0,18,3,24,1,5,2
ginnj001,ATH,HOU,ATH202509250,2025-09-25,0,1,11,4,21,3,6,7
gioll001,BOS,TOR,TOR202504300,2025-04-30,0,0,18,7,25,2,5,3
gioll001,BOS,TEX,BOS202505060,2025-05-06,0,1,11,2,20,1,10,6
gioll001,BOS,KCA,KCA202505110,2025-05-11,0,0,20,5,23,1,2,1
gioll001,BOS,ATL,BOS202505170,2025-05-17,0,1,12,3,22,2,8,6
gioll001,BOS,BAL,BOS202505242,2025-05-24,2,1,21,6,25,2,6,0
gioll001,BOS,ATL,ATL202505300,2025-05-30,0,0,14,3,21,2,5,1
gioll001,BOS,ANA,BOS202506040,2025-06-04,0,1,5,1,14,1,8,7
gioll001,BOS,TBA,BOS202506100,2025-06-10,0,1,18,4,23,3,3,0
gioll001,BOS,SEA,SEA202506160,2025-06-16,0,0,18,10,21,1,3,0
gioll001,BOS,SFN,SFN202506220,2025-06-22,0,0,18,5,23,2,4,2
gioll001,BOS,TOR,BOS202506280,2025-06-28,0,1,21,5,29,1,6,0
gioll001,BOS,WAS,WAS202507040,2025-07-04,0,0,23,7,29,3,4,1
gioll001,BOS,COL,BOS202507090,2025-07-09,0,1,18,6,20,0,4,0
gioll001,BOS,CHN,CHN202507180,2025-07-18,0,0,16,6,24,2,5,4
gioll001,BOS,PHI,PHI202507230,2025-07-23,0,0,12,2,19,1,6,5
gioll001,BOS,MIN,MIN202507290,2025-07-29,0,0,18,5,26,2,5,1
gioll001,BOS,HOU,BOS202508030,2025-08-03,0,1,24,4,28,1,3,1
gioll001,BOS,SDN,SDN202508090,2025-08-09,0,0,14,1,25,6,5,4
gioll001,BOS,MIA,BOS202508150,2025-08-15,0,1,19,5,27,1,7,1
gioll001,BOS,NYA,NYA202508210,2025-08-21,0,0,14,4,22,3,5,3
gioll001,BOS,BAL,BAL202508260,2025-08-26,0,0,24,8,29,1,4,0
gioll001,BOS,PIT,BOS202508310,2025-08-31,0,1,18,6,25,5,3,1
gioll001,BOS,ARI,ARI202509060,2025-09-06,0,0,15,2,24,3,7,2
gioll001,BOS,NYA,BOS202509120,2025-09-12,0,1,17,6,23,1,5,1
gioll001,BOS,ATH,BOS202509170,2025-09-17,0,1,13,5,23,5,5,4
gioll001,BOS,TOR,TOR202509230,2025-09-23,0,0,14,3,23,4,3,1
gipss001,DET,CHA,CHA202506040,2025-06-04,0,0,11,3,16,1,5,3
gipss001,DET,MIN,DET202506270,2025-06-27,0,1,16,5,22,2,4,3
gipss001,DET,NYN,DET202509020,2025-09-02,0,1,12,3,19,2,5,6
glast001,LAN,SDN,SDN202403200,2024-03-20,0,0,15,3,20,4,2,2
glast001,LAN,SLN,LAN202403280,2024-03-28,0,1,18,5,22,1,2,1
glast001,LAN,SFN,LAN202404030,2024-04-03,0,1,18,7,24,2,4,3
glast001,LAN,MIN,MIN202404090,2024-04-09,0,0,21,14,24,0,3,0
glast001,LAN,WAS,LAN202404150,2024-04-15,0,1,15,5,25,2,8,6
glast001,LAN,NYN,LAN202404210,2024-04-21,0,1,24,10,29,0,7,0
glast001,LAN,TOR,TOR202404270,2024-04-27,0,0,18,9,24,3,2,1
glast001,LAN,ATL,LAN202405040,2024-05-04,0,1,21,10,27,1,5,2
glast001,LAN,SDN,SDN202405100,2024-05-10,0,0,21,10,22,2,1,1
glast001,LAN,CIN,LAN202405160,2024-05-16,0,1,15,8,23,1,6,4
glast001,LAN,ARI,LAN202405220,2024-05-22,0,1,15,6,21,1,4,3
glast001,LAN,NYN,NYN202405281,2024-05-28,1,0,21,8,25,4,2,2
glast001,LAN,PIT,PIT202406040,2024-06-04,0,0,18,9,24,2,3,1
glast001,LAN,NYA,NYA202406090,2024-06-09,0,0,18,12,26,1,8,5
glast001,LAN,KCA,LAN202406160,2024-06-16,0,1,21,9,24,1,3,0
glast001,LAN,ANA,LAN202406220,2024-06-22,0,1,21,10,24,0,2,1
glast001,LAN,SFN,SFN202406290,2024-06-29,0,0,9,1,17,2,7,5
glast001,LAN,MIL,LAN202407050,2024-07-05,0,1,18,7,24,2,3,5
glast001,LAN,SFN,LAN202407240,2024-07-24,0,1,15,4,21,4,4,2
glast001,LAN,SDN,SDN202407300,2024-07-30,0,0,21,8,27,1,6,3
glast001,LAN,PHI,LAN202408050,2024-08-05,0,1,18,9,23,0,5,3
glast001,LAN,PIT,LAN202408110,2024-08-11,0,1,21,4,26,1,5,2
glast001,LAN,ATL,LAN202503310,2025-03-31,0,1,15,8,20,3,2,0
glast001,LAN,PHI,PHI202504060,2025-04-06,0,0,6,2,13,5,2,5
glast001,LAN,CHN,LAN202504130,2025-04-13,0,1,18,7,23,1,3,2
glast001,LAN,TEX,TEX202504200,2025-04-20,0,0,12,6,16,1,3,0
glast001,LAN,PIT,LAN202504270,2025-04-27,0,1,3,0,5,1,2,2
glast001,LAN,MIL,MIL202507090,2025-07-09,0,0,15,5,20,3,2,0
glast001,LAN,MIL,LAN202507180,2025-07-18,0,1,18,6,23,1,4,1
glast001,LAN,MIN,LAN202507230,2025-07-23,0,1,21,12,25,1,3,1
glast001,LAN,CIN,CIN202507290,2025-07-29,0,0,12,3,20,5,4,4
glast001,LAN,SLN,LAN202508040,2025-08-04,0,1,21,7,26,2,3,1
glast001,LAN,TOR,LAN202508100,2025-08-10,0,1,17,8,23,4,4,2
glast001,LAN,SDN,LAN202508170,2025-08-17,0,1,15,8,21,1,6,2
glast001,LAN,SDN,SDN202508230,2025-08-23,0,0,12,3,18,4,2,3
glast001,LAN,ARI,LAN202508300,2025-08-30,0,1,21,6,26,0,4,3
glast001,LAN,COL,LAN202509080,2025-09-08,0,1,21,11,23,2,0,1
glast001,LAN,SFN,SFN202509140,2025-09-14,0,0,20,4,27,4,3,1
glast001,LAN,SFN,LAN202509200,2025-09-20,0,1,15,7,24,4,6,4
glast001,LAN,SEA,SEA202509270,2025-09-27,0,0,9,3,13,1,3,0
gomba001,COL,ARI,ARI202403300,2024-03-30,0,0,14,3,22,3,6,4
gomba001,COL,TBA,COL202404050,2024-04-05,0,1,12,7,19,3,4,2
gomba001,COL,ARI,COL202404100,2024-04-10,0,1,18,4,26,2,6,2
gomba001,COL,PHI,PHI202404160,2024-04-16,0,0,16,4,21,0,6,3
gomba001,COL,SDN,COL202404220,2024-04-22,0,1,15,2,22,3,4,1
gomba001,COL,HOU,COL202404280,2024-04-28,0,1,21,2,26,0,6,4
gomba001,COL,PIT,PIT202405040,2024-05-04,0,0,18,3,23,2,4,0
gomba001,COL,TEX,COL202405100,2024-05-10,0,1,20,5,27,2,5,1
gomba001,COL,SDN,SDN202405150,2024-05-15,0,0,18,5,21,2,2,0
gomba001,COL,OAK,OAK202405220,2024-05-22,0,0,24,6,28,0,5,1
gomba001,COL,LAN,LAN202406020,2024-06-02,0,0,9,2,17,3,5,3
gomba001,COL,SLN,SLN202406070,2024-06-07,0,0,15,4,22,1,6,4
gomba001,COL,MIN,MIN202406120,2024-06-12,0,0,9,2,19,1,11,8
gomba001,COL,LAN,COL202406180,2024-06-18,0,1,20,3,26,2,5,4
gomba001,COL,HOU,HOU202406250,2024-06-25,0,0,16,4,24,0,8,5
gomba001,COL,MIL,COL202407010,2024-07-01,0,1,18,3,24,0,9,4
gomba001,COL,KCA,COL202407060,2024-07-06,0,1,21,3,27,0,6,1
gomba001,COL,CIN,CIN202407110,2024-07-11,0,0,15,5,23,1,7,4
gomba001,COL,BOS,COL202407220,2024-07-22,0,1,17,5,24,1,6,4
gomba001,COL,SFN,SFN202407280,2024-07-28,0,0,11,6,18,1,6,3
gomba001,COL,SDN,SDN202408020,2024-08-02,0,0,21,6,27,1,5,2
gomba001,COL,NYN,COL202408080,2024-08-08,0,1,9,1,16,1,6,5
gomba001,COL,ARI,ARI202408130,2024-08-13,0,0,18,4,25,1,6,2
gomba001,COL,WAS,WAS202408200,2024-08-20,0,0,21,5,26,2,3,1
gomba001,COL,NYA,NYA202408250,2024-08-25,0,0,18,4,27,3,6,4
gomba001,COL,BAL,COL202408300,2024-08-30,0,1,18,4,25,1,8,3
gomba001,COL,ATL,ATL202409050,2024-09-05,0,0,24,6,28,0,5,1
gomba001,COL,CHN,COL202409130,2024-09-13,0,1,18,4,27,1,9,2
gomba001,COL,ARI,COL202409180,2024-09-18,0,1,6,1,14,1,6,5
gomba001,COL,SLN,COL202409250,2024-09-25,0,1,15,3,22,0,7,4
gomba001,COL,ATL,ATL202506150,2025-06-15,0,0,15,4,18,1,2,0
gomba001,COL,ARI,COL202506200,2025-06-20,0,1,14,0,26,1,12,9
gomba001,COL,LAN,COL202506260,2025-06-26,0,1,15,1,19,1,4,1
gomba001,COL,HOU,COL202507020,2025-07-02,0,1,15,1,24,1,8,2
gomba001,COL,BOS,BOS202507070,2025-07-07,0,0,14,5,22,1,7,4
gomba001,COL,CIN,CIN202507130,2025-07-13,0,0,13,3,21,2,6,2
gomba001,COL,SLN,COL202507210,2025-07-21,0,1,17,6,28,0,11,5
gomba001,COL,BAL,BAL202507270,2025-07-27,0,0,13,2,21,3,4,4
gomba001,COL,PIT,COL202508020,2025-08-02,0,1,15,5,22,1,5,3
gomba001,COL,ARI,ARI202508080,2025-08-08,0,0,18,3,26,3,5,6
gomba001,COL,SLN,SLN202508130,2025-08-13,0,0,15,2,25,1,9,5
gomba001,COL,LAN,COL202508190,2025-08-19,0,1,9,2,20,2,9,7
gomey002,CHA,DET,CHA202508120,2025-08-12,0,1,15,7,20,1,1,1
gomey002,CHA,ATL,ATL202508180,2025-08-18,0,0,15,3,25,1,7,3
gomey002,CHA,MIN,CHA202508240,2025-08-24,0,1,14,6,19,3,2,0
gomey002,CHA,NYA,CHA202508290,2025-08-29,0,1,12,6,20,6,2,4
gomey002,CHA,MIN,MIN202509030,2025-09-03,0,0,15,5,22,1,7,1
gomey002,CHA,TBA,CHA202509090,2025-09-09,0,1,15,5,21,1,5,4
gomey002,CHA,CLE,CLE202509140,2025-09-14,0,0,15,4,18,1,2,2
gomey002,CHA,SDN,CHA202509200,2025-09-20,0,1,16,4,21,0,6,3
gomey002,CHA,WAS,WAS202509260,2025-09-26,0,0,18,5,25,0,8,5
gonst001,LAN,MIA,LAN202504300,2025-04-30,0,1,18,9,24,0,6,3
gonst001,LAN,MIA,MIA202505060,2025-05-06,0,0,15,8,20,2,4,2
gonst001,LAN,ARI,ARI202505110,2025-05-11,0,0,15,4,19,2,3,0
gonst001,LAN,ANA,LAN202505180,2025-05-18,0,1,12,3,21,5,4,4
gonst001,LAN,NYN,NYN202505240,2025-05-24,0,0,15,4,24,3,7,4
gonst001,LAN,NYA,LAN202505300,2025-05-30,0,1,18,4,27,3,6,5
gonst001,LAN,NYN,LAN202506040,2025-06-04,0,1,15,6,22,3,3,2
gonzm005,PIT,WAS,WAS202404010,2024-04-01,0,0,15,2,20,2,4,1
gonzm005,PIT,BAL,PIT202404070,2024-04-07,0,1,18,4,22,0,5,2
gonzm005,PIT,PHI,PHI202404130,2024-04-13,0,0,18,5,27,3,6,2
gonzm005,PIT,CHA,CHA202407120,2024-07-12,0,0,15,4,20,0,7,1
gonzm005,PIT,PHI,PIT202407210,2024-07-21,0,1,14,4,21,1,6,2
gonzm005,PIT,ARI,ARI202407270,2024-07-27,0,0,7,1,17,3,7,4
gonzm005,PIT,SDN,PIT202408070,2024-08-07,0,1,14,3,24,2,8,5
gordc001,HOU,KCA,HOU202505140,2025-05-14,0,1,13,3,22,2,7,3
gordc001,HOU,TBA,TBA202505190,2025-05-19,0,0,16,7,21,0,5,3
gordc001,HOU,SEA,HOU202505250,2025-05-25,0,1,15,4,23,0,7,3
gordc001,HOU,TBA,HOU202505310,2025-05-31,0,1,15,6,21,1,5,4
gordc001,HOU,CLE,CLE202506060,2025-06-06,0,0,15,5,19,0,7,1
gordc001,HOU,MIN,HOU202506130,2025-06-13,0,1,18,5,24,1,6,2
gordc001,HOU,ATH,ATH202506190,2025-06-19,0,0,15,4,24,1,7,2
gordc001,HOU,PHI,HOU202506250,2025-06-25,0,1,15,4,19,0,4,0
gordc001,HOU,COL,COL202507010,2025-07-01,0,0,14,3,25,2,9,4
gordc001,HOU,CLE,HOU202507070,2025-07-07,0,1,17,2,25,1,7,5
gordc001,HOU,ARI,ARI202507210,2025-07-21,0,0,17,4,26,2,7,2
gordc001,HOU,ATH,HOU202507270,2025-07-27,0,1,15,6,21,0,6,4
gordc001,HOU,BOS,BOS202508020,2025-08-02,0,0,12,6,21,1,7,6
gordc001,HOU,TEX,TEX202509050,2025-09-05,0,0,13,2,20,2,5,3
gordt002,COL,KCA,COL202407070,2024-07-07,0,1,19,4,26,0,8,5
gordt002,COL,NYN,NYN202407120,2024-07-12,0,0,9,3,20,2,8,6
gordt002,COL,SFN,SFN202407272,2024-07-27,2,0,18,5,25,0,9,4
gordt002,COL,SDN,SDN202408030,2024-08-03,0,0,18,4,20,1,1,1
gordt002,COL,ATL,COL202408090,2024-08-09,0,1,15,7,21,0,6,2
gordt002,COL,ARI,ARI202408140,2024-08-14,0,0,2,0,9,2,3,3
gordt002,COL,WAS,WAS202408210,2024-08-21,0,0,12,2,20,1,8,5
gordt002,COL,DET,DET202409110,2024-09-11,0,0,10,1,19,0,10,7
gordt002,COL,DET,COL202505082,2025-05-08,2,1,19,4,28,1,9,4
gordt002,COL,NYA,COL202505230,2025-05-23,0,1,18,5,24,2,5,2
gordt002,COL,CHN,CHN202505280,2025-05-28,0,0,14,1,19,0,6,2
gordt002,COL,SLN,COL202507230,2025-07-23,0,1,18,3,24,3,4,0
gordt002,COL,CLE,CLE202507290,2025-07-29,0,0,9,2,19,2,8,6
gordt002,COL,TOR,COL202508040,2025-08-04,0,1,8,1,18,0,11,7
gordt002,COL,ARI,ARI202508100,2025-08-10,0,0,14,6,27,0,12,10
gordt002,COL,ARI,COL202508150,2025-08-15,0,1,15,2,21,1,5,3
gordt002,COL,LAN,COL202508200,2025-08-20,0,1,18,3,24,1,4,1
gordt002,COL,HOU,HOU202508260,2025-08-26,0,0,18,5,26,3,6,1
gordt002,COL,CHN,COL202508310,2025-08-31,0,1,18,9,24,1,5,2
gordt002,COL,SDN,COL202509070,2025-09-07,0,1,11,5,18,1,6,6
gordt002,COL,SDN,SDN202509120,2025-09-12,0,0,18,9,21,1,2,1
gordt002,COL,MIA,COL202509180,2025-09-18,0,1,18,4,25,1,5,3
gordt002,COL,SEA,SEA202509240,2025-09-24,0,0,10,3,19,0,8,5
gorem001,WAS,PIT,WAS202404010,2024-04-01,0,1,16,6,25,2,5,3
gorem001,WAS,PHI,WAS202404070,2024-04-07,0,1,17,6,21,2,5,2
gorem001,WAS,OAK,OAK202404130,2024-04-13,0,0,15,11,19,1,4,0
gorem001,WAS,HOU,WAS202404190,2024-04-19,0,1,12,4,20,1,7,3
gorem001,WAS,LAN,WAS202404250,2024-04-25,0,1,18,4,23,2,7,1
gorem001,WAS,TEX,TEX202404300,2024-04-30,0,0,15,7,23,1,5,2
gorem001,WAS,TOR,WAS202405050,2024-05-05,0,1,9,4,18,2,6,2
gorem001,WAS,BOS,BOS202405120,2024-05-12,0,0,18,9,27,2,6,2
gorem001,WAS,PHI,PHI202405180,2024-05-18,0,0,19,3,23,3,3,2
gorem001,WAS,SEA,WAS202405240,2024-05-24,0,1,21,8,26,1,4,1
gorem001,WAS,ATL,ATL202405290,2024-05-29,0,0,16,10,22,0,6,1
gorem001,WAS,NYN,WAS202406030,2024-06-03,0,1,13,2,24,4,7,6
gorem001,WAS,ATL,WAS202406080,2024-06-08,0,1,15,7,22,1,6,1
gorem001,WAS,MIA,WAS202406140,2024-06-14,0,1,21,10,28,1,5,1
gorem001,WAS,ARI,WAS202406200,2024-06-20,0,1,15,7,27,2,9,2
gorem001,WAS,SDN,SDN202406250,2024-06-25,0,0,15,1,24,3,5,5
gorem001,WAS,NYN,WAS202407010,2024-07-01,0,1,17,8,22,1,5,1
gorem001,WAS,SLN,WAS202407060,2024-07-06,0,1,10,5,21,5,6,5
gorem001,WAS,NYN,NYN202407110,2024-07-11,0,0,14,4,20,3,3,4
gorem001,WAS,CIN,WAS202407200,2024-07-20,0,1,6,2,12,4,2,3
gorem001,WAS,SLN,SLN202407260,2024-07-26,0,0,15,3,25,2,9,6
gorem001,WAS,ARI,ARI202407310,2024-07-31,0,0,16,1,24,1,8,3
gorem001,WAS,SFN,WAS202408060,2024-08-06,0,1,15,6,27,2,8,4
gorem001,WAS,ANA,WAS202408110,2024-08-11,0,1,12,2,22,6,5,0
gorem001,WAS,PHI,PHI202408170,2024-08-17,0,0,17,6,26,2,9,5
gorem001,WAS,ATL,ATL202408230,2024-08-23,0,0,18,4,24,0,7,1
gorem001,WAS,NYA,WAS202408280,2024-08-28,0,1,18,6,26,1,6,2
gorem001,WAS,MIA,MIA202409040,2024-09-04,0,0,18,9,20,1,1,1
gorem001,WAS,ATL,WAS202409100,2024-09-10,0,1,11,3,23,3,6,2
gorem001,WAS,MIA,WAS202409150,2024-09-15,0,1,18,5,22,2,2,0
gorem001,WAS,CHN,CHN202409210,2024-09-21,0,0,21,9,24,3,1,1
gorem001,WAS,PHI,WAS202409280,2024-09-28,0,1,18,9,21,1,3,0
gorem001,WAS,PHI,WAS202503270,2025-03-27,0,1,18,13,18,0,1,0
gorem001,WAS,TOR,TOR202504020,2025-04-02,0,0,15,5,26,2,9,3
gorem001,WAS,LAN,WAS202504070,2025-04-07,0,1,18,7,23,1,5,2
gorem001,WAS,MIA,MIA202504130,2025-04-13,0,0,18,7,28,3,8,4
gorem001,WAS,COL,COL202504190,2025-04-19,0,0,18,13,24,2,4,2
gorem001,WAS,BAL,WAS202504240,2025-04-24,0,1,18,8,23,1,4,2
gorem001,WAS,PHI,PHI202504290,2025-04-29,0,0,18,6,23,0,5,3
gorem001,WAS,CIN,CIN202505040,2025-05-04,0,0,15,9,22,4,4,1
gorem001,WAS,SLN,WAS202505110,2025-05-11,0,1,20,7,26,3,5,4
gorem001,WAS,BAL,BAL202505160,2025-05-16,0,0,11,9,23,2,10,2
gorem001,WAS,SFN,WAS202505230,2025-05-23,0,1,18,9,21,3,2,1
gorem001,WAS,SEA,SEA202505290,2025-05-29,0,0,18,8,22,0,4,0
gorem001,WAS,CHN,WAS202506040,2025-06-04,0,1,21,7,26,1,3,0
gorem001,WAS,NYN,NYN202506100,2025-06-10,0,0,18,6,23,0,5,2
gorem001,WAS,MIA,WAS202506150,2025-06-15,0,1,18,5,26,1,8,2
gorem001,WAS,LAN,LAN202506200,2025-06-20,0,0,17,4,27,4,7,5
gorem001,WAS,SDN,SDN202506250,2025-06-25,0,0,18,6,25,3,5,1
gorem001,WAS,DET,WAS202507022,2025-07-02,2,1,16,2,23,4,3,2
gorem001,WAS,SLN,SLN202507090,2025-07-09,0,0,18,7,24,1,5,1
gorem001,WAS,SDN,WAS202507200,2025-07-20,0,1,7,2,18,3,8,8
gorem001,WAS,MIN,MIN202507250,2025-07-25,0,0,15,4,20,6,1,1
gorem001,WAS,HOU,HOU202507300,2025-07-30,0,0,16,4,25,1,8,6
gorem001,WAS,ATH,WAS202508050,2025-08-05,0,1,9,0,21,1,12,8
gorem001,WAS,SFN,SFN202508100,2025-08-10,0,0,18,10,22,1,3,0
gorem001,WAS,PHI,WAS202508150,2025-08-15,0,1,18,7,24,2,4,2
gorem001,WAS,NYN,WAS202508210,2025-08-21,0,1,13,5,22,4,6,3
gorem001,WAS,NYA,NYA202508260,2025-08-26,0,0,15,3,20,2,3,3
gorem001,WAS,MIA,MIA202509110,2025-09-11,0,0,15,4,21,2,4,2
gorem001,WAS,ATL,WAS202509162,2025-09-16,2,1,16,5,21,3,2,0
gorem001,WAS,ATL,ATL202509220,2025-09-22,0,0,6,3,13,4,4,4
gracg001,SLN,KCA,SLN202407102,2024-07-10,2,1,10,2,13,0,4,3
grayj003,TEX,CHN,TEX202403310,2024-03-31,0,1,11,2,21,3,7,5
grayj003,TEX,HOU,TEX202404060,2024-04-06,0,1,11,3,19,3,5,0
grayj003,TEX,OAK,TEX202404110,2024-04-11,0,1,15,9,19,1,3,1
grayj003,TEX,DET,DET202404160,2024-04-16,0,0,18,7,24,3,3,1
grayj003,TEX,SEA,TEX202404240,2024-04-24,0,1,14,7,22,1,7,1
grayj003,TEX,WAS,TEX202404300,2024-04-30,0,1,24,3,27,0,3,1
grayj003,TEX,KCA,KCA202405050,2024-05-05,0,0,21,7,28,0,7,2
grayj003,TEX,COL,COL202405100,2024-05-10,0,0,18,7,27,1,8,1
grayj003,TEX,CLE,TEX202405150,2024-05-15,0,1,19,3,24,2,4,0
grayj003,TEX,PHI,PHI202405210,2024-05-21,0,0,15,4,20,3,4,2
grayj003,TEX,LAN,LAN202406120,2024-06-12,0,0,9,3,14,1,4,1
grayj003,TEX,NYN,TEX202406170,2024-06-17,0,1,9,2,20,0,11,9
grayj003,TEX,KCA,TEX202406220,2024-06-22,0,1,18,3,20,0,2,0
grayj003,TEX,BAL,BAL202406270,2024-06-27,0,0,15,1,24,1,9,8
grayj003,TEX,SDN,TEX202407030,2024-07-03,0,1,12,2,21,2,7,3
grayj003,TEX,ANA,ANA202407080,2024-07-08,0,0,15,2,20,1,5,3
grayj003,TEX,CHA,TEX202407230,2024-07-23,0,1,23,5,27,0,4,1
grayj003,TEX,TOR,TOR202407280,2024-07-28,0,0,0,0,0,0,0,0
grayj003,TEX,CLE,CLE202408240,2024-08-24,0,0,6,1,15,2,7,7
grayj003,TEX,OAK,TEX202408300,2024-08-30,0,1,14,5,20,2,3,4
grayj004,WAS,CIN,CIN202403280,2024-03-28,0,0,12,6,22,2,8,7
grayj004,WAS,PIT,WAS202404040,2024-04-04,0,1,13,3,22,3,7,6
grays001,SLN,PHI,SLN202404090,2024-04-09,0,1,15,5,18,0,5,0
grays001,SLN,OAK,OAK202404150,2024-04-15,0,0,18,6,21,0,4,0
grays001,SLN,MIL,SLN202404210,2024-04-21,0,1,19,12,25,1,5,2
grays001,SLN,NYN,NYN202404270,2024-04-27,0,0,18,9,25,3,4,1
grays001,SLN,CHA,SLN202405030,2024-05-03,0,1,21,6,25,1,3,0
grays001,SLN,MIL,MIL202405090,2024-05-09,0,0,15,6,24,1,7,6
grays001,SLN,ANA,ANA202405140,2024-05-14,0,0,18,9,28,2,8,5
grays001,SLN,BAL,SLN202405200,2024-05-20,0,1,17,6,23,2,3,1
grays001,SLN,CHN,SLN202405260,2024-05-26,0,1,15,8,18,2,1,0
grays001,SLN,PHI,PHI202406010,2024-06-01,0,0,15,10,23,3,5,4
grays001,SLN,COL,SLN202406060,2024-06-06,0,1,14,5,20,4,2,3
grays001,SLN,PIT,SLN202406120,2024-06-12,0,1,21,9,26,1,4,1
grays001,SLN,MIA,MIA202406170,2024-06-17,0,0,23,4,27,2,5,2
grays001,SLN,SFN,SLN202406230,2024-06-23,0,1,21,8,22,0,1,1
grays001,SLN,CIN,SLN202406290,2024-06-29,0,1,13,6,23,1,7,3
grays001,SLN,WAS,WAS202407050,2024-07-05,0,0,15,6,22,1,8,5
grays001,SLN,CHN,SLN202407120,2024-07-12,0,1,21,6,29,0,9,3
grays001,SLN,ATL,ATL202407202,2024-07-20,2,0,21,10,28,0,8,5
grays001,SLN,WAS,SLN202407260,2024-07-26,0,1,15,7,24,3,7,5
grays001,SLN,CHN,CHN202408010,2024-08-01,0,0,21,9,26,1,5,2
grays001,SLN,TBA,SLN202408060,2024-08-06,0,1,21,6,27,1,4,2
grays001,SLN,CIN,CIN202408120,2024-08-12,0,0,15,9,22,2,5,6
grays001,SLN,LAN,SLN202408180,2024-08-18,0,1,15,6,24,3,7,2
grays001,SLN,MIN,MIN202408240,2024-08-24,0,0,18,7,26,2,7,5
grays001,SLN,SDN,SLN202408290,2024-08-29,0,1,18,4,21,0,3,1
grays001,SLN,MIL,MIL202409040,2024-09-04,0,0,21,7,26,1,4,1
grays001,SLN,CIN,SLN202409120,2024-09-12,0,1,18,9,22,2,2,1
grays001,SLN,PIT,SLN202409180,2024-09-18,0,1,17,8,26,0,9,4
grays001,SLN,MIN,SLN202503270,2025-03-27,0,1,15,6,20,2,4,2
grays001,SLN,ANA,SLN202504020,2025-04-02,0,1,18,9,25,0,5,5
grays001,SLN,PIT,PIT202504080,2025-04-08,0,0,15,4,17,0,3,1
grays001,SLN,HOU,SLN202504140,2025-04-14,0,1,21,4,23,1,3,0
grays001,SLN,NYN,NYN202504200,2025-04-20,0,0,18,6,26,1,6,3
grays001,SLN,MIL,SLN202504260,2025-04-26,0,1,18,4,27,3,7,3
grays001,SLN,NYN,SLN202505020,2025-05-02,0,1,13,6,23,3,9,4
grays001,SLN,PIT,SLN202505070,2025-05-07,0,1,21,8,25,1,2,0
grays001,SLN,PHI,PHI202505142,2025-05-14,2,0,11,4,20,1,8,7
grays001,SLN,DET,SLN202505190,2025-05-19,0,1,18,10,21,1,3,0
grays001,SLN,ARI,SLN202505250,2025-05-25,0,1,18,5,27,0,9,3
grays001,SLN,TEX,TEX202505310,2025-05-31,0,0,21,10,25,1,4,0
grays001,SLN,LAN,SLN202506060,2025-06-06,0,1,19,5,27,0,8,0
grays001,SLN,MIL,MIL202506120,2025-06-12,0,0,13,4,20,1,8,6
grays001,SLN,CIN,SLN202506210,2025-06-21,0,1,15,5,21,2,5,1
grays001,SLN,CLE,CLE202506270,2025-06-27,0,0,27,11,28,0,1,0
grays001,SLN,PIT,PIT202507020,2025-07-02,0,0,19,6,25,1,5,4
grays001,SLN,WAS,SLN202507080,2025-07-08,0,1,15,6,20,1,5,2
grays001,SLN,ATL,SLN202507130,2025-07-13,0,1,9,5,12,0,3,1
grays001,SLN,ARI,ARI202507190,2025-07-19,0,0,10,5,21,0,11,8
grays001,SLN,SDN,SLN202507240,2025-07-24,0,1,15,5,27,0,11,6
grays001,SLN,MIA,SLN202507290,2025-07-29,0,1,15,5,23,1,8,3
grays001,SLN,LAN,LAN202508040,2025-08-04,0,0,21,8,23,1,1,1
grays001,SLN,CHN,SLN202508100,2025-08-10,0,1,21,7,26,1,5,1
grays001,SLN,NYA,SLN202508160,2025-08-16,0,1,15,7,25,2,9,6
grays001,SLN,TBA,TBA202508210,2025-08-21,0,0,15,6,22,1,6,3
grays001,SLN,PIT,SLN202508270,2025-08-27,0,1,21,7,28,3,3,1
grays001,SLN,ATH,SLN202509010,2025-09-01,0,1,18,5,30,3,11,7
grays001,SLN,SFN,SLN202509070,2025-09-07,0,1,16,6,22,4,2,3
grays001,SLN,MIL,MIL202509130,2025-09-13,0,0,15,8,19,1,4,2
grays001,SLN,MIL,SLN202509190,2025-09-19,0,1,18,7,27,0,9,1
grays001,SLN,SFN,SFN202509240,2025-09-24,0,0,18,7,28,2,7,2
greeh001,CIN,WAS,CIN202403300,2024-03-30,0,1,14,7,22,4,5,2
greeh001,CIN,NYN,CIN202404050,2024-04-05,0,1,18,6,24,1,3,1
greeh001,CIN,MIL,CIN202404100,2024-04-10,0,1,18,9,27,1,6,6
greeh001,CIN,SEA,SEA202404160,2024-04-16,0,0,12,8,19,3,4,1
greeh001,CIN,PHI,CIN202404220,2024-04-22,0,1,21,6,29,2,7,4
greeh001,CIN,TEX,TEX202404270,2024-04-27,0,0,21,6,23,1,1,0
greeh001,CIN,BAL,CIN202405030,2024-05-03,0,1,17,5,25,4,5,0
greeh001,CIN,ARI,CIN202405090,2024-05-09,0,1,15,6,22,5,4,3
greeh001,CIN,ARI,ARI202405140,2024-05-14,0,0,21,5,27,1,5,2
greeh001,CIN,LAN,LAN202405190,2024-05-19,0,0,19,8,26,2,4,2
greeh001,CIN,LAN,CIN202405250,2024-05-25,0,1,18,5,22,1,5,1
greeh001,CIN,CHN,CHN202406010,2024-06-01,0,0,18,5,27,5,3,5
greeh001,CIN,CHN,CIN202406060,2024-06-06,0,1,20,8,28,2,5,4
greeh001,CIN,MIL,MIL202406140,2024-06-14,0,0,15,5,24,5,3,2
greeh001,CIN,PIT,PIT202406190,2024-06-19,0,0,19,9,23,0,2,0
greeh001,CIN,PIT,CIN202406250,2024-06-25,0,1,12,5,21,2,7,6
greeh001,CIN,SLN,SLN202406300,2024-06-30,0,0,14,6,22,2,4,1
greeh001,CIN,DET,CIN202407060,2024-07-06,0,1,21,7,24,2,3,0
greeh001,CIN,COL,CIN202407110,2024-07-11,0,1,18,10,21,2,2,1
greeh001,CIN,ATL,ATL202407220,2024-07-22,0,0,21,7,27,3,2,0
greeh001,CIN,TBA,TBA202407280,2024-07-28,0,0,21,5,26,1,2,0
greeh001,CIN,SFN,CIN202408030,2024-08-03,0,1,18,11,21,1,1,0
greeh001,CIN,MIA,MIA202408080,2024-08-08,0,0,18,5,27,2,6,3
greeh001,CIN,SLN,CIN202408130,2024-08-13,0,1,21,8,26,1,4,1
greeh001,CIN,PIT,CIN202409220,2024-09-22,0,1,9,4,12,1,2,1
greeh001,CIN,CHN,CHN202409290,2024-09-29,0,0,12,3,16,3,1,0
greeh001,CIN,SFN,CIN202503270,2025-03-27,0,1,15,8,19,1,3,2
greeh001,CIN,TEX,CIN202504020,2025-04-02,0,1,21,8,25,1,3,1
greeh001,CIN,SFN,SFN202504070,2025-04-07,0,0,26,7,31,1,4,0
greeh001,CIN,PIT,CIN202504130,2025-04-13,0,1,21,8,24,1,2,0
greeh001,CIN,BAL,BAL202504190,2025-04-19,0,0,9,4,19,2,6,5
greeh001,CIN,COL,COL202504260,2025-04-26,0,0,18,8,25,0,7,3
greeh001,CIN,WAS,CIN202505020,2025-05-02,0,1,18,12,22,2,2,1
greeh001,CIN,ATL,ATL202505070,2025-05-07,0,0,9,6,11,0,2,0
greeh001,CIN,CHN,CIN202505230,2025-05-23,0,1,12,2,17,2,3,2
greeh001,CIN,KCA,KCA202505280,2025-05-28,0,0,15,3,21,1,7,2
greeh001,CIN,MIL,CIN202506030,2025-06-03,0,1,15,7,23,3,5,2
greeh001,CIN,PHI,CIN202508130,2025-08-13,0,1,18,6,21,0,3,0
greeh001,CIN,ANA,ANA202508190,2025-08-19,0,0,19,12,25,0,6,3
greeh001,CIN,LAN,LAN202508250,2025-08-25,0,0,15,3,22,2,6,3
greeh001,CIN,TOR,CIN202509010,2025-09-01,0,1,19,7,24,1,5,1
greeh001,CIN,NYN,CIN202509070,2025-09-07,0,1,21,12,24,2,1,1
greeh001,CIN,ATH,ATH202509130,2025-09-13,0,0,7,3,14,4,4,5
greeh001,CIN,CHN,CIN202509180,2025-09-18,0,1,27,9,30,1,1,0
greeh001,CIN,PIT,CIN202509240,2025-09-24,0,1,18,7,23,2,5,2
grovm001,LAN,TOR,TOR202404280,2024-04-28,0,0,6,3,10,0,4,3
grovm001,LAN,TEX,LAN202406130,2024-06-13,0,1,3,0,6,0,3,2
guens001,DET,SLN,SLN202505190,2025-05-19,0,0,1,0,3,0,3,1
gustr001,HOU,ANA,HOU202504120,2025-04-12,0,1,12,6,17,1,4,3
gustr001,HOU,SDN,HOU202504180,2025-04-18,0,1,15,2,22,0,9,2
gustr001,HOU,TOR,HOU202504230,2025-04-23,0,1,17,6,21,1,3,1
gustr001,HOU,DET,HOU202504290,2025-04-29,0,1,13,6,20,2,4,2
gustr001,HOU,KCA,HOU202505120,2025-05-12,0,1,7,2,18,3,7,7
gustr001,HOU,SEA,HOU202505230,2025-05-23,0,1,13,6,19,3,4,2
gustr001,HOU,TBA,HOU202505290,2025-05-29,0,1,11,4,18,3,4,2
gustr001,HOU,PIT,PIT202506040,2025-06-04,0,0,13,3,23,2,8,3
gustr001,HOU,CHA,HOU202506110,2025-06-11,0,1,18,7,25,1,7,2
gustr001,HOU,ATH,ATH202506160,2025-06-16,0,0,15,8,20,1,3,1
gustr001,HOU,ANA,ANA202506220,2025-06-22,0,0,18,7,24,0,6,5
gustr001,HOU,LAN,LAN202507060,2025-07-06,0,0,18,1,22,1,4,1
gustr001,HOU,ATH,HOU202507250,2025-07-25,0,1,10,5,20,1,8,8
gustr001,HOU,WAS,HOU202507300,2025-07-30,0,1,18,5,22,1,4,1
gustr001,MIA,ATL,ATL202508091,2025-08-09,1,0,18,8,26,2,4,3
gustr001,MIA,TOR,MIA202508220,2025-08-22,0,1,18,0,24,1,8,5
gustr001,MIA,ATL,MIA202508270,2025-08-27,0,1,11,2,24,5,7,9
hagej002,NYN,NYA,NYN202507040,2025-07-04,0,1,13,5,18,0,5,4
halld004,MIL,NYN,NYN202403300,2024-03-30,0,0,12,1,20,2,6,2
halld004,MIL,SEA,MIL202404060,2024-04-06,0,1,16,5,25,2,8,3
halld004,MIL,BAL,BAL202404130,2024-04-13,0,0,10,4,19,1,8,5
halld004,MIL,SLN,SLN202404200,2024-04-20,0,0,11,3,20,5,5,4
halld004,MIL,CIN,MIL202408110,2024-08-11,0,1,14,9,22,3,4,1
halld004,MIL,CIN,CIN202408302,2024-08-30,2,0,21,5,24,1,4,0
halld004,MIL,ARI,ARI202409150,2024-09-15,0,0,9,4,18,3,5,5
halld004,MIL,PHI,PHI202505300,2025-05-30,0,0,9,4,10,1,0,0
halld004,MIL,CIN,CIN202506040,2025-06-04,0,0,9,3,12,2,1,0
halld004,MIL,WAS,MIL202507110,2025-07-11,0,1,9,2,13,2,2,1
hamii001,NYA,ATL,ATL202507180,2025-07-18,0,0,3,0,7,1,3,3
hance001,SEA,CLE,SEA202404010,2024-04-01,0,1,16,1,23,1,4,3
hance001,SEA,MIL,MIL202404070,2024-04-07,0,0,10,6,21,1,11,8
hance001,SEA,CHN,SEA202404130,2024-04-13,0,1,18,4,22,0,4,2
hance001,SEA,COL,COL202404212,2024-04-21,2,0,18,4,24,1,4,1
hance001,SEA,ARI,SEA202404260,2024-04-26,0,1,18,4,20,2,2,1
hance001,SEA,ATL,SEA202405010,2024-05-01,0,1,11,4,21,4,5,1
hance001,SEA,MIN,MIN202405070,2024-05-07,0,0,12,0,18,2,4,4
hance001,SEA,CHA,SEA202406130,2024-06-13,0,1,21,1,29,2,6,2
hance001,SEA,TOR,SEA202407060,2024-07-06,0,1,12,4,20,1,6,2
hance001,SEA,TEX,SEA202409130,2024-09-13,0,1,15,5,24,1,6,3
hance001,SEA,TEX,TEX202409210,2024-09-21,0,0,15,3,20,0,5,2
hance001,SEA,OAK,SEA202409280,2024-09-28,0,1,16,3,24,4,5,3
hance001,SEA,DET,SEA202503310,2025-03-31,0,1,2,0,9,1,7,6
hance001,SEA,CIN,CIN202504170,2025-04-17,0,0,15,4,18,0,5,2
hance001,SEA,BOS,BOS202504230,2025-04-23,0,0,18,7,25,2,5,2
hance001,SEA,ANA,SEA202504300,2025-04-30,0,1,18,4,28,2,9,3
hance001,SEA,ATH,ATH202505060,2025-05-06,0,0,18,2,22,2,4,2
hance001,SEA,NYA,SEA202505120,2025-05-12,0,1,15,5,27,4,8,7
hance001,SEA,SDN,SDN202505170,2025-05-17,0,0,14,3,21,1,6,1
hance001,SEA,HOU,HOU202505230,2025-05-23,0,0,18,3,28,0,9,3
hance001,SEA,WAS,SEA202505290,2025-05-29,0,1,16,4,19,3,2,2
hance001,SEA,BAL,SEA202506040,2025-06-04,0,1,17,6,20,2,2,1
hance001,SEA,ARI,ARI202506090,2025-06-09,0,0,15,3,23,3,6,2
hance001,SEA,CLE,SEA202506150,2025-06-15,0,1,21,4,22,1,2,0
hance001,SEA,CHN,CHN202506210,2025-06-21,0,0,12,5,21,3,6,9
hance001,SEA,MIN,MIN202506260,2025-06-26,0,0,15,2,23,3,3,2
hance001,SEA,KCA,SEA202507010,2025-07-01,0,1,18,1,29,3,7,5
hance001,SEA,COL,SEA202509250,2025-09-25,0,1,12,7,14,0,2,0
hanib001,DET,SEA,SEA202408080,2024-08-08,0,0,6,1,7,1,0,0
hanib001,DET,OAK,OAK202409070,2024-09-07,0,0,2,1,3,0,1,0
hanib001,DET,CHA,DET202409270,2024-09-27,0,1,6,0,7,0,1,0
harrh002,OAK,TBA,TBA202405300,2024-05-30,0,0,17,7,23,3,4,1
harrh002,OAK,TOR,OAK202406070,2024-06-07,0,1,18,3,20,2,3,0
harrh002,OAK,SDN,SDN202406120,2024-06-12,0,0,15,5,20,1,4,2
harrh002,OAK,KCA,OAK202406180,2024-06-18,0,1,15,3,22,2,4,1
harrh002,OAK,MIN,OAK202406230,2024-06-23,0,1,18,2,25,2,5,3
harrh002,OAK,ARI,ARI202406290,2024-06-29,0,0,10,3,21,1,10,3
harrh002,OAK,BAL,OAK202407050,2024-07-05,0,1,15,4,22,3,5,2
harrh002,OAK,PHI,PHI202407120,2024-07-12,0,0,9,0,15,6,3,2
harrh002,OAK,HOU,OAK202407220,2024-07-22,0,1,20,7,27,2,7,0
harrk001,SFN,SDN,SDN202403290,2024-03-29,0,0,18,5,23,0,6,2
harrk001,SFN,LAN,LAN202404030,2024-04-03,0,0,15,4,23,3,6,4
harrk001,SFN,WAS,SFN202404090,2024-04-09,0,1,18,8,22,0,5,3
harrk001,SFN,MIA,MIA202404150,2024-04-15,0,0,18,2,26,1,8,3
harrk001,SFN,ARI,SFN202404200,2024-04-20,0,1,12,5,20,1,6,3
harrk001,SFN,PIT,SFN202404260,2024-04-26,0,1,18,7,23,0,5,0
harrk001,SFN,BOS,BOS202405020,2024-05-02,0,0,15,7,22,5,3,1
harrk001,SFN,COL,COL202405070,2024-05-07,0,0,21,2,27,2,4,0
harrk001,SFN,CIN,SFN202405120,2024-05-12,0,1,15,5,23,5,3,3
harrk001,SFN,COL,SFN202405180,2024-05-18,0,1,15,4,22,2,5,3
harrk001,SFN,NYN,NYN202405240,2024-05-24,0,0,15,6,24,2,6,4
harrk001,SFN,PHI,SFN202405290,2024-05-29,0,1,15,5,27,1,12,4
harrk001,SFN,ARI,ARI202406040,2024-06-04,0,0,18,5,25,0,8,3
harrk001,SFN,HOU,SFN202406100,2024-06-10,0,1,19,3,23,0,4,1
harrk001,SFN,CLE,CLE202407060,2024-07-06,0,0,10,2,17,4,4,4
harrk001,SFN,MIN,SFN202407120,2024-07-12,0,1,16,3,22,1,5,1
harrk001,SFN,COL,COL202407190,2024-07-19,0,0,15,6,20,4,1,0
harrk001,SFN,COL,SFN202407260,2024-07-26,0,1,20,11,23,2,1,1
harrk001,SFN,CIN,CIN202408030,2024-08-03,0,0,11,4,17,1,6,6
harrk001,SFN,WAS,WAS202408080,2024-08-08,0,0,14,3,19,0,5,2
harrk001,SFN,ATL,SFN202408130,2024-08-13,0,1,15,6,23,2,6,3
harrk001,SFN,CHA,SFN202408190,2024-08-19,0,1,18,5,24,2,5,1
harrk001,SFN,MIL,MIL202408280,2024-08-28,0,0,14,7,21,3,4,5
harrk001,SFN,ARI,SFN202409030,2024-09-03,0,1,8,3,16,1,7,6
harrk001,SFN,WAS,WAS202505240,2025-05-24,0,0,12,4,17,0,5,2
harrk001,SFN,MIA,MIA202505300,2025-05-30,0,0,15,5,18,3,1,0
harrk001,SFN,SDN,SFN202506040,2025-06-04,0,1,13,3,23,1,9,5
harrk001,SFN,COL,COL202506100,2025-06-10,0,0,15,6,21,2,4,3
harrk001,BOS,TBA,TBA202509200,2025-09-20,0,0,18,5,24,2,4,1
harrk001,BOS,DET,BOS202509260,2025-09-26,0,1,9,6,19,3,7,3
harrt002,PIT,TBA,TBA202504010,2025-04-01,0,0,12,2,23,4,7,6
hartk002,SDN,CLE,SDN202503310,2025-03-31,0,1,15,4,19,1,5,2
hartk002,SDN,CHN,CHN202504060,2025-04-06,0,0,2,0,8,4,2,5
hartk002,SDN,COL,SDN202504120,2025-04-12,0,1,18,4,19,0,1,0
hartk002,SDN,HOU,HOU202504180,2025-04-18,0,0,15,2,25,0,10,5
hartk002,SDN,DET,DET202504230,2025-04-23,0,0,13,6,19,1,5,2
hartk002,SDN,MIA,SDN202505280,2025-05-28,0,1,14,1,20,0,6,5
hatct001,MIN,DET,MIN202508170,2025-08-17,0,1,15,4,20,3,3,1
heana001,TEX,TBA,TBA202404020,2024-04-02,0,0,14,7,20,0,4,1
heana001,TEX,HOU,TEX202404080,2024-04-08,0,1,11,2,19,3,4,6
heana001,TEX,HOU,HOU202404130,2024-04-13,0,0,11,1,20,4,4,2
heana001,TEX,ATL,ATL202404190,2024-04-19,0,0,15,5,20,2,3,3
heana001,TEX,SEA,TEX202404250,2024-04-25,0,1,18,7,23,0,5,4
heana001,TEX,WAS,TEX202405010,2024-05-01,0,1,21,4,23,0,4,1
heana001,TEX,OAK,OAK202405060,2024-05-06,0,0,18,5,26,0,7,1
heana001,TEX,COL,COL202405110,2024-05-11,0,0,15,8,22,0,8,2
heana001,TEX,ANA,TEX202405170,2024-05-17,0,1,11,5,19,2,5,2
heana001,TEX,PHI,PHI202405230,2024-05-23,0,0,10,1,21,2,9,3
heana001,TEX,MIA,MIA202406020,2024-06-02,0,0,18,7,21,0,4,0
heana001,TEX,SFN,TEX202406080,2024-06-08,0,1,17,5,23,1,5,3
heana001,TEX,SEA,SEA202406140,2024-06-14,0,0,14,4,23,3,6,3
heana001,TEX,NYN,TEX202406190,2024-06-19,0,1,18,9,24,2,4,3
heana001,TEX,MIL,MIL202406250,2024-06-25,0,0,15,4,23,2,6,2
heana001,TEX,BAL,BAL202406300,2024-06-30,0,0,21,10,28,0,5,2
heana001,TEX,TBA,TEX202407060,2024-07-06,0,1,16,7,21,2,3,0
heana001,TEX,HOU,HOU202407120,2024-07-12,0,0,15,5,23,2,5,2
heana001,TEX,BAL,TEX202407210,2024-07-21,0,1,15,4,20,3,2,0
heana001,TEX,TOR,TOR202407260,2024-07-26,0,0,15,4,23,1,7,4
heana001,TEX,SLN,SLN202407310,2024-07-31,0,0,13,2,21,1,6,6
heana001,TEX,HOU,TEX202408050,2024-08-05,0,1,18,4,21,1,1,1
heana001,TEX,NYA,NYA202408110,2024-08-11,0,0,14,4,21,2,5,3
heana001,TEX,MIN,TEX202408160,2024-08-16,0,1,13,8,20,1,5,4
heana001,TEX,PIT,TEX202408210,2024-08-21,0,1,15,8,22,1,5,0
heana001,TEX,CHA,CHA202408270,2024-08-27,0,0,15,2,21,1,5,1
heana001,TEX,NYA,TEX202409030,2024-09-03,0,1,15,8,20,1,3,0
heana001,TEX,ANA,TEX202409080,2024-09-08,0,1,18,8,23,1,3,3
heana001,TEX,SEA,SEA202409150,2024-09-15,0,0,15,3,23,1,7,3
heana001,TEX,SEA,TEX202409220,2024-09-22,0,1,17,4,27,1,7,4
heana001,TEX,ANA,ANA202409280,2024-09-28,0,0,12,3,22,0,10,7
heana001,PIT,MIA,MIA202503300,2025-03-30,0,0,15,2,20,1,4,1
heana001,PIT,NYA,PIT202504060,2025-04-06,0,1,21,10,27,1,5,1
heana001,PIT,CIN,CIN202504120,2025-04-12,0,0,18,6,23,2,3,4
heana001,PIT,WAS,PIT202504170,2025-04-17,0,1,22,4,28,2,5,0
heana001,PIT,ANA,ANA202504230,2025-04-23,0,0,18,9,20,0,1,0
heana001,PIT,CHN,PIT202504290,2025-04-29,0,1,14,0,21,3,5,4
heana001,PIT,SDN,PIT202505040,2025-05-04,0,1,11,3,23,4,8,4
heana001,PIT,ATL,PIT202505100,2025-05-10,0,1,18,2,25,3,4,2
heana001,PIT,PHI,PHI202505160,2025-05-16,0,0,15,2,22,3,4,1
heana001,PIT,CIN,PIT202505210,2025-05-21,0,1,15,4,20,2,3,1
heana001,PIT,ARI,ARI202505260,2025-05-26,0,0,15,2,25,3,8,5
heana001,PIT,SDN,SDN202506010,2025-06-01,0,0,17,3,22,0,5,2
heana001,PIT,PHI,PIT202506070,2025-06-07,0,1,18,5,21,0,4,1
heana001,PIT,CHN,CHN202506120,2025-06-12,0,0,18,7,22,0,4,3
heana001,PIT,DET,DET202506191,2025-06-19,1,0,12,2,23,3,8,7
heana001,PIT,MIL,MIL202506240,2025-06-24,0,0,12,3,21,3,7,7
heana001,PIT,SLN,PIT202506300,2025-06-30,0,1,20,7,22,1,3,0
heana001,PIT,KCA,KCA202507070,2025-07-07,0,0,9,2,17,1,6,4
heana001,PIT,CHA,PIT202507200,2025-07-20,0,1,12,1,23,2,9,7
heana001,PIT,ARI,PIT202507260,2025-07-26,0,1,15,4,18,0,2,0
heana001,PIT,COL,COL202508010,2025-08-01,0,0,10,1,18,1,7,3
heana001,PIT,SFN,PIT202508060,2025-08-06,0,1,14,1,18,0,2,1
heana001,PIT,MIL,MIL202508110,2025-08-11,0,0,12,3,25,2,9,5
hendk001,CHN,TEX,TEX202403300,2024-03-30,0,0,11,2,21,2,9,5
hendk001,CHN,LAN,CHN202404050,2024-04-05,0,1,12,4,22,2,8,5
hendk001,CHN,SDN,SDN202404100,2024-04-10,0,0,15,2,23,0,9,7
hendk001,CHN,ARI,ARI202404160,2024-04-16,0,0,13,3,22,3,5,7
hendk001,CHN,MIA,CHN202404210,2024-04-21,0,1,12,5,18,0,6,4
hendk001,CHN,PIT,PIT202405120,2024-05-12,0,0,15,5,20,4,2,1
hendk001,CHN,PIT,CHN202405170,2024-05-17,0,1,14,4,25,0,11,7
hendk001,CHN,SFN,CHN202406190,2024-06-19,0,1,17,8,20,1,2,1
hendk001,CHN,SFN,SFN202406250,2024-06-25,0,0,21,4,26,1,5,2
hendk001,CHN,MIL,MIL202406300,2024-06-30,0,0,11,3,19,1,7,7
hendk001,CHN,ANA,CHN202407060,2024-07-06,0,1,6,1,11,2,4,2
hendk001,CHN,SLN,SLN202407120,2024-07-12,0,0,21,3,24,1,5,0
hendk001,CHN,ARI,CHN202407200,2024-07-20,0,1,15,2,22,3,3,3
hendk001,CHN,KCA,KCA202407260,2024-07-26,0,0,15,4,23,0,8,6
hendk001,CHN,CIN,CIN202407310,2024-07-31,0,0,15,4,19,2,4,3
hendk001,CHN,MIN,CHN202408050,2024-08-05,0,1,18,5,23,1,5,2
hendk001,CHN,TOR,CHN202408160,2024-08-16,0,1,15,2,21,0,5,1
hendk001,CHN,MIA,MIA202408230,2024-08-23,0,0,14,0,22,2,7,3
hendk001,CHN,PIT,PIT202408280,2024-08-28,0,0,5,2,16,3,8,6
hendk001,CHN,PIT,CHN202409030,2024-09-03,0,1,15,5,20,1,5,2
hendk001,CHN,LAN,LAN202409090,2024-09-09,0,0,13,2,21,4,4,2
hendk001,CHN,COL,COL202409150,2024-09-15,0,0,18,7,23,3,2,1
hendk001,CHN,WAS,CHN202409210,2024-09-21,0,1,16,2,24,1,9,4
hendk001,CHN,CIN,CHN202409280,2024-09-28,0,1,22,2,26,2,2,0
hendk001,ANA,SLN,SLN202504010,2025-04-01,0,0,18,4,24,0,7,2
hendk001,ANA,TBA,TBA202504080,2025-04-08,0,0,15,4,17,2,2,0
hendk001,ANA,HOU,HOU202504130,2025-04-13,0,0,12,1,18,3,4,5
hendk001,ANA,SFN,ANA202504190,2025-04-19,0,1,15,1,20,2,4,3
hendk001,ANA,MIN,MIN202504250,2025-04-25,0,0,9,3,19,5,3,7
hendk001,ANA,DET,ANA202505030,2025-05-03,0,1,23,3,26,0,4,1
hendk001,ANA,BAL,ANA202505090,2025-05-09,0,1,15,5,24,3,6,3
hendk001,ANA,SDN,SDN202505140,2025-05-14,0,0,18,4,24,1,5,3
hendk001,ANA,ATH,ATH202505200,2025-05-20,0,0,17,3,26,0,9,4
hendk001,ANA,MIA,ANA202505250,2025-05-25,0,1,18,5,25,0,7,3
hendk001,ANA,CLE,CLE202505310,2025-05-31,0,0,17,6,28,2,7,4
hendk001,ANA,SEA,ANA202506060,2025-06-06,0,1,18,2,27,2,8,4
hendk001,ANA,ATH,ANA202506110,2025-06-11,0,1,18,3,25,1,7,2
hendk001,ANA,NYA,NYA202506170,2025-06-17,0,0,18,9,23,1,4,0
hendk001,ANA,HOU,ANA202506220,2025-06-22,0,1,15,2,25,1,8,3
hendk001,ANA,WAS,ANA202506280,2025-06-28,0,1,15,5,20,0,5,1
hendk001,ANA,TOR,TOR202507040,2025-07-04,0,0,16,2,20,0,4,3
hendk001,ANA,TEX,ANA202507090,2025-07-09,0,1,11,3,19,1,6,4
hendk001,ANA,NYN,NYN202507220,2025-07-22,0,0,14,2,19,1,5,3
hendk001,ANA,SEA,ANA202507270,2025-07-27,0,1,18,3,21,1,2,1
hendk001,ANA,CHA,ANA202508020,2025-08-02,0,1,15,2,19,2,4,1
hendk001,ANA,DET,DET202508080,2025-08-08,0,0,15,6,20,0,5,3
hendk001,ANA,LAN,ANA202508130,2025-08-13,0,1,10,4,19,3,6,5
hendk001,ANA,CIN,ANA202508190,2025-08-19,0,1,18,3,26,3,8,4
hendk001,ANA,CHN,ANA202508240,2025-08-24,0,1,13,2,21,3,5,4
hendk001,ANA,HOU,HOU202508300,2025-08-30,0,0,18,2,25,0,7,1
hendk001,ANA,KCA,KCA202509040,2025-09-04,0,0,18,0,22,3,3,2
hendk001,ANA,MIN,ANA202509090,2025-09-09,0,1,21,6,25,1,4,0
hendk001,ANA,SEA,SEA202509140,2025-09-14,0,0,10,6,22,2,10,9
hendk001,ANA,COL,COL202509200,2025-09-20,0,0,21,5,24,0,3,0
hendk001,ANA,HOU,ANA202509260,2025-09-26,0,1,15,8,22,0,5,2
hendl002,MIL,ATH,MIL202504200,2025-04-20,0,1,18,9,21,1,3,1
hendl002,MIL,CLE,CLE202505140,2025-05-14,0,0,15,7,19,1,4,2
hendl002,MIL,BAL,MIL202505200,2025-05-20,0,1,15,7,19,2,2,0
hendl002,MIL,PIT,PIT202505250,2025-05-25,0,0,15,6,22,2,5,1
hendl002,MIL,WAS,WAS202508030,2025-08-03,0,0,13,4,18,2,3,1
henlb002,HOU,TEX,TEX202404080,2024-04-08,0,0,1,0,9,3,4,5
henrr001,MIN,TBA,TBA202409040,2024-09-04,0,0,3,0,4,0,1,0
henrt001,ARI,COL,ARI202403300,2024-03-30,0,1,12,4,19,2,6,5
henrt001,ARI,ATL,ATL202404050,2024-04-05,0,0,15,5,25,2,6,2
henrt001,ARI,COL,COL202404100,2024-04-10,0,0,15,6,24,3,4,2
henrt001,ARI,CHN,ARI202404160,2024-04-16,0,1,13,3,21,1,9,5
henrt001,ARI,SLN,SLN202404230,2024-04-23,0,0,18,6,23,1,5,1
henrt001,ARI,LAN,ARI202404290,2024-04-29,0,1,12,0,18,2,5,2
henrt001,ARI,PHI,PHI202406220,2024-06-22,0,0,11,2,19,2,6,6
herne002,LAN,SFN,SFN202405150,2024-05-15,0,0,18,3,24,1,4,3
herzd001,WAS,NYN,WAS202406040,2024-06-04,0,1,12,3,21,2,7,4
herzd001,WAS,ATL,WAS202406090,2024-06-09,0,1,13,5,20,3,4,2
herzd001,WAS,MIA,WAS202406150,2024-06-15,0,1,18,13,19,0,1,0
herzd001,WAS,COL,COL202406210,2024-06-21,0,0,11,5,20,0,7,3
herzd001,WAS,SDN,SDN202406260,2024-06-26,0,0,10,1,19,2,6,4
herzd001,WAS,NYN,WAS202407020,2024-07-02,0,1,17,10,22,0,5,1
herzd001,WAS,SLN,WAS202407070,2024-07-07,0,1,13,4,20,2,5,4
herzd001,WAS,SDN,WAS202407230,2024-07-23,0,1,15,4,21,2,5,2
herzd001,WAS,SLN,SLN202407280,2024-07-28,0,0,15,8,19,1,3,2
herzd001,WAS,MIL,WAS202408030,2024-08-03,0,1,15,6,20,1,2,0
herzd001,WAS,SFN,WAS202408080,2024-08-08,0,1,8,4,16,4,4,2
herzd001,WAS,BAL,BAL202408140,2024-08-14,0,0,18,5,23,2,4,2
herzd001,WAS,COL,WAS202408200,2024-08-20,0,1,17,7,25,2,6,2
herzd001,WAS,ATL,ATL202408250,2024-08-25,0,0,15,8,20,3,1,0
herzd001,WAS,CHN,WAS202408310,2024-08-31,0,1,14,5,19,2,3,4
herzd001,WAS,PIT,PIT202409071,2024-09-07,1,0,15,5,18,3,0,0
herzd001,WAS,MIA,WAS202409130,2024-09-13,0,1,15,5,20,1,4,1
herzd001,WAS,NYN,NYN202409180,2024-09-18,0,0,10,5,19,3,6,7
herzd001,WAS,KCA,WAS202409250,2024-09-25,0,1,15,3,21,3,3,1
hickj002,SFN,SDN,SDN202403300,2024-03-30,0,0,15,6,20,1,3,0
hickj002,SFN,SDN,SFN202404050,2024-04-05,0,1,21,5,25,0,5,1
hickj002,SFN,WAS,SFN202404100,2024-04-10,0,1,18,2,21,2,4,1
hickj002,SFN,MIA,MIA202404160,2024-04-16,0,0,15,5,21,3,3,2
hickj002,SFN,ARI,SFN202404210,2024-04-21,0,1,15,0,21,4,1,1
hickj002,SFN,PIT,SFN202404270,2024-04-27,0,1,18,9,22,0,5,1
hickj002,SFN,PHI,PHI202405030,2024-05-03,0,0,12,3,22,4,4,2
hickj002,SFN,COL,COL202405080,2024-05-08,0,0,15,5,23,2,7,3
hickj002,SFN,LAN,SFN202405130,2024-05-13,0,1,15,4,21,0,7,2
hickj002,SFN,COL,SFN202405190,2024-05-19,0,1,15,1,19,1,3,1
hickj002,SFN,NYN,NYN202405250,2024-05-25,0,0,15,8,20,2,2,1
hickj002,SFN,NYA,SFN202405310,2024-05-31,0,1,16,4,23,0,7,4
hickj002,SFN,ARI,ARI202406050,2024-06-05,0,0,11,7,21,4,6,2
hickj002,SFN,HOU,SFN202406110,2024-06-11,0,1,14,5,20,1,5,3
hickj002,SFN,CHN,CHN202406170,2024-06-17,0,0,15,4,21,4,4,0
hickj002,SFN,SLN,SLN202406220,2024-06-22,0,0,12,1,21,3,6,5
hickj002,SFN,CHN,SFN202406270,2024-06-27,0,1,15,7,22,2,5,3
hickj002,SFN,ATL,ATL202407030,2024-07-03,0,0,15,6,24,2,8,3
hickj002,SFN,TOR,SFN202407110,2024-07-11,0,1,13,1,22,1,8,5
hickj002,SFN,LAN,LAN202407230,2024-07-23,0,0,11,7,19,5,3,4
hickj002,SFN,HOU,HOU202503310,2025-03-31,0,0,18,6,21,2,1,0
hickj002,SFN,SEA,SFN202504060,2025-04-06,0,1,16,5,25,1,6,3
hickj002,SFN,NYA,NYA202504120,2025-04-12,0,0,12,3,23,3,8,7
hickj002,SFN,PHI,PHI202504170,2025-04-17,0,0,21,5,29,4,6,5
hickj002,SFN,MIL,SFN202504220,2025-04-22,0,1,15,5,26,3,8,5
hickj002,SFN,TEX,SFN202504270,2025-04-27,0,1,15,3,20,0,7,2
hickj002,SFN,COL,SFN202505030,2025-05-03,0,1,15,7,21,2,3,3
hickj002,SFN,MIN,MIN202505090,2025-05-09,0,0,18,6,24,0,7,3
hickj002,SFN,ARI,SFN202505140,2025-05-14,0,1,6,1,13,1,7,5
hillr001,KCA,CHN,CHN202507220,2025-07-22,0,0,15,1,23,2,6,1
hillr001,KCA,ATL,KCA202507280,2025-07-28,0,1,12,3,20,6,3,4
hjels001,SFN,LAN,LAN202506150,2025-06-15,0,0,11,5,16,2,3,2
hoeib001,MIA,CHA,MIA202407050,2024-07-05,0,1,9,4,14,1,5,1
hoeib001,MIA,HOU,HOU202407100,2024-07-10,0,0,9,1,17,1,8,4
hoglg001,ATH,MIA,MIA202505020,2025-05-02,0,0,18,7,22,0,6,1
hoglg001,ATH,SEA,ATH202505070,2025-05-07,0,1,16,3,22,1,5,2
hoglg001,ATH,LAN,LAN202505140,2025-05-14,0,0,16,5,25,3,7,4
hoglg001,ATH,ANA,ATH202505200,2025-05-20,0,1,14,5,22,2,6,5
hoglg001,ATH,PHI,ATH202505250,2025-05-25,0,1,15,2,21,3,4,3
hoglg001,ATH,TOR,TOR202505310,2025-05-31,0,0,18,1,27,2,10,8
holmc001,NYN,HOU,HOU202503270,2025-03-27,0,0,14,4,23,4,5,2
holmc001,NYN,MIA,MIA202504020,2025-04-02,0,0,14,6,23,2,6,1
holmc001,NYN,MIA,NYN202504080,2025-04-08,0,1,16,10,23,3,5,4
holmc001,NYN,MIN,MIN202504140,2025-04-14,0,0,15,8,20,2,2,1
holmc001,NYN,SLN,NYN202504200,2025-04-20,0,1,18,6,24,2,4,1
holmc001,NYN,WAS,WAS202504260,2025-04-26,0,0,15,2,18,0,4,0
holmc001,NYN,SLN,SLN202505020,2025-05-02,0,0,18,3,25,0,8,3
holmc001,NYN,CHN,NYN202505090,2025-05-09,0,1,18,5,22,3,3,1
holmc001,NYN,PIT,NYN202505140,2025-05-14,0,1,18,4,25,1,7,4
holmc001,NYN,BOS,BOS202505200,2025-05-20,0,0,18,5,25,3,4,2
holmc001,NYN,CHA,NYN202505260,2025-05-26,0,1,17,3,24,3,4,1
holmc001,NYN,COL,NYN202506010,2025-06-01,0,1,21,3,24,0,3,3
holmc001,NYN,COL,COL202506070,2025-06-07,0,0,18,6,27,0,9,1
holmc001,NYN,TBA,NYN202506130,2025-06-13,0,1,15,3,19,2,3,1
holmc001,NYN,ATL,ATL202506190,2025-06-19,0,0,14,5,24,6,4,3
holmc001,NYN,ATL,NYN202506250,2025-06-25,0,1,15,2,22,4,3,1
holmc001,NYN,MIL,NYN202507021,2025-07-02,1,1,16,1,22,4,3,2
holmc001,NYN,BAL,BAL202507080,2025-07-08,0,0,15,5,23,1,7,5
holmc001,NYN,KCA,KCA202507130,2025-07-13,0,0,15,2,19,1,5,2
holmc001,NYN,CIN,NYN202507190,2025-07-19,0,1,16,3,24,2,6,4
holmc001,NYN,SFN,SFN202507250,2025-07-25,0,0,15,2,21,1,6,1
holmc001,NYN,SDN,SDN202507300,2025-07-30,0,0,11,3,24,2,8,2
holmc001,NYN,CLE,NYN202508050,2025-08-05,0,1,15,6,19,1,3,2
holmc001,NYN,ATL,NYN202508120,2025-08-12,0,1,11,4,20,5,6,5
holmc001,NYN,SEA,NYN202508170,2025-08-17,0,1,15,4,21,1,5,1
holmc001,NYN,ATL,ATL202508230,2025-08-23,0,0,19,4,24,2,3,2
holmc001,NYN,MIA,NYN202508280,2025-08-28,0,1,15,2,24,1,5,2
holmc001,NYN,DET,DET202509030,2025-09-03,0,0,14,6,21,3,5,2
holmc001,NYN,PHI,PHI202509100,2025-09-10,0,0,12,5,23,3,6,4
holmc001,NYN,SDN,NYN202509160,2025-09-16,0,1,12,2,15,1,3,2
holmc001,NYN,MIA,MIA202509270,2025-09-27,0,0,18,2,22,3,1,0
holmg001,ATL,MIL,MIL202407290,2024-07-29,0,0,15,8,18,0,3,1
holmg001,ATL,MIA,ATL202408030,2024-08-03,0,1,14,4,22,1,7,3
holmg001,ATL,COL,COL202408090,2024-08-09,0,0,15,8,24,3,6,5
holmg001,ATL,SFN,SFN202408140,2024-08-14,0,0,21,6,29,1,8,2
holmg001,ATL,CIN,CIN202409170,2024-09-17,0,0,12,2,19,2,5,2
holmg001,ATL,MIA,MIA202409220,2024-09-22,0,0,12,5,16,1,3,2
holmg001,ATL,NYN,ATL202409302,2024-09-30,2,1,12,7,14,1,1,0
holmg001,ATL,LAN,LAN202503310,2025-03-31,0,0,12,3,19,4,4,4
holmg001,ATL,PHI,ATL202504090,2025-04-09,0,1,12,6,19,4,3,0
holmg001,ATL,TOR,TOR202504140,2025-04-14,0,0,23,4,26,2,2,3
holmg001,ATL,MIN,ATL202504200,2025-04-20,0,1,17,7,26,4,4,1
holmg001,ATL,ARI,ARI202504260,2025-04-26,0,0,17,4,24,3,5,6
holmg001,ATL,LAN,ATL202505020,2025-05-02,0,1,18,9,23,2,4,2
holmg001,ATL,CIN,ATL202505070,2025-05-07,0,1,16,5,23,1,7,4
holmg001,ATL,WAS,ATL202505120,2025-05-12,0,1,19,4,23,1,4,1
holmg001,ATL,BOS,BOS202505170,2025-05-17,0,0,18,5,26,4,3,2
holmg001,ATL,SDN,ATL202505240,2025-05-24,0,1,21,6,29,1,6,1
holmg001,ATL,BOS,ATL202505300,2025-05-30,0,1,17,9,24,1,6,3
holmg001,ATL,ARI,ATL202506050,2025-06-05,0,1,10,4,15,2,4,3
holmg001,ATL,MIL,MIL202506100,2025-06-10,0,0,16,9,23,3,5,3
holmg001,ATL,COL,ATL202506150,2025-06-15,0,1,19,15,24,2,3,2
holmg001,ATL,MIA,MIA202506210,2025-06-21,0,0,17,5,25,5,5,0
holmg001,ATL,NYN,NYN202506260,2025-06-26,0,0,15,6,24,3,6,2
holmg001,ATL,ANA,ATL202507010,2025-07-01,0,1,18,10,25,3,3,0
holmg001,ATL,BAL,ATL202507060,2025-07-06,0,1,18,5,23,3,4,2
holmg001,ATL,SLN,SLN202507110,2025-07-11,0,0,9,1,19,2,9,5
holmg001,ATL,NYA,ATL202507200,2025-07-20,0,1,18,2,28,2,7,3
holmg001,ATL,TEX,TEX202507260,2025-07-26,0,0,12,2,21,2,6,4
holmg002,ATH,MIN,ATH202506030,2025-06-03,0,1,4,0,6,1,1,0
holmg002,ATH,ANA,ANA202506090,2025-06-09,0,0,3,0,3,0,0,0
holtt002,DET,PHI,DET202406260,2024-06-26,0,1,5,1,10,1,4,1
holtt002,DET,CLE,CLE202407230,2024-07-23,0,0,5,2,7,1,1,0
holtt002,DET,CLE,CLE202407250,2024-07-25,0,0,6,2,8,0,2,0
holtt002,DET,CLE,DET202407300,2024-07-30,0,1,8,1,10,0,2,0
holtt002,DET,KCA,DET202408030,2024-08-03,0,1,9,3,9,0,0,0
holtt002,DET,CHN,CHN202408220,2024-08-22,0,0,3,0,3,0,0,0
holtt002,DET,SDN,SDN202409020,2024-09-02,0,0,6,1,7,0,1,0
holtt002,DET,BAL,BAL202409200,2024-09-20,0,0,3,1,5,0,2,2
holtt002,DET,BAL,BAL202409220,2024-09-22,0,0,6,4,7,1,0,0
holtt002,DET,BOS,DET202505130,2025-05-13,0,1,5,2,6,0,1,1
holtt002,DET,CHN,DET202506070,2025-06-07,0,1,4,2,5,0,1,1
holtt002,DET,CIN,DET202506150,2025-06-15,0,1,3,1,3,0,0,0
holtt002,DET,PIT,DET202506192,2025-06-19,2,1,4,1,7,0,4,3
holtt002,DET,WAS,WAS202507021,2025-07-02,1,0,6,3,7,0,1,0
holtt002,DET,NYA,NYA202509110,2025-09-11,0,0,3,2,5,0,2,2
honeb001,LAN,DET,DET202407140,2024-07-14,0,0,9,2,10,0,1,0
hortc001,CHN,CHA,CHN202505160,2025-05-16,0,1,15,2,21,0,7,3
hortc001,CHN,MIA,MIA202505210,2025-05-21,0,0,16,3,24,3,6,1
hortc001,CHN,COL,CHN202505270,2025-05-27,0,1,18,6,23,1,4,2
hortc001,CHN,WAS,WAS202506030,2025-06-03,0,0,16,3,22,1,5,1
hortc001,CHN,DET,DET202506080,2025-06-08,0,0,15,6,24,2,7,4
hortc001,CHN,PIT,CHN202506130,2025-06-13,0,1,17,4,21,1,3,0
hortc001,CHN,SEA,CHN202506210,2025-06-21,0,1,14,2,23,2,7,3
hortc001,CHN,HOU,HOU202506270,2025-06-27,0,0,12,2,24,4,8,7
hortc001,CHN,CLE,CHN202507030,2025-07-03,0,1,21,5,25,2,5,0
hortc001,CHN,MIN,MIN202507090,2025-07-09,0,0,14,5,21,2,6,4
hortc001,CHN,BOS,CHN202507200,2025-07-20,0,1,17,4,21,3,2,0
hortc001,CHN,CHA,CHA202507260,2025-07-26,0,0,19,3,22,1,4,0
hortc001,CHN,BAL,CHN202508010,2025-08-01,0,1,15,3,18,3,2,0
hortc001,CHN,CIN,CHN202508060,2025-08-06,0,1,17,6,20,0,2,0
hortc001,CHN,TOR,TOR202508130,2025-08-13,0,0,17,8,20,2,1,1
hortc001,CHN,MIL,CHN202508180,2025-08-18,0,1,8,3,14,1,4,1
hortc001,CHN,ANA,ANA202508230,2025-08-23,0,0,18,7,22,1,3,0
hortc001,CHN,COL,COL202508290,2025-08-29,0,0,15,4,23,2,6,2
hortc001,CHN,ATL,CHN202509030,2025-09-03,0,1,15,6,16,1,0,0
hortc001,CHN,ATL,ATL202509090,2025-09-09,0,0,19,2,24,0,4,1
hortc001,CHN,PIT,PIT202509160,2025-09-16,0,0,15,6,19,1,3,1
hortc001,CHN,NYN,CHN202509230,2025-09-23,0,1,9,2,11,0,2,1
houct001,BOS,OAK,OAK202404010,2024-04-01,0,0,18,10,21,0,3,0
houct001,BOS,ANA,ANA202404070,2024-04-07,0,0,18,7,24,2,4,0
houct001,BOS,ANA,BOS202404120,2024-04-12,0,1,17,2,31,0,12,4
houct001,BOS,CLE,BOS202404170,2024-04-17,0,1,27,9,29,0,3,0
houct001,BOS,CLE,CLE202404230,2024-04-23,0,0,18,4,25,3,5,2
houct001,BOS,CHN,BOS202404280,2024-04-28,0,1,20,9,25,0,4,1
houct001,BOS,MIN,MIN202405030,2024-05-03,0,0,18,5,26,2,6,3
houct001,BOS,WAS,BOS202405100,2024-05-10,0,1,21,4,28,1,6,3
houct001,BOS,TBA,BOS202405150,2024-05-15,0,1,17,7,26,3,5,1
houct001,BOS,TBA,TBA202405200,2024-05-20,0,0,21,5,22,1,2,0
houct001,BOS,MIL,BOS202405260,2024-05-26,0,1,18,7,26,1,7,1
houct001,BOS,DET,BOS202405310,2024-05-31,0,1,21,6,28,2,3,1
houct001,BOS,CHA,CHA202406060,2024-06-06,0,0,21,9,25,0,3,2
houct001,BOS,PHI,BOS202406130,2024-06-13,0,1,18,5,27,0,8,3
houct001,BOS,TOR,TOR202406180,2024-06-18,0,0,17,5,26,2,6,2
houct001,BOS,TOR,BOS202406240,2024-06-24,0,1,20,7,27,1,5,2
houct001,BOS,SDN,BOS202406290,2024-06-29,0,1,13,4,23,1,9,7
houct001,BOS,NYA,NYA202407050,2024-07-05,0,0,10,1,16,4,2,1
houct001,BOS,OAK,BOS202407110,2024-07-11,0,1,18,6,22,3,2,0
houct001,BOS,COL,COL202407220,2024-07-22,0,0,18,2,30,3,10,4
houct001,BOS,NYA,BOS202407280,2024-07-28,0,1,18,2,26,4,5,3
houct001,BOS,TEX,TEX202408030,2024-08-03,0,0,15,7,25,2,8,6
houct001,BOS,HOU,BOS202408090,2024-08-09,0,1,18,1,25,3,4,1
houct001,BOS,TEX,BOS202408140,2024-08-14,0,1,20,3,29,2,6,2
houct001,BOS,HOU,HOU202408190,2024-08-19,0,0,18,8,26,0,8,2
houct001,BOS,ARI,BOS202408250,2024-08-25,0,1,18,2,27,4,7,6
houct001,BOS,DET,DET202408300,2024-08-30,0,0,18,6,24,2,3,0
houct001,BOS,NYN,NYN202409040,2024-09-04,0,0,15,7,21,1,5,4
houct001,BOS,TBA,TBA202409180,2024-09-18,0,0,12,4,16,0,4,1
houct001,BOS,TOR,TOR202409230,2024-09-23,0,0,15,0,17,1,1,0
houct001,BOS,TEX,TEX202503280,2025-03-28,0,0,17,2,24,3,7,4
houct001,BOS,BAL,BAL202504030,2025-04-03,0,0,12,6,19,2,5,3
houct001,BOS,TOR,BOS202504090,2025-04-09,0,1,20,2,24,2,5,1
houct001,BOS,TBA,TBA202504140,2025-04-14,0,0,7,1,20,2,10,11
houct001,BOS,CHA,BOS202504200,2025-04-20,0,1,18,7,23,2,3,2
houct001,BOS,CLE,CLE202504261,2025-04-26,1,0,15,6,24,1,8,4
houct001,BOS,TOR,TOR202505010,2025-05-01,0,0,21,6,25,0,4,1
houct001,BOS,TEX,BOS202505070,2025-05-07,0,1,14,2,24,2,6,2
houct001,BOS,DET,DET202505120,2025-05-12,0,0,7,0,20,3,9,11
housa001,NYN,DET,NYN202404041,2024-04-04,1,1,15,3,20,3,3,1
housa001,NYN,ATL,ATL202404090,2024-04-09,0,0,15,1,25,2,8,5
housa001,NYN,PIT,NYN202404150,2024-04-15,0,1,16,5,23,5,2,2
housa001,NYN,LAN,LAN202404210,2024-04-21,0,0,12,3,22,4,7,8
housa001,NYN,SLN,NYN202404270,2024-04-27,0,1,13,2,24,2,9,6
housa001,NYN,CHN,NYN202405020,2024-05-02,0,1,15,2,23,4,4,4
housa001,NYN,CLE,CLE202405210,2024-05-21,0,0,15,4,23,1,6,6
housa001,CHA,SEA,CHA202505200,2025-05-20,0,1,18,2,21,3,2,0
housa001,CHA,NYN,NYN202505260,2025-05-26,0,0,18,6,22,1,3,0
housa001,CHA,BAL,BAL202506010,2025-06-01,0,0,19,6,27,1,8,3
housa001,CHA,KCA,CHA202506070,2025-06-07,0,1,18,6,23,1,6,1
housa001,CHA,TEX,TEX202506130,2025-06-13,0,0,15,2,24,4,6,3
housa001,CHA,TOR,TOR202506220,2025-06-22,0,0,19,4,29,3,7,2
housa001,CHA,SFN,CHA202506280,2025-06-28,0,1,21,5,25,1,4,0
housa001,CHA,COL,COL202507040,2025-07-04,0,0,24,6,29,2,4,0
housa001,CHA,TOR,CHA202507090,2025-07-09,0,1,21,2,26,2,7,1
housa001,CHA,PIT,PIT202507190,2025-07-19,0,0,13,5,22,1,10,3
housa001,CHA,CHN,CHA202507250,2025-07-25,0,1,20,3,27,3,5,3
housa001,TBA,ANA,ANA202508040,2025-08-04,0,0,17,3,28,1,11,5
housa001,TBA,SEA,SEA202508100,2025-08-10,0,0,15,4,25,3,6,4
housa001,TBA,SFN,SFN202508160,2025-08-16,0,0,15,6,19,0,4,0
housa001,TBA,SLN,TBA202508220,2025-08-22,0,1,19,2,28,2,6,4
housa001,TBA,WAS,WAS202508290,2025-08-29,0,0,12,4,20,3,6,1
housa001,TBA,SEA,TBA202509030,2025-09-03,0,1,21,8,26,1,4,4
housa001,TBA,CHA,CHA202509090,2025-09-09,0,0,16,9,21,0,4,3
housa001,TBA,CHN,CHN202509140,2025-09-14,0,0,18,2,24,1,7,2
housa001,TBA,BOS,TBA202509200,2025-09-20,0,1,18,2,26,3,5,3
housa001,TBA,TOR,TOR202509260,2025-09-26,0,0,18,5,26,2,7,4
howas003,SFN,TEX,TEX202406080,2024-06-08,0,0,14,2,19,3,3,1
howas003,SFN,ANA,SFN202406140,2024-06-14,0,1,7,1,18,4,7,4
howas003,CLE,DET,DET202407110,2024-07-11,0,0,9,4,19,3,7,4
hudsd002,COL,CHN,CHN202404010,2024-04-01,0,0,16,2,22,2,4,0
hudsd002,COL,TBA,COL202404070,2024-04-07,0,1,18,4,25,1,7,3
hudsd002,COL,TOR,TOR202404130,2024-04-13,0,0,18,5,26,3,5,5
hudsd002,COL,SEA,COL202404200,2024-04-20,0,1,12,1,23,5,7,4
hudsd002,COL,SDN,COL202404250,2024-04-25,0,1,10,4,20,4,6,6
hudsd002,COL,MIA,MIA202405010,2024-05-01,0,0,17,2,25,2,5,2
hudsd002,COL,SFN,COL202405070,2024-05-07,0,1,11,2,20,5,5,4
hudsd002,COL,SDN,SDN202405130,2024-05-13,0,0,17,3,23,3,3,3
hudsd002,COL,SFN,SFN202405190,2024-05-19,0,0,14,3,23,2,5,2
hudsd002,COL,PHI,COL202405250,2024-05-25,0,1,18,2,24,1,5,2
hudsd002,COL,LAN,LAN202405310,2024-05-31,0,0,21,3,26,1,4,1
hudsd002,COL,CIN,COL202406050,2024-06-05,0,1,13,4,21,4,5,4
hudsd002,COL,MIN,MIN202406100,2024-06-10,0,0,20,1,25,2,4,1
hudsd002,COL,PIT,COL202406160,2024-06-16,0,1,16,5,22,1,7,3
hudsd002,COL,WAS,COL202406210,2024-06-21,0,1,9,0,19,2,11,8
hudsd002,COL,CHA,CHA202406280,2024-06-28,0,0,15,3,24,5,6,5
hudsd002,COL,MIL,COL202407030,2024-07-03,0,1,14,4,23,3,7,3
hudsd002,COL,ATL,COL202408100,2024-08-10,0,1,8,1,13,4,3,5
hughb002,ARI,LAN,ARI202404300,2024-04-30,0,1,3,2,4,0,1,0
hughb002,ARI,LAN,LAN202405220,2024-05-22,0,0,2,0,3,0,1,0
hurtb001,DET,ANA,DET202408270,2024-08-27,0,1,15,4,21,2,4,2
hurtb001,DET,SLN,SLN202505210,2025-05-21,0,0,9,2,11,1,1,0
hurtb001,DET,BAL,BAL202506100,2025-06-10,0,0,8,3,12,0,2,1
hurtb001,DET,CIN,DET202506130,2025-06-13,0,1,2,1,4,1,1,0
hurtb001,DET,TBA,TBA202506210,2025-06-21,0,0,2,2,8,2,2,0
hurtk001,LAN,WAS,LAN202404160,2024-04-16,0,1,6,0,8,0,3,0
imans001,CHN,COL,CHN202404010,2024-04-01,0,1,18,9,21,0,2,0
imans001,CHN,LAN,CHN202404070,2024-04-07,0,1,12,3,14,0,2,0
imans001,CHN,SEA,SEA202404130,2024-04-13,0,0,16,4,24,2,5,0
imans001,CHN,MIA,CHN202404202,2024-04-20,2,1,18,5,23,0,5,2
imans001,CHN,BOS,BOS202404260,2024-04-26,0,0,19,7,26,1,5,1
imans001,CHN,NYN,NYN202405010,2024-05-01,0,0,21,7,24,1,3,0
imans001,CHN,SDN,CHN202405070,2024-05-07,0,1,21,8,28,1,7,2
imans001,CHN,ATL,ATL202405130,2024-05-13,0,0,15,8,23,3,7,0
imans001,CHN,PIT,CHN202405180,2024-05-18,0,1,21,7,26,1,4,0
imans001,CHN,MIL,MIL202405290,2024-05-29,0,0,13,1,22,1,8,7
imans001,CHN,CHA,CHN202406040,2024-06-04,0,1,13,6,20,0,7,1
imans001,CHN,CIN,CIN202406090,2024-06-09,0,0,20,7,25,1,5,2
imans001,CHN,SLN,CHN202406150,2024-06-15,0,1,21,6,26,0,4,1
imans001,CHN,NYN,CHN202406210,2024-06-21,0,1,9,3,21,1,11,10
imans001,CHN,SFN,SFN202406270,2024-06-27,0,0,18,3,25,2,5,3
imans001,CHN,PHI,CHN202407030,2024-07-03,0,1,18,8,25,1,6,3
imans001,CHN,BAL,BAL202407100,2024-07-10,0,0,18,6,25,1,6,0
imans001,CHN,ARI,CHN202407210,2024-07-21,0,1,21,10,25,1,2,1
imans001,CHN,KCA,KCA202407270,2024-07-27,0,0,17,3,22,0,6,3
imans001,CHN,SLN,CHN202408010,2024-08-01,0,1,20,7,30,0,10,4
imans001,CHN,MIN,CHN202408060,2024-08-06,0,1,21,10,24,1,2,2
imans001,CHN,CLE,CLE202408120,2024-08-12,0,0,15,3,22,1,7,3
imans001,CHN,TOR,CHN202408180,2024-08-18,0,1,15,6,20,1,4,1
imans001,CHN,MIA,MIA202408240,2024-08-24,0,0,21,3,27,2,4,2
imans001,CHN,WAS,WAS202408300,2024-08-30,0,0,18,8,23,1,4,3
imans001,CHN,PIT,CHN202409040,2024-09-04,0,1,21,7,25,2,0,0
imans001,CHN,LAN,LAN202409100,2024-09-10,0,0,21,4,26,0,7,3
imans001,CHN,OAK,CHN202409160,2024-09-16,0,1,18,11,26,3,5,2
imans001,CHN,WAS,CHN202409220,2024-09-22,0,1,21,4,26,0,6,0
imans001,CHN,LAN,CHN202503180,2025-03-18,0,1,12,2,16,4,0,0
imans001,CHN,ARI,ARI202503290,2025-03-29,0,0,21,4,26,2,3,1
imans001,CHN,SDN,CHN202504040,2025-04-04,0,1,22,4,26,0,4,1
imans001,CHN,TEX,CHN202504090,2025-04-09,0,1,15,4,23,1,7,5
imans001,CHN,SDN,SDN202504150,2025-04-15,0,0,15,7,22,3,4,0
imans001,CHN,LAN,CHN202504220,2025-04-22,0,1,17,6,25,2,7,5
imans001,CHN,PIT,PIT202504290,2025-04-29,0,0,15,3,21,1,6,0
imans001,CHN,MIL,MIL202505040,2025-05-04,0,0,17,4,22,1,4,2
imans001,CHN,SLN,SLN202506260,2025-06-26,0,0,15,3,17,1,1,0
imans001,CHN,CLE,CHN202507020,2025-07-02,0,1,16,4,21,0,4,3
imans001,CHN,MIN,MIN202507080,2025-07-08,0,0,18,1,23,0,5,2
imans001,CHN,NYA,NYA202507130,2025-07-13,0,0,21,6,22,1,2,1
imans001,CHN,BOS,CHN202507190,2025-07-19,0,1,21,5,27,1,5,0
imans001,CHN,CHA,CHA202507250,2025-07-25,0,0,9,2,21,0,12,7
imans001,CHN,MIL,MIL202507300,2025-07-30,0,0,15,8,20,0,5,3
imans001,CHN,CIN,CHN202508050,2025-08-05,0,1,19,7,21,0,3,1
imans001,CHN,SLN,SLN202508100,2025-08-10,0,0,20,9,24,0,4,3
imans001,CHN,PIT,CHN202508160,2025-08-16,0,1,21,6,26,2,3,1
imans001,CHN,MIL,CHN202508210,2025-08-21,0,1,21,5,25,2,3,2
imans001,CHN,SFN,SFN202508280,2025-08-28,0,0,21,5,26,1,5,3
imans001,CHN,ATL,CHN202509020,2025-09-02,0,1,18,2,22,1,5,3
imans001,CHN,ATL,ATL202509080,2025-09-08,0,0,18,4,23,0,5,3
imans001,CHN,TBA,CHN202509140,2025-09-14,0,1,15,9,22,0,7,3
imans001,CHN,CIN,CIN202509190,2025-09-19,0,0,15,4,20,2,4,3
imans001,CHN,NYN,CHN202509250,2025-09-25,0,1,17,3,26,1,9,8
irvic001,BAL,KCA,BAL202404020,2024-04-02,0,1,15,3,24,2,7,4
irvic001,BAL,BOS,BOS202404100,2024-04-10,0,0,15,4,23,3,7,5
irvic001,BAL,MIN,BAL202404150,2024-04-15,0,1,14,4,19,0,6,2
irvic001,BAL,KCA,KCA202404210,2024-04-21,0,0,20,2,26,2,4,0
irvic001,BAL,OAK,BAL202404270,2024-04-27,0,1,21,5,24,0,4,0
irvic001,BAL,CIN,CIN202405030,2024-05-03,0,0,19,4,21,0,2,0
irvic001,BAL,ARI,BAL202405100,2024-05-10,0,1,17,6,23,1,5,2
irvic001,BAL,BOS,BAL202405270,2024-05-27,0,1,15,6,22,3,4,0
irvic001,BAL,TBA,BAL202406020,2024-06-02,0,1,19,1,27,1,8,2
irvic001,BAL,TBA,TBA202406070,2024-06-07,0,0,17,6,25,0,8,2
irvic001,BAL,ATL,BAL202406130,2024-06-13,0,1,17,8,28,1,9,3
irvic001,BAL,NYA,NYA202406200,2024-06-20,0,0,14,2,21,2,5,5
irvic001,BAL,CLE,BAL202406250,2024-06-25,0,1,12,1,22,0,10,4
irvic001,BAL,TEX,BAL202406300,2024-06-30,0,1,11,2,20,2,5,5
irvic001,BAL,NYN,NYN202408210,2024-08-21,0,0,13,2,20,2,5,2
irvic001,BAL,LAN,LAN202408270,2024-08-27,0,0,13,3,19,2,5,2
irvij001,WAS,CIN,CIN202403310,2024-03-31,0,0,15,4,21,2,7,3
irvij001,WAS,PHI,WAS202404060,2024-04-06,0,1,18,5,23,1,5,4
irvij001,WAS,OAK,OAK202404120,2024-04-12,0,0,18,5,21,2,1,1
irvij001,WAS,LAN,LAN202404170,2024-04-17,0,0,18,6,22,1,4,0
irvij001,WAS,LAN,WAS202404240,2024-04-24,0,1,14,3,26,1,12,6
irvij001,WAS,MIA,MIA202404290,2024-04-29,0,0,18,3,22,0,4,2
irvij001,WAS,TOR,WAS202405040,2024-05-04,0,1,15,4,23,1,5,0
irvij001,WAS,BOS,BOS202405110,2024-05-11,0,0,21,6,26,0,4,2
irvij001,WAS,PHI,PHI202405170,2024-05-17,0,0,15,2,23,1,5,4
irvij001,WAS,MIN,WAS202405220,2024-05-22,0,1,19,6,25,0,5,2
irvij001,WAS,ATL,ATL202405280,2024-05-28,0,0,18,10,20,2,2,0
irvij001,WAS,CLE,CLE202406020,2024-06-02,0,0,18,6,23,1,5,2
irvij001,WAS,ATL,WAS202406070,2024-06-07,0,1,18,4,24,2,4,0
irvij001,WAS,DET,DET202406120,2024-06-12,0,0,18,5,25,1,6,1
irvij001,WAS,ARI,WAS202406180,2024-06-18,0,1,15,2,22,4,8,4
irvij001,WAS,COL,COL202406230,2024-06-23,0,0,18,10,22,1,3,1
irvij001,WAS,TBA,TBA202406290,2024-06-29,0,0,18,5,21,3,1,1
irvij001,WAS,NYN,WAS202407040,2024-07-04,0,1,24,8,26,1,1,0
irvij001,WAS,NYN,NYN202407090,2024-07-09,0,0,18,2,29,2,9,6
irvij001,WAS,MIL,MIL202407140,2024-07-14,0,0,12,3,23,3,9,6
irvij001,WAS,CIN,WAS202407210,2024-07-21,0,1,21,7,26,0,5,2
irvij001,WAS,SLN,SLN202407270,2024-07-27,0,0,16,5,21,1,4,2
irvij001,WAS,MIL,WAS202408020,2024-08-02,0,1,17,4,24,2,6,4
irvij001,WAS,SFN,WAS202408070,2024-08-07,0,1,15,4,23,1,8,5
irvij001,WAS,BAL,BAL202408130,2024-08-13,0,0,18,3,26,1,7,2
irvij001,WAS,PHI,PHI202408180,2024-08-18,0,0,18,5,26,1,8,4
irvij001,WAS,ATL,ATL202408240,2024-08-24,0,0,16,3,21,3,5,2
irvij001,WAS,CHN,WAS202408300,2024-08-30,0,1,14,6,25,2,8,7
irvij001,WAS,PIT,PIT202409050,2024-09-05,0,0,15,4,24,3,7,6
irvij001,WAS,ATL,WAS202409110,2024-09-11,0,1,18,5,21,1,2,1
irvij001,WAS,NYN,NYN202409160,2024-09-16,0,0,22,5,26,1,4,1
irvij001,WAS,CHN,CHN202409220,2024-09-22,0,0,12,3,18,4,4,5
irvij001,WAS,PHI,WAS202409290,2024-09-29,0,1,13,3,21,3,5,6
irvij001,WAS,PHI,WAS202503290,2025-03-29,0,1,15,2,22,2,7,2
irvij001,WAS,ARI,WAS202504040,2025-04-04,0,1,15,3,22,1,7,4
irvij001,WAS,LAN,WAS202504090,2025-04-09,0,1,18,7,25,3,4,4
irvij001,WAS,PIT,PIT202504150,2025-04-15,0,0,21,6,25,1,3,0
irvij001,WAS,COL,COL202504201,2025-04-20,1,0,19,9,23,0,3,2
irvij001,WAS,NYN,WAS202504250,2025-04-25,0,1,22,4,27,1,5,1
irvij001,WAS,PHI,PHI202504300,2025-04-30,0,0,18,2,29,3,8,6
irvij001,WAS,CLE,WAS202505061,2025-05-06,1,1,16,0,23,3,4,2
irvij001,WAS,ATL,ATL202505120,2025-05-12,0,0,18,1,27,2,7,3
irvij001,WAS,BAL,BAL202505170,2025-05-17,0,0,19,6,26,1,5,2
irvij001,WAS,SFN,WAS202505240,2025-05-24,0,1,24,7,29,2,3,0
irvij001,WAS,ARI,ARI202505300,2025-05-30,0,0,15,0,24,1,10,6
irvij001,WAS,CHN,WAS202506050,2025-06-05,0,1,15,3,26,2,8,3
irvij001,WAS,NYN,NYN202506110,2025-06-11,0,0,15,4,24,3,5,4
irvij001,WAS,COL,WAS202506160,2025-06-16,0,1,18,5,23,1,5,3
irvij001,WAS,LAN,LAN202506210,2025-06-21,0,0,16,7,23,0,6,2
irvij001,WAS,ANA,ANA202506270,2025-06-27,0,0,13,5,25,4,9,8
irvij001,WAS,DET,WAS202507030,2025-07-03,0,1,18,4,24,3,3,3
irvij001,WAS,SLN,SLN202507080,2025-07-08,0,0,18,3,26,4,6,4
irvij001,WAS,MIL,MIL202507130,2025-07-13,0,0,15,5,21,1,4,0
irvij001,WAS,CIN,WAS202507210,2025-07-21,0,1,11,1,19,3,6,5
irvij001,WAS,MIN,MIN202507270,2025-07-27,0,0,21,2,26,0,5,2
irvij001,WAS,MIL,WAS202508020,2025-08-02,0,1,12,2,21,2,8,5
irvij001,WAS,SFN,SFN202508080,2025-08-08,0,0,16,3,25,0,8,3
irvij001,WAS,KCA,KCA202508130,2025-08-13,0,0,12,3,22,4,7,6
irvij001,WAS,NYN,WAS202508190,2025-08-19,0,1,18,3,28,3,8,6
irvij001,WAS,PHI,PHI202508240,2025-08-24,0,0,7,2,16,2,6,3
irvij001,WAS,TBA,WAS202508300,2025-08-30,0,1,18,3,22,1,5,4
irvij001,WAS,CHN,CHN202509050,2025-09-05,0,0,10,2,20,4,5,7
irvij001,WAS,MIA,MIA202509100,2025-09-10,0,0,15,4,21,0,5,3
irvij001,WAS,ATL,WAS202509161,2025-09-16,1,1,18,5,27,2,8,5
irvij001,WAS,NYN,NYN202509210,2025-09-21,0,0,16,5,22,2,6,2
irvij001,WAS,CHA,WAS202509270,2025-09-27,0,1,18,6,24,1,6,4
javic001,HOU,NYA,HOU202403290,2024-03-29,0,1,18,6,23,1,4,0
javic001,HOU,TOR,HOU202404030,2024-04-03,0,1,15,3,20,5,1,0
javic001,HOU,KCA,KCA202404090,2024-04-09,0,0,16,4,25,3,5,2
javic001,HOU,TEX,HOU202404140,2024-04-14,0,1,21,5,27,2,5,2
javic001,HOU,DET,DET202405110,2024-05-11,0,0,4,0,13,4,5,7
javic001,HOU,OAK,HOU202405160,2024-05-16,0,1,18,8,21,1,2,0
javic001,HOU,ANA,HOU202405210,2024-05-21,0,1,12,1,21,3,8,4
javic001,HOU,BOS,HOU202508110,2025-08-11,0,1,15,5,19,2,3,2
javic001,HOU,BAL,HOU202508170,2025-08-17,0,1,9,2,13,0,3,1
javic001,HOU,BAL,BAL202508230,2025-08-23,0,0,6,3,14,4,3,3
javic001,HOU,ANA,HOU202508290,2025-08-29,0,1,18,6,21,3,0,0
javic001,HOU,NYA,HOU202509040,2025-09-04,0,1,13,4,22,3,6,4
javic001,HOU,TOR,TOR202509110,2025-09-11,0,0,18,6,24,1,6,4
javic001,HOU,TEX,HOU202509170,2025-09-17,0,1,18,4,23,1,5,2
javic001,HOU,ATH,ATH202509230,2025-09-23,0,0,14,4,21,1,6,3
jax-g001,TBA,CLE,TBA202509050,2025-09-05,0,1,3,1,5,0,2,0
jax-g001,TBA,CHA,CHA202509100,2025-09-10,0,0,3,1,4,1,1,0
jeffd001,SFN,SDN,SDN202403310,2024-03-31,0,0,6,1,16,0,9,5
jobej001,DET,SEA,SEA202503310,2025-03-31,0,0,12,3,19,4,3,3
jobej001,DET,CHA,DET202504060,2025-04-06,0,1,15,4,21,3,4,2
jobej001,DET,MIN,MIN202504120,2025-04-12,0,0,18,2,20,1,2,0
jobej001,DET,KCA,DET202504180,2025-04-18,0,1,15,5,22,2,5,1
jobej001,DET,HOU,HOU202504300,2025-04-30,0,0,12,4,20,4,4,3
jobej001,DET,COL,COL202505070,2025-05-07,0,0,11,2,20,1,8,6
jobej001,DET,BOS,DET202505120,2025-05-12,0,1,17,7,26,5,3,1
jobej001,DET,TOR,TOR202505180,2025-05-18,0,0,18,5,25,2,6,2
jobej001,DET,CLE,DET202505230,2025-05-23,0,1,15,3,22,2,4,2
jobej001,DET,SFN,DET202505280,2025-05-28,0,1,14,4,23,3,7,3
johns003,PHI,MIA,MIA202409080,2024-09-08,0,0,7,0,18,3,8,9
jonej008,PIT,MIA,MIA202403300,2024-03-30,0,0,17,10,23,2,3,3
jonej008,PIT,BAL,PIT202404050,2024-04-05,0,1,18,7,25,0,6,2
jonej008,PIT,PHI,PHI202404110,2024-04-11,0,0,19,8,24,0,6,3
jonej008,PIT,NYN,NYN202404160,2024-04-16,0,0,15,7,16,0,1,0
jonej008,PIT,MIL,PIT202404220,2024-04-22,0,1,18,7,24,2,4,1
jonej008,PIT,SFN,SFN202404280,2024-04-28,0,0,15,3,20,1,6,3
jonej008,PIT,COL,PIT202405040,2024-05-04,0,1,21,10,22,0,1,0
jonej008,PIT,CHN,PIT202405100,2024-05-10,0,1,18,4,27,2,7,2
jonej008,PIT,CHN,CHN202405160,2024-05-16,0,0,18,7,25,0,7,3
jonej008,PIT,SFN,PIT202405220,2024-05-22,0,1,18,5,25,3,6,3
jonej008,PIT,DET,DET202405291,2024-05-29,1,0,13,2,21,2,5,5
jonej008,PIT,LAN,PIT202406040,2024-06-04,0,1,18,6,24,3,3,0
jonej008,PIT,MIN,PIT202406090,2024-06-09,0,1,15,3,24,3,6,2
jonej008,PIT,COL,COL202406150,2024-06-15,0,0,14,6,23,4,6,6
jonej008,PIT,TBA,PIT202406220,2024-06-22,0,1,21,8,28,3,3,2
jonej008,PIT,SLN,PIT202407030,2024-07-03,0,1,15,5,20,2,4,1
jonej008,PIT,CHN,PIT202408270,2024-08-27,0,1,12,4,19,3,5,5
jonej008,PIT,CHN,CHN202409020,2024-09-02,0,0,19,4,25,1,6,3
jonej008,PIT,WAS,PIT202409080,2024-09-08,0,1,21,9,25,0,4,2
jonej008,PIT,KCA,PIT202409150,2024-09-15,0,1,12,5,20,3,6,2
jonej008,PIT,CIN,CIN202409210,2024-09-21,0,0,15,5,24,3,6,6
jonej008,PIT,NYA,NYA202409270,2024-09-27,0,0,13,7,20,2,5,2
joycb001,ANA,SFN,SFN202406160,2024-06-16,0,0,6,3,9,1,1,0
junij001,MIL,MIN,MIL202404020,2024-04-02,0,1,12,4,16,1,3,1
junij001,CIN,OAK,CIN202408270,2024-08-27,0,1,12,3,12,0,0,0
junij001,CIN,NYN,NYN202409070,2024-09-07,0,0,15,5,17,1,1,0
junij001,CIN,SLN,SLN202409120,2024-09-12,0,0,15,3,18,0,3,1
junij001,CIN,ATL,CIN202409180,2024-09-18,0,1,18,6,20,0,2,1
junij001,CIN,CLE,CLE202409250,2024-09-25,0,0,15,3,18,1,4,2
junkj001,MIA,ATL,MIA202506200,2025-06-20,0,1,15,5,20,0,5,1
junkj001,MIA,SFN,SFN202506260,2025-06-26,0,0,11,1,19,0,8,5
junkj001,MIA,MIN,MIA202507020,2025-07-02,0,1,18,7,23,0,6,2
junkj001,MIA,CIN,CIN202507070,2025-07-07,0,0,18,3,20,2,1,0
junkj001,MIA,BAL,BAL202507120,2025-07-12,0,0,21,2,26,0,5,0
junkj001,MIA,KCA,MIA202507200,2025-07-20,0,1,15,1,23,1,6,4
junkj001,MIA,MIL,MIL202507260,2025-07-26,0,0,15,5,21,0,8,3
junkj001,MIA,NYA,MIA202508010,2025-08-01,0,1,15,4,22,1,6,6
junkj001,MIA,HOU,MIA202508060,2025-08-06,0,1,15,2,20,2,5,3
junkj001,MIA,CLE,CLE202508120,2025-08-12,0,0,15,2,21,0,6,3
junkj001,MIA,BOS,BOS202508170,2025-08-17,0,0,21,6,28,1,6,3
junkj001,MIA,TOR,MIA202508230,2025-08-23,0,1,17,3,23,1,6,3
junkj001,MIA,WAS,MIA202509080,2025-09-08,0,1,13,3,23,2,8,6
junkj001,MIA,DET,MIA202509130,2025-09-13,0,1,18,4,26,1,7,3
junkj001,MIA,TEX,TEX202509190,2025-09-19,0,0,21,5,24,0,3,1
junkj001,MIA,PHI,PHI202509250,2025-09-25,0,0,14,4,19,0,5,1
kellb003,CHA,SLN,SLN202405030,2024-05-03,0,0,14,5,22,2,5,3
kellb003,CHA,NYA,NYA202405180,2024-05-18,0,0,12,4,21,1,7,5
kellb003,CHN,NYN,NYN202505100,2025-05-10,0,0,3,2,3,0,0,0
kellm002,ARI,COL,ARI202403290,2024-03-29,0,1,20,8,22,0,3,1
kellm002,ARI,NYA,ARI202404030,2024-04-03,0,1,21,4,26,1,5,2
kellm002,ARI,COL,COL202404090,2024-04-09,0,0,18,4,24,3,6,2
kellm002,ARI,CHN,ARI202404150,2024-04-15,0,1,15,5,20,2,3,1
kellm002,ARI,PHI,ARI202408110,2024-08-11,0,1,15,2,20,2,3,2
kellm002,ARI,TBA,TBA202408180,2024-08-18,0,0,15,4,26,2,8,6
kellm002,ARI,BOS,BOS202408250,2024-08-25,0,0,18,5,25,3,7,4
kellm002,ARI,LAN,ARI202408310,2024-08-31,0,1,16,1,27,1,10,4
kellm002,ARI,SFN,SFN202409050,2024-09-05,0,0,21,8,27,0,6,2
kellm002,ARI,TEX,ARI202409110,2024-09-11,0,1,12,3,18,2,4,3
kellm002,ARI,COL,COL202409160,2024-09-16,0,0,18,5,22,2,2,1
kellm002,ARI,MIL,MIL202409210,2024-09-21,0,0,15,6,16,0,2,0
kellm002,ARI,SDN,ARI202409270,2024-09-27,0,1,17,8,27,1,8,5
kellm002,ARI,CHN,ARI202503280,2025-03-28,0,1,16,1,23,4,3,1
kellm002,ARI,NYA,NYA202504030,2025-04-03,0,0,11,2,23,3,9,9
kellm002,ARI,BAL,ARI202504080,2025-04-08,0,1,18,4,24,2,3,2
kellm002,ARI,MIA,MIA202504150,2025-04-15,0,0,18,9,22,1,3,1
kellm002,ARI,CHN,CHN202504200,2025-04-20,0,0,17,5,20,1,2,1
kellm002,ARI,ATL,ARI202504260,2025-04-26,0,1,18,4,23,1,4,2
kellm002,ARI,PHI,PHI202505020,2025-05-02,0,0,15,2,18,0,4,1
kellm002,ARI,NYN,ARI202505070,2025-05-07,0,1,19,6,26,0,6,3
kellm002,ARI,SFN,SFN202505120,2025-05-12,0,0,21,8,27,0,8,1
kellm002,ARI,COL,ARI202505180,2025-05-18,0,1,21,11,24,3,1,0
kellm002,ARI,SLN,SLN202505240,2025-05-24,0,0,18,6,25,1,6,4
kellm002,ARI,WAS,ARI202505300,2025-05-30,0,1,15,6,24,2,6,4
kellm002,ARI,ATL,ATL202506040,2025-06-04,0,0,21,8,23,1,1,0
kellm002,ARI,SEA,ARI202506090,2025-06-09,0,1,18,7,22,2,4,0
kellm002,ARI,SDN,ARI202506150,2025-06-15,0,1,15,7,23,1,7,4
kellm002,ARI,COL,COL202506210,2025-06-21,0,0,18,7,25,3,6,2
kellm002,ARI,MIA,ARI202506270,2025-06-27,0,1,15,7,23,1,6,3
kellm002,ARI,SFN,ARI202507020,2025-07-02,0,1,18,3,26,3,5,3
kellm002,ARI,SDN,SDN202507080,2025-07-08,0,0,21,4,23,0,4,1
kellm002,ARI,ANA,ANA202507130,2025-07-13,0,0,15,6,19,4,1,1
kellm002,ARI,SLN,ARI202507200,2025-07-20,0,1,18,5,24,4,3,2
kellm002,ARI,PIT,PIT202507260,2025-07-26,0,0,20,3,27,1,6,1
kellm002,TEX,SEA,SEA202508020,2025-08-02,0,0,17,6,22,0,4,2
kellm002,TEX,PHI,TEX202508080,2025-08-08,0,1,13,4,23,5,5,4
kellm002,TEX,ARI,TEX202508130,2025-08-13,0,1,18,5,25,1,7,2
kellm002,TEX,KCA,KCA202508190,2025-08-19,0,0,18,3,20,0,2,2
kellm002,TEX,CLE,TEX202508240,2025-08-24,0,1,21,8,26,2,4,0
kellm002,TEX,ATH,ATH202508300,2025-08-30,0,0,19,2,25,0,6,3
kellm002,TEX,HOU,TEX202509050,2025-09-05,0,1,21,7,27,1,5,1
kellm002,TEX,MIL,TEX202509100,2025-09-10,0,1,17,6,27,0,10,3
kellm002,TEX,HOU,HOU202509160,2025-09-16,0,0,9,1,19,1,9,6
kellm002,TEX,MIA,TEX202509210,2025-09-21,0,1,13,4,20,0,7,3
kellm003,PIT,MIA,MIA202403280,2024-03-28,0,0,17,3,27,2,7,4
kellm003,PIT,WAS,WAS202404030,2024-04-03,0,0,16,5,27,2,8,4
kellm003,PIT,DET,PIT202404080,2024-04-08,0,1,18,9,25,3,5,2
kellm003,PIT,PHI,PHI202404140,2024-04-14,0,0,21,4,27,0,8,2
kellm003,PIT,BOS,PIT202404200,2024-04-20,0,1,18,4,26,4,5,4
kellm003,PIT,MIL,PIT202404250,2024-04-25,0,1,15,7,24,2,6,4
kellm003,PIT,OAK,OAK202404300,2024-04-30,0,0,15,7,23,2,5,3
kellm003,PIT,ANA,PIT202405060,2024-05-06,0,1,27,5,31,1,5,1
kellm003,PIT,MIL,MIL202405130,2024-05-13,0,0,18,7,26,0,8,0
kellm003,PIT,CHN,CHN202405190,2024-05-19,0,0,18,3,24,3,2,2
kellm003,PIT,ATL,PIT202405250,2024-05-25,0,1,20,4,27,0,6,1
kellm003,PIT,TOR,TOR202406010,2024-06-01,0,0,18,8,24,1,5,1
kellm003,PIT,MIN,PIT202406070,2024-06-07,0,1,18,8,26,2,7,0
kellm003,PIT,SLN,SLN202406130,2024-06-13,0,0,18,4,28,0,8,4
kellm003,PIT,CIN,PIT202406190,2024-06-19,0,1,21,7,25,2,2,0
kellm003,PIT,CIN,CIN202406250,2024-06-25,0,0,17,6,29,3,6,3
kellm003,PIT,SLN,PIT202407020,2024-07-02,0,1,15,5,25,0,9,5
kellm003,PIT,NYN,PIT202407080,2024-07-08,0,1,24,6,31,0,7,2
kellm003,PIT,CHA,CHA202407140,2024-07-14,0,0,9,3,16,3,4,2
kellm003,PIT,SLN,PIT202407220,2024-07-22,0,1,21,3,28,2,6,1
kellm003,PIT,ARI,ARI202407280,2024-07-28,0,0,21,6,25,2,2,2
kellm003,PIT,ARI,PIT202408030,2024-08-03,0,1,12,4,15,2,1,0
kellm003,PIT,LAN,LAN202408090,2024-08-09,0,0,12,5,21,2,7,7
kellm003,PIT,SDN,SDN202408140,2024-08-14,0,0,15,2,25,2,8,8
kellm003,PIT,TEX,TEX202408200,2024-08-20,0,0,21,9,24,0,3,0
kellm003,PIT,CHN,PIT202408260,2024-08-26,0,1,12,4,21,2,7,3
kellm003,PIT,CLE,CLE202409010,2024-09-01,0,0,16,7,27,0,11,3
kellm003,PIT,WAS,PIT202409072,2024-09-07,2,1,18,8,26,0,7,2
kellm003,PIT,KCA,PIT202409140,2024-09-14,0,1,18,6,26,1,4,3
kellm003,PIT,CIN,CIN202409200,2024-09-20,0,0,10,1,22,5,7,8
kellm003,PIT,MIL,PIT202409260,2024-09-26,0,1,15,6,22,2,6,3
kellm003,PIT,MIA,MIA202503280,2025-03-28,0,0,18,4,23,1,5,1
kellm003,PIT,NYA,PIT202504040,2025-04-04,0,1,11,4,25,4,8,7
kellm003,PIT,SLN,PIT202504090,2025-04-09,0,1,22,6,27,1,4,0
kellm003,PIT,WAS,PIT202504150,2025-04-15,0,1,18,3,27,2,6,3
kellm003,PIT,CLE,PIT202504200,2025-04-20,0,1,15,3,22,2,5,2
kellm003,PIT,LAN,LAN202504260,2025-04-26,0,0,18,6,25,1,5,2
kellm003,PIT,SDN,PIT202505020,2025-05-02,0,1,15,3,24,1,8,4
kellm003,PIT,SLN,SLN202505070,2025-05-07,0,0,18,6,26,3,7,3
kellm003,PIT,NYN,NYN202505130,2025-05-13,0,0,21,8,27,1,5,2
kellm003,PIT,CIN,PIT202505190,2025-05-19,0,1,18,5,24,1,6,1
kellm003,PIT,MIL,PIT202505240,2025-05-24,0,1,18,7,23,0,7,1
kellm003,PIT,SDN,SDN202505300,2025-05-30,0,0,18,1,23,2,3,3
kellm003,PIT,HOU,PIT202506050,2025-06-05,0,1,19,5,28,1,8,6
kellm003,PIT,MIA,PIT202506100,2025-06-10,0,1,18,4,26,0,8,3
kellm003,PIT,CHN,CHN202506150,2025-06-15,0,0,18,3,23,2,3,2
kellm003,PIT,TEX,PIT202506210,2025-06-21,0,1,17,5,22,2,3,2
kellm003,PIT,NYN,PIT202506270,2025-06-27,0,1,16,4,22,1,5,1
kellm003,PIT,SLN,PIT202507020,2025-07-02,0,1,21,7,28,1,5,0
kellm003,PIT,KCA,KCA202507080,2025-07-08,0,0,20,5,26,1,4,2
kellm003,PIT,MIN,MIN202507130,2025-07-13,0,0,18,3,22,0,4,1
kellm003,PIT,DET,PIT202507220,2025-07-22,0,1,18,5,26,3,6,3
kellm003,PIT,SFN,SFN202507280,2025-07-28,0,0,6,3,14,3,5,3
kellm003,PIT,COL,COL202508030,2025-08-03,0,0,15,4,22,1,7,5
kellm003,PIT,CIN,PIT202508080,2025-08-08,0,1,17,3,24,3,6,2
kellm003,PIT,MIL,MIL202508130,2025-08-13,0,0,12,5,22,2,8,6
kellm003,PIT,TOR,PIT202508190,2025-08-19,0,1,10,4,20,3,7,5
kellm003,PIT,SLN,SLN202508260,2025-08-26,0,0,18,9,23,1,3,3
kellm003,PIT,BOS,BOS202508310,2025-08-31,0,0,15,7,22,1,4,0
kellm003,PIT,MIL,PIT202509060,2025-09-06,0,1,19,4,24,0,5,2
kellm003,PIT,WAS,WAS202509120,2025-09-12,0,0,16,4,20,1,4,2
kellm003,PIT,ATH,PIT202509190,2025-09-19,0,1,15,4,20,1,4,4
kellm003,PIT,ATL,ATL202509260,2025-09-26,0,0,11,6,19,5,3,1
kellz001,BOS,CHA,CHA202406090,2024-06-09,0,0,6,3,8,2,0,0
kellz001,BOS,CIN,CIN202406230,2024-06-23,0,0,8,3,9,0,1,0
kellz001,BOS,TOR,BOS202408260,2024-08-26,0,1,9,4,11,2,0,0
kerko001,PHI,OAK,PHI202407140,2024-07-14,0,1,3,0,3,0,0,0
kerko001,PHI,SEA,SEA202408030,2024-08-03,0,0,3,0,4,1,1,0
kerrr001,ATL,PIT,PIT202405240,2024-05-24,0,0,12,6,21,1,7,5
kerrr001,ATL,WAS,ATL202405300,2024-05-30,0,1,11,7,19,2,5,3
kersc001,LAN,SFN,LAN202407250,2024-07-25,0,1,12,6,20,2,6,2
kersc001,LAN,SDN,SDN202407310,2024-07-31,0,0,11,0,21,1,6,3
kersc001,LAN,PHI,LAN202408060,2024-08-06,0,1,14,5,19,0,5,1
kersc001,LAN,MIL,MIL202408120,2024-08-12,0,0,17,6,21,2,3,1
kersc001,LAN,SLN,SLN202408180,2024-08-18,0,0,18,2,20,1,4,0
kersc001,LAN,TBA,LAN202408240,2024-08-24,0,1,15,5,25,2,9,5
kersc001,LAN,ARI,ARI202408300,2024-08-30,0,0,3,0,7,1,3,3
kersc001,LAN,ANA,LAN202505170,2025-05-17,0,1,12,2,20,3,5,5
kersc001,LAN,NYN,NYN202505230,2025-05-23,0,0,6,1,6,1,0,0
kersc001,LAN,CLE,CLE202505280,2025-05-28,0,0,15,3,21,2,6,1
kersc001,LAN,NYN,LAN202506030,2025-06-03,0,1,14,2,23,3,6,3
kersc001,LAN,SLN,SLN202506080,2025-06-08,0,0,15,7,21,0,6,1
kersc001,LAN,SFN,LAN202506140,2025-06-14,0,1,21,5,24,1,3,0
kersc001,LAN,WAS,LAN202506200,2025-06-20,0,1,15,4,21,2,5,2
kersc001,LAN,COL,COL202506260,2025-06-26,0,0,18,5,20,1,2,1
kersc001,LAN,CHA,LAN202507020,2025-07-02,0,1,18,3,27,1,9,4
kersc001,LAN,MIL,MIL202507080,2025-07-08,0,0,18,3,24,1,6,2
kersc001,LAN,MIL,LAN202507200,2025-07-20,0,1,13,2,21,1,5,1
kersc001,LAN,BOS,BOS202507260,2025-07-26,0,0,14,2,21,2,6,4
kersc001,LAN,TBA,TBA202508010,2025-08-01,0,0,18,3,24,0,5,0
kersc001,LAN,TOR,LAN202508080,2025-08-08,0,1,18,4,23,1,7,1
kersc001,LAN,SDN,LAN202508150,2025-08-15,0,1,18,3,20,1,2,1
kersc001,LAN,COL,COL202508210,2025-08-21,0,0,17,3,23,1,6,3
kersc001,LAN,CIN,LAN202508260,2025-08-26,0,1,15,6,17,0,2,1
kersc001,LAN,PIT,PIT202509020,2025-09-02,0,0,15,3,22,4,4,4
kersc001,LAN,BAL,BAL202509070,2025-09-07,0,0,17,8,22,1,4,2
kersc001,LAN,SFN,SFN202509130,2025-09-13,0,0,9,2,18,4,5,4
kersc001,LAN,SFN,LAN202509190,2025-09-19,0,1,13,6,21,4,4,2
kersc001,LAN,SEA,SEA202509280,2025-09-28,0,0,16,7,21,1,4,0
keucd001,MIL,TEX,MIL202406260,2024-06-26,0,1,12,4,21,1,8,5
keucd001,MIL,COL,COL202407020,2024-07-02,0,0,16,5,21,2,4,2
keucd001,MIL,LAN,LAN202407070,2024-07-07,0,0,13,0,21,5,3,0
keucd001,MIL,WAS,MIL202407130,2024-07-13,0,1,9,2,16,0,8,3
kikuy001,TOR,TBA,TBA202403300,2024-03-30,0,0,13,4,22,3,6,3
kikuy001,TOR,NYA,NYA202404050,2024-04-05,0,0,16,7,20,2,4,0
kikuy001,TOR,SEA,TOR202404100,2024-04-10,0,1,18,9,23,2,3,1
kikuy001,TOR,NYA,TOR202404160,2024-04-16,0,1,18,9,23,1,4,1
kikuy001,TOR,KCA,KCA202404220,2024-04-22,0,0,18,4,23,0,5,2
kikuy001,TOR,LAN,TOR202404270,2024-04-27,0,1,18,3,27,0,9,4
kikuy001,TOR,WAS,WAS202405030,2024-05-03,0,0,18,7,24,1,6,1
kikuy001,TOR,MIN,TOR202405100,2024-05-10,0,1,24,3,27,0,4,2
kikuy001,TOR,BAL,BAL202405150,2024-05-15,0,0,13,9,20,1,6,1
kikuy001,TOR,CHA,TOR202405210,2024-05-21,0,1,18,6,27,3,5,2
kikuy001,TOR,DET,DET202405260,2024-05-26,0,0,9,0,17,0,8,5
kikuy001,TOR,PIT,TOR202406010,2024-06-01,0,1,16,4,25,1,9,5
kikuy001,TOR,BAL,TOR202406060,2024-06-06,0,1,18,6,22,1,4,1
kikuy001,TOR,MIL,MIL202406110,2024-06-11,0,0,15,5,22,4,3,0
kikuy001,TOR,BOS,TOR202406170,2024-06-17,0,1,12,7,18,0,7,5
kikuy001,TOR,CLE,CLE202406230,2024-06-23,0,0,6,3,15,1,8,4
kikuy001,TOR,NYA,TOR202406280,2024-06-28,0,1,15,7,20,1,4,4
kikuy001,TOR,HOU,TOR202407030,2024-07-03,0,1,17,5,24,2,5,2
kikuy001,TOR,SFN,SFN202407090,2024-07-09,0,0,22,13,27,0,6,2
kikuy001,TOR,ARI,ARI202407140,2024-07-14,0,0,14,6,24,3,6,7
kikuy001,TOR,DET,TOR202407200,2024-07-20,0,1,15,8,23,2,5,4
kikuy001,TOR,TEX,TOR202407260,2024-07-26,0,1,14,5,24,2,8,5
kikuy001,HOU,TBA,HOU202408020,2024-08-02,0,1,17,11,22,3,3,2
kikuy001,HOU,TEX,TEX202408070,2024-08-07,0,0,16,8,23,3,4,2
kikuy001,HOU,TBA,TBA202408130,2024-08-13,0,0,17,5,21,0,3,1
kikuy001,HOU,BOS,HOU202408190,2024-08-19,0,1,17,7,25,1,6,1
kikuy001,HOU,BAL,BAL202408250,2024-08-25,0,0,17,4,22,3,2,3
kikuy001,HOU,KCA,HOU202408310,2024-08-31,0,1,21,12,26,0,5,1
kikuy001,HOU,ARI,HOU202409070,2024-09-07,0,1,18,6,26,0,7,4
kikuy001,HOU,ANA,ANA202409130,2024-09-13,0,0,21,6,26,2,3,3
kikuy001,HOU,ANA,HOU202409190,2024-09-19,0,1,18,9,24,1,5,1
kikuy001,HOU,SEA,HOU202409250,2024-09-25,0,1,18,8,24,1,4,0
kikuy001,ANA,CHA,CHA202503270,2025-03-27,0,0,18,5,23,0,5,3
kikuy001,ANA,SLN,SLN202504020,2025-04-02,0,0,18,6,26,5,4,3
kikuy001,ANA,TBA,TBA202504090,2025-04-09,0,0,18,5,25,3,6,4
kikuy001,ANA,TEX,TEX202504150,2025-04-15,0,0,18,6,22,2,3,1
kikuy001,ANA,SFN,ANA202504200,2025-04-20,0,1,16,6,25,4,5,0
kikuy001,ANA,MIN,MIN202504260,2025-04-26,0,0,6,0,19,4,9,4
kikuy001,ANA,DET,ANA202505010,2025-05-01,0,1,15,5,22,1,5,2
kikuy001,ANA,TOR,ANA202505070,2025-05-07,0,1,18,6,23,1,5,1
kikuy001,ANA,SDN,SDN202505120,2025-05-12,0,0,18,4,26,2,7,2
kikuy001,ANA,LAN,LAN202505180,2025-05-18,0,0,17,7,24,4,3,1
kikuy001,ANA,MIA,ANA202505230,2025-05-23,0,1,17,4,26,4,7,0
kikuy001,ANA,NYA,ANA202505280,2025-05-28,0,1,15,4,23,5,4,1
kikuy001,ANA,BOS,BOS202506030,2025-06-03,0,0,15,5,26,5,8,3
kikuy001,ANA,ATH,ANA202506090,2025-06-09,0,1,22,5,24,1,1,0
kikuy001,ANA,BAL,BAL202506150,2025-06-15,0,0,17,10,25,2,7,3
kikuy001,ANA,HOU,ANA202506200,2025-06-20,0,1,21,9,26,0,6,2
kikuy001,ANA,BOS,ANA202506250,2025-06-25,0,1,21,12,26,1,3,0
kikuy001,ANA,ATL,ATL202507020,2025-07-02,0,0,17,7,24,2,6,2
kikuy001,ANA,TEX,ANA202507070,2025-07-07,0,1,15,4,23,2,6,4
kikuy001,ANA,ARI,ANA202507120,2025-07-12,0,1,17,5,24,1,6,3
kikuy001,ANA,PHI,PHI202507190,2025-07-19,0,0,15,8,22,3,5,2
kikuy001,ANA,SEA,ANA202507240,2025-07-24,0,1,14,4,23,2,7,3
kikuy001,ANA,TEX,ANA202507290,2025-07-29,0,1,16,5,26,0,10,3
kikuy001,ANA,TBA,ANA202508040,2025-08-04,0,1,18,7,24,2,4,1
kikuy001,ANA,DET,DET202508090,2025-08-09,0,0,15,7,24,2,8,4
kikuy001,ANA,ATH,ATH202508150,2025-08-15,0,0,12,3,20,3,5,4
kikuy001,ANA,CIN,ANA202508200,2025-08-20,0,1,21,4,26,0,7,1
kikuy001,ANA,TEX,TEX202508260,2025-08-26,0,0,12,3,19,3,4,6
kikuy001,ANA,HOU,HOU202509010,2025-09-01,0,0,17,6,26,2,8,5
kikuy001,ANA,ATH,ANA202509060,2025-09-06,0,1,6,1,16,3,6,7
kikuy001,ANA,SEA,SEA202509120,2025-09-12,0,0,18,3,22,1,4,1
kikuy001,ANA,MIL,MIL202509180,2025-09-18,0,0,17,2,24,3,5,2
kikuy001,ANA,KCA,ANA202509240,2025-09-24,0,1,15,6,18,1,1,1
kilic001,CHN,CIN,CHN202409290,2024-09-29,0,1,15,4,20,2,3,0
kingm002,SDN,SFN,SDN202403310,2024-03-31,0,1,12,6,21,7,2,2
kingm002,SDN,SFN,SFN202404060,2024-04-06,0,0,21,4,26,1,4,0
kingm002,SDN,LAN,LAN202404120,2024-04-12,0,0,15,4,24,2,6,4
kingm002,SDN,MIL,MIL202404170,2024-04-17,0,0,23,10,26,2,2,1
kingm002,SDN,COL,COL202404230,2024-04-23,0,0,11,5,23,3,8,4
kingm002,SDN,PHI,SDN202404280,2024-04-28,0,1,16,6,25,3,6,6
kingm002,SDN,ARI,ARI202405040,2024-05-04,0,0,18,3,22,0,6,0
kingm002,SDN,LAN,SDN202405100,2024-05-10,0,1,21,11,27,3,2,0
kingm002,SDN,COL,SDN202405150,2024-05-15,0,1,16,7,26,2,8,6
kingm002,SDN,CIN,CIN202405220,2024-05-22,0,0,20,6,26,2,4,3
kingm002,SDN,MIA,SDN202405270,2024-05-27,0,1,15,7,19,1,3,1
kingm002,SDN,KCA,KCA202406020,2024-06-02,0,0,21,4,25,2,4,1
kingm002,SDN,ARI,SDN202406070,2024-06-07,0,1,15,5,22,1,5,0
kingm002,SDN,OAK,SDN202406120,2024-06-12,0,1,15,12,21,2,4,2
kingm002,SDN,PHI,PHI202406180,2024-06-18,0,0,14,6,24,3,6,1
kingm002,SDN,MIL,SDN202406230,2024-06-23,0,1,18,8,27,1,9,5
kingm002,SDN,BOS,BOS202406290,2024-06-29,0,0,18,6,22,1,5,1
kingm002,SDN,TEX,TEX202407040,2024-07-04,0,0,16,5,21,2,4,1
kingm002,SDN,SEA,SDN202407100,2024-07-10,0,1,18,9,24,1,3,1
kingm002,SDN,CLE,CLE202407210,2024-07-21,0,0,21,6,23,1,2,1
kingm002,SDN,BAL,BAL202407270,2024-07-27,0,0,19,9,23,2,2,2
kingm002,SDN,PIT,PIT202408070,2024-08-07,0,0,15,7,23,2,6,3
kingm002,SDN,PIT,SDN202408130,2024-08-13,0,1,18,10,23,0,7,0
kingm002,SDN,MIN,SDN202408190,2024-08-19,0,1,18,6,25,3,4,2
kingm002,SDN,NYN,SDN202408240,2024-08-24,0,1,15,7,23,3,3,1
kingm002,SDN,SLN,SLN202408290,2024-08-29,0,0,13,3,24,4,7,2
kingm002,SDN,SFN,SDN202409060,2024-09-06,0,1,18,8,25,1,6,1
kingm002,SDN,SEA,SEA202409110,2024-09-11,0,0,15,6,22,2,4,1
kingm002,SDN,HOU,SDN202409170,2024-09-17,0,1,21,7,27,1,5,2
kingm002,SDN,LAN,LAN202409240,2024-09-24,0,0,15,3,20,2,3,0
kingm002,SDN,ATL,SDN202503270,2025-03-27,0,1,8,3,16,4,4,3
kingm002,SDN,CLE,SDN202504010,2025-04-01,0,1,15,11,19,1,2,0
kingm002,SDN,ATH,ATH202504070,2025-04-07,0,0,17,2,27,2,8,3
kingm002,SDN,COL,SDN202504130,2025-04-13,0,1,27,8,29,1,2,0
kingm002,SDN,HOU,HOU202504190,2025-04-19,0,0,17,7,23,2,4,2
kingm002,SDN,TBA,SDN202504250,2025-04-25,0,1,15,9,21,1,4,0
kingm002,SDN,SFN,SDN202504300,2025-04-30,0,1,17,6,21,1,3,1
kingm002,SDN,NYA,NYA202505060,2025-05-06,0,0,18,2,22,2,3,2
kingm002,SDN,ANA,SDN202505120,2025-05-12,0,1,17,8,23,2,4,2
kingm002,SDN,SEA,SDN202505180,2025-05-18,0,1,16,8,24,1,6,3
kingm002,SDN,BOS,SDN202508090,2025-08-09,0,1,6,1,11,2,4,2
kingm002,SDN,CIN,SDN202509090,2025-09-09,0,1,15,2,19,1,3,2
kingm002,SDN,NYN,NYN202509160,2025-09-16,0,0,9,2,18,0,10,8
kingm002,SDN,CHA,CHA202509210,2025-09-21,0,0,15,4,23,4,4,0
kingm002,SDN,ARI,SDN202509270,2025-09-27,0,1,8,3,12,2,1,0
kirbg001,SEA,BOS,SEA202403290,2024-03-29,0,1,20,8,24,2,2,0
kirbg001,SEA,CLE,SEA202404030,2024-04-03,0,1,11,2,23,0,10,8
kirbg001,SEA,TOR,TOR202404090,2024-04-09,0,0,12,3,20,0,8,5
kirbg001,SEA,CIN,SEA202404150,2024-04-15,0,1,18,6,22,0,5,2
kirbg001,SEA,COL,COL202404211,2024-04-21,1,0,15,7,21,1,5,0
kirbg001,SEA,ARI,SEA202404270,2024-04-27,0,1,21,12,24,1,2,0
kirbg001,SEA,HOU,HOU202405030,2024-05-03,0,0,18,3,22,0,4,1
kirbg001,SEA,MIN,MIN202405080,2024-05-08,0,0,15,4,20,1,4,4
kirbg001,SEA,KCA,SEA202405130,2024-05-13,0,1,21,6,27,0,3,0
kirbg001,SEA,BAL,BAL202405190,2024-05-19,0,0,18,3,27,0,9,5
kirbg001,SEA,WAS,WAS202405240,2024-05-24,0,0,18,3,25,1,6,5
kirbg001,SEA,HOU,SEA202405290,2024-05-29,0,1,18,8,24,0,6,1
kirbg001,SEA,OAK,OAK202406040,2024-06-04,0,0,15,9,22,1,6,2
kirbg001,SEA,KCA,KCA202406090,2024-06-09,0,0,21,4,26,0,5,1
kirbg001,SEA,TEX,SEA202406150,2024-06-15,0,1,18,6,23,2,3,0
kirbg001,SEA,MIA,MIA202406210,2024-06-21,0,0,21,5,25,0,5,2
kirbg001,SEA,TBA,TBA202406260,2024-06-26,0,0,18,7,21,0,4,1
kirbg001,SEA,BAL,SEA202407020,2024-07-02,0,1,19,5,26,1,7,2
kirbg001,SEA,TOR,SEA202407070,2024-07-07,0,1,18,8,26,1,7,3
kirbg001,SEA,ANA,ANA202407130,2024-07-13,0,0,18,7,22,2,3,1
kirbg001,SEA,HOU,SEA202407200,2024-07-20,0,1,18,6,23,0,4,1
kirbg001,SEA,CHA,CHA202407260,2024-07-26,0,0,21,7,27,1,6,0
kirbg001,SEA,BOS,BOS202407310,2024-07-31,0,0,16,2,25,1,7,2
kirbg001,SEA,DET,SEA202408070,2024-08-07,0,1,15,7,23,1,7,3
kirbg001,SEA,DET,DET202408130,2024-08-13,0,0,11,5,25,1,12,6
kirbg001,SEA,PIT,PIT202408180,2024-08-18,0,0,18,5,24,2,4,2
kirbg001,SEA,SFN,SEA202408240,2024-08-24,0,1,14,3,25,1,9,3
kirbg001,SEA,ANA,ANA202408300,2024-08-30,0,0,17,2,24,1,5,5
kirbg001,SEA,OAK,OAK202409040,2024-09-04,0,0,18,9,23,0,6,2
kirbg001,SEA,SDN,SEA202409100,2024-09-10,0,1,15,4,22,1,7,5
kirbg001,SEA,TEX,SEA202409150,2024-09-15,0,1,21,3,21,0,1,0
kirbg001,SEA,TEX,TEX202409200,2024-09-20,0,0,18,4,22,0,5,2
kirbg001,SEA,HOU,HOU202409250,2024-09-25,0,0,18,6,24,1,4,1
kirbg001,SEA,HOU,HOU202505220,2025-05-22,0,0,11,4,19,1,6,5
kirbg001,SEA,WAS,SEA202505280,2025-05-28,0,1,15,4,23,2,7,6
kirbg001,SEA,BAL,SEA202506030,2025-06-03,0,1,15,3,23,1,8,2
kirbg001,SEA,ANA,ANA202506080,2025-06-08,0,0,21,14,23,0,2,2
kirbg001,SEA,CLE,SEA202506140,2025-06-14,0,1,15,5,22,3,5,2
kirbg001,SEA,CHN,CHN202506200,2025-06-20,0,0,15,3,22,1,7,4
kirbg001,SEA,MIN,MIN202506250,2025-06-25,0,0,18,3,22,1,3,1
kirbg001,SEA,KCA,SEA202506300,2025-06-30,0,1,18,5,21,0,3,1
kirbg001,SEA,PIT,SEA202507060,2025-07-06,0,1,19,9,24,0,4,0
kirbg001,SEA,DET,DET202507120,2025-07-12,0,0,15,6,23,3,5,4
kirbg001,SEA,MIL,SEA202507210,2025-07-21,0,1,18,3,24,1,5,4
kirbg001,SEA,ANA,ANA202507260,2025-07-26,0,0,18,9,26,3,5,2
kirbg001,SEA,TEX,SEA202507310,2025-07-31,0,1,18,6,22,2,3,0
kirbg001,SEA,CHA,SEA202508060,2025-08-06,0,1,18,9,25,2,5,2
kirbg001,SEA,BAL,BAL202508120,2025-08-12,0,0,21,7,23,0,3,0
kirbg001,SEA,NYN,NYN202508170,2025-08-17,0,0,14,4,28,3,12,7
kirbg001,SEA,ATH,SEA202508230,2025-08-23,0,1,18,3,25,3,4,1
kirbg001,SEA,CLE,CLE202508290,2025-08-29,0,0,21,6,28,0,6,2
kirbg001,SEA,TBA,TBA202509030,2025-09-03,0,0,6,1,17,0,10,7
kirbg001,SEA,SLN,SEA202509090,2025-09-09,0,1,12,2,20,2,7,3
kirbg001,SEA,ANA,SEA202509140,2025-09-14,0,1,19,14,22,0,3,2
kirbg001,SEA,HOU,HOU202509200,2025-09-20,0,0,18,7,22,0,5,0
kirbg001,SEA,LAN,SEA202509260,2025-09-26,0,1,15,10,20,1,3,2
kitca001,MIA,PHI,MIA202409060,2024-09-06,0,1,6,1,16,0,9,6
knacl001,LAN,WAS,LAN202404170,2024-04-17,0,1,15,4,19,1,4,2
knacl001,LAN,WAS,WAS202404240,2024-04-24,0,0,18,5,25,3,3,2
knacl001,LAN,ARI,ARI202404300,2024-04-30,0,0,15,2,21,1,4,1
knacl001,LAN,CIN,LAN202405190,2024-05-19,0,1,14,5,18,1,3,1
knacl001,LAN,ANA,LAN202406210,2024-06-21,0,1,15,2,19,2,2,0
knacl001,LAN,SFN,SFN202406280,2024-06-28,0,0,14,7,19,0,5,1
knacl001,LAN,ARI,LAN202407040,2024-07-04,0,1,13,6,18,1,4,4
knacl001,LAN,SFN,LAN202407230,2024-07-23,0,1,15,6,20,2,2,1
knacl001,LAN,CLE,LAN202409060,2024-09-06,0,1,18,8,22,1,3,2
knacl001,LAN,ATL,ATL202409130,2024-09-13,0,0,6,2,15,2,7,5
knacl001,LAN,MIA,MIA202409180,2024-09-18,0,0,15,7,19,2,2,0
knacl001,LAN,SDN,LAN202409240,2024-09-24,0,1,12,4,18,1,5,4
knacl001,LAN,WAS,WAS202504090,2025-04-09,0,0,7,2,15,4,4,5
knacl001,LAN,COL,LAN202504150,2025-04-15,0,1,13,2,19,2,4,2
knacl001,LAN,MIA,MIA202505070,2025-05-07,0,0,15,5,20,1,4,0
knacl001,LAN,ATH,LAN202505130,2025-05-13,0,1,14,8,21,1,7,5
knacl001,LAN,NYN,NYN202505250,2025-05-25,0,0,18,5,24,0,4,1
knacl001,LAN,NYA,LAN202505310,2025-05-31,0,1,18,6,23,3,5,1
knacl001,LAN,NYN,LAN202506050,2025-06-05,0,1,10,1,20,5,4,4
kochj001,ANA,SEA,ANA202407110,2024-07-11,0,1,9,1,16,0,7,4
kochj001,ANA,OAK,OAK202407200,2024-07-20,0,0,12,4,19,3,7,7
kochj001,ANA,WAS,WAS202408110,2024-08-11,0,0,23,2,29,1,6,2
kochj001,ANA,ATL,ANA202408180,2024-08-18,0,1,18,0,26,3,7,2
kochj001,ANA,TOR,TOR202408230,2024-08-23,0,0,18,1,25,0,7,3
kochj001,ANA,DET,DET202408290,2024-08-29,0,0,18,4,22,0,5,0
kochj001,ANA,TEX,TEX202409050,2024-09-05,0,0,18,0,26,1,8,3
kochj001,ANA,MIN,MIN202409110,2024-09-11,0,0,17,3,25,1,7,4
kochj001,ANA,CHA,ANA202409180,2024-09-18,0,1,21,5,26,0,5,1
kochj001,ANA,CHA,CHA202409240,2024-09-24,0,0,21,4,23,0,3,0
kochj001,ANA,TEX,ANA202409290,2024-09-29,0,1,21,1,29,1,6,3
kochj001,ANA,CHA,CHA202503300,2025-03-30,0,0,18,4,21,0,4,2
kochj001,ANA,CLE,ANA202504050,2025-04-05,0,1,15,4,22,3,4,2
kochj001,ANA,HOU,HOU202504110,2025-04-11,0,0,14,1,23,3,7,6
kochj001,ANA,TEX,TEX202504170,2025-04-17,0,0,14,1,23,1,8,4
kochj001,ANA,PIT,ANA202504230,2025-04-23,0,1,18,3,25,1,8,2
kochj001,ANA,SEA,SEA202504290,2025-04-29,0,0,18,6,26,4,4,3
kochj001,ANA,DET,ANA202505040,2025-05-04,0,1,15,1,23,2,7,5
kochj001,ANA,BAL,ANA202505100,2025-05-10,0,1,17,4,23,4,4,1
kochj001,ANA,LAN,LAN202505160,2025-05-16,0,0,20,5,25,4,5,1
kochj001,ANA,ATH,ATH202505210,2025-05-21,0,0,12,6,25,5,7,4
kochj001,ANA,NYA,ANA202505260,2025-05-26,0,1,20,5,28,2,5,4
kochj001,ANA,CLE,CLE202506010,2025-06-01,0,0,11,4,19,3,5,4
kochj001,ANA,SEA,ANA202506070,2025-06-07,0,1,10,4,18,1,9,4
kochj001,ANA,BAL,BAL202506130,2025-06-13,0,0,13,2,16,0,4,2
kochj001,ANA,NYA,NYA202506180,2025-06-18,0,0,16,8,20,3,2,2
kochj001,ANA,BOS,ANA202506230,2025-06-23,0,1,15,1,21,2,6,4
kochj001,ANA,WAS,ANA202506290,2025-06-29,0,1,12,2,18,2,5,2
kochj001,ANA,TOR,TOR202507050,2025-07-05,0,0,16,1,24,2,6,3
kochj001,ANA,TEX,ANA202507100,2025-07-10,0,1,8,3,18,3,8,8
kochj001,ANA,TEX,ANA202507280,2025-07-28,0,1,14,3,22,6,1,0
kochj001,ANA,CHA,ANA202508030,2025-08-03,0,1,18,2,27,2,9,5
kochj001,ANA,DET,DET202508100,2025-08-10,0,0,9,1,21,2,9,6
kochj001,ANA,TEX,TEX202508270,2025-08-27,0,0,10,1,24,3,9,10
koenj001,MIL,BOS,BOS202405240,2024-05-24,0,0,2,1,4,1,1,0
koenj001,MIL,BOS,BOS202405250,2024-05-25,0,0,4,3,4,0,0,0
koenj001,MIL,PHI,PHI202406030,2024-06-03,0,0,3,0,3,0,0,0
koenj001,MIL,PHI,PHI202406040,2024-06-04,0,0,4,2,5,0,1,0
koenj001,MIL,CIN,MIL202406150,2024-06-15,0,1,2,0,3,0,1,0
koenj001,MIL,NYN,MIL202409280,2024-09-28,0,1,3,2,4,0,1,0
koles001,SDN,PIT,PIT202505040,2025-05-04,0,0,16,4,20,2,4,0
koles001,SDN,COL,COL202505100,2025-05-10,0,0,27,7,32,2,5,0
koles001,SDN,SEA,SDN202505160,2025-05-16,0,1,15,4,23,1,8,5
koles001,SDN,TOR,TOR202505220,2025-05-22,0,0,18,6,29,3,7,3
koles001,SDN,MIA,SDN202505270,2025-05-27,0,1,16,3,25,2,6,6
koles001,SDN,SFN,SFN202506020,2025-06-02,0,0,17,3,22,2,3,0
koles001,SDN,MIL,MIL202506070,2025-06-07,0,0,17,2,22,4,3,0
koles001,SDN,ARI,ARI202506130,2025-06-13,0,0,13,5,24,2,7,4
koles001,SDN,LAN,LAN202506180,2025-06-18,0,0,19,3,25,1,6,3
koles001,SDN,WAS,SDN202506230,2025-06-23,0,1,13,5,19,1,5,4
koles001,SDN,CIN,CIN202506290,2025-06-29,0,0,17,5,20,1,3,1
koles001,SDN,TEX,SDN202507050,2025-07-05,0,1,16,2,26,1,9,6
koles001,SDN,MIA,MIA202507220,2025-07-22,0,0,17,5,25,1,8,3
koles001,SDN,SLN,SLN202507270,2025-07-27,0,0,18,2,24,3,4,2
koles001,KCA,DET,KCA202508300,2025-08-30,0,1,18,3,22,0,4,1
koles001,KCA,MIN,KCA202509060,2025-09-06,0,1,21,4,28,1,6,2
koles001,KCA,CLE,CLE202509110,2025-09-11,0,0,20,4,24,1,3,1
koles001,KCA,SEA,KCA202509180,2025-09-18,0,1,22,8,25,1,2,1
koles001,KCA,ANA,ANA202509240,2025-09-24,0,0,18,2,26,2,5,2
kremd001,BAL,KCA,BAL202404010,2024-04-01,0,1,16,5,22,1,3,3
kremd001,BAL,PIT,PIT202404070,2024-04-07,0,0,21,6,26,0,5,0
kremd001,BAL,MIL,BAL202404130,2024-04-13,0,1,12,3,24,1,10,6
kremd001,BAL,KCA,KCA202404190,2024-04-19,0,0,17,3,22,3,2,3
kremd001,BAL,ANA,ANA202404240,2024-04-24,0,0,16,10,20,1,3,2
kremd001,BAL,NYA,BAL202404300,2024-04-30,0,1,21,4,26,4,4,2
kremd001,BAL,CIN,CIN202405050,2024-05-05,0,0,18,6,20,1,1,0
kremd001,BAL,ARI,BAL202405120,2024-05-12,0,1,17,10,26,4,4,3
kremd001,BAL,SLN,SLN202405200,2024-05-20,0,0,12,2,21,3,6,5
kremd001,BAL,SEA,SEA202407030,2024-07-03,0,0,15,8,19,2,2,0
kremd001,BAL,CHN,BAL202407090,2024-07-09,0,1,12,3,24,3,7,5
kremd001,BAL,NYA,BAL202407140,2024-07-14,0,1,14,4,21,2,4,2
kremd001,BAL,TEX,TEX202407210,2024-07-21,0,0,16,2,24,3,5,3
kremd001,BAL,SDN,BAL202407270,2024-07-27,0,1,18,7,27,1,7,1
kremd001,BAL,CLE,CLE202408020,2024-08-02,0,0,15,2,23,2,6,4
kremd001,BAL,TOR,TOR202408080,2024-08-08,0,0,13,6,23,5,4,5
kremd001,BAL,WAS,BAL202408140,2024-08-14,0,1,18,3,24,2,5,1
kremd001,BAL,NYN,NYN202408200,2024-08-20,0,0,18,7,23,3,2,1
kremd001,BAL,HOU,BAL202408250,2024-08-25,0,1,18,5,26,2,7,3
kremd001,BAL,COL,COL202408310,2024-08-31,0,0,10,3,17,1,6,4
kremd001,BAL,TBA,BAL202409060,2024-09-06,0,1,18,7,23,3,2,0
kremd001,BAL,BOS,BOS202409110,2024-09-11,0,0,21,7,28,2,5,1
kremd001,BAL,SFN,BAL202409180,2024-09-18,0,1,18,7,25,0,7,4
kremd001,BAL,NYA,NYA202409240,2024-09-24,0,0,15,3,19,2,3,1
kremd001,BAL,TOR,TOR202503290,2025-03-29,0,0,16,6,23,2,5,5
kremd001,BAL,KCA,KCA202504040,2025-04-04,0,0,13,1,22,0,8,2
kremd001,BAL,ARI,ARI202504090,2025-04-09,0,0,14,4,24,1,8,6
kremd001,BAL,CLE,BAL202504160,2025-04-16,0,1,16,2,21,1,4,1
kremd001,BAL,WAS,WAS202504220,2025-04-22,0,0,16,4,26,0,11,5
kremd001,BAL,DET,DET202504270,2025-04-27,0,0,17,3,24,4,4,5
kremd001,BAL,KCA,BAL202505020,2025-05-02,0,1,21,2,25,1,3,0
kremd001,BAL,MIN,MIN202505080,2025-05-08,0,0,21,8,25,2,3,2
kremd001,BAL,MIN,BAL202505141,2025-05-14,1,1,17,4,26,2,7,4
kremd001,BAL,MIL,MIL202505190,2025-05-19,0,0,16,6,26,2,9,4
kremd001,BAL,BOS,BOS202505250,2025-05-25,0,0,16,4,23,1,7,0
kremd001,BAL,CHA,BAL202505310,2025-05-31,0,1,18,7,26,2,6,1
kremd001,BAL,ATH,ATH202506060,2025-06-06,0,0,16,2,24,1,8,5
kremd001,BAL,TBA,TBA202506170,2025-06-17,0,0,15,4,19,2,4,1
kremd001,BAL,NYA,NYA202506220,2025-06-22,0,0,17,7,23,1,5,1
kremd001,BAL,TBA,BAL202506290,2025-06-29,0,1,21,6,24,1,3,0
kremd001,BAL,ATL,ATL202507050,2025-07-05,0,0,13,3,22,1,8,5
kremd001,BAL,MIA,BAL202507110,2025-07-11,0,1,21,7,25,1,3,0
kremd001,BAL,TBA,TBA202507190,2025-07-19,0,0,21,6,25,3,3,1
kremd001,BAL,COL,BAL202507250,2025-07-25,0,1,18,5,26,2,6,5
kremd001,BAL,TOR,BAL202507300,2025-07-30,0,1,15,5,22,2,6,3
kremd001,BAL,PHI,PHI202508050,2025-08-05,0,0,18,6,26,1,8,4
kremd001,BAL,SEA,BAL202508120,2025-08-12,0,1,24,6,27,1,5,1
kremd001,BAL,HOU,HOU202508170,2025-08-17,0,0,21,7,24,1,3,0
kremd001,BAL,HOU,BAL202508230,2025-08-23,0,1,15,4,23,1,7,6
kremd001,BAL,SFN,SFN202508290,2025-08-29,0,0,9,1,19,2,9,7
kremd001,BAL,LAN,BAL202509050,2025-09-05,0,1,9,4,11,1,0,0
kremd001,BAL,CHA,CHA202509160,2025-09-16,0,0,17,4,23,3,4,2
kremd001,BAL,TBA,BAL202509230,2025-09-23,0,1,19,4,22,0,1,0
kuhlc001,CHA,ATL,CHA202406270,2024-06-27,0,1,9,3,11,2,1,0
lambp001,COL,SEA,COL202404212,2024-04-21,2,1,9,5,17,0,6,6
lambp001,COL,MIA,MIA202405020,2024-05-02,0,0,10,3,18,3,5,4
lambp001,COL,SFN,COL202405080,2024-05-08,0,1,9,2,19,0,9,7
latzj001,TEX,WAS,WAS202506080,2025-06-08,0,0,10,7,12,2,2,2
latzj001,TEX,BAL,BAL202506240,2025-06-24,0,0,18,4,21,3,1,2
latzj001,TEX,DET,TEX202507200,2025-07-20,0,1,15,3,21,2,6,1
latzj001,TEX,ANA,TEX202508270,2025-08-27,0,1,13,5,17,1,4,2
latzj001,TEX,ARI,ARI202509020,2025-09-02,0,0,16,1,22,2,5,2
latzj001,TEX,MIL,TEX202509080,2025-09-08,0,1,17,4,19,1,3,0
latzj001,TEX,NYN,NYN202509140,2025-09-14,0,0,14,4,20,4,2,1
latzj001,TEX,CLE,CLE202509270,2025-09-27,0,0,16,6,19,0,5,2
lauee001,TOR,DET,TOR202505170,2025-05-17,0,1,9,5,12,0,3,1
lauee001,TOR,TBA,TBA202505230,2025-05-23,0,0,13,2,21,2,6,3
lauee001,TOR,SLN,SLN202506110,2025-06-11,0,0,13,4,19,1,4,2
lauee001,TOR,ARI,TOR202506180,2025-06-18,0,1,15,8,20,1,4,1
lauee001,TOR,CLE,CLE202506240,2025-06-24,0,0,16,5,23,3,5,1
lauee001,TOR,BOS,BOS202506290,2025-06-29,0,0,13,4,20,0,7,3
lauee001,TOR,ANA,TOR202507040,2025-07-04,0,1,18,6,22,1,3,2
lauee001,TOR,CHA,CHA202507090,2025-07-09,0,0,12,7,17,1,4,2
lauee001,TOR,SFN,TOR202507190,2025-07-19,0,1,18,7,20,0,2,2
lauee001,TOR,DET,DET202507240,2025-07-24,0,0,24,6,29,0,5,1
lauee001,TOR,BAL,BAL202507292,2025-07-29,2,0,15,4,21,1,5,2
lauee001,TOR,COL,COL202508040,2025-08-04,0,0,18,4,24,1,7,1
lauee001,TOR,LAN,LAN202508100,2025-08-10,0,0,9,4,18,4,6,3
lauee001,TOR,TEX,TOR202508160,2025-08-16,0,1,15,4,23,3,4,1
lauee001,TOR,MIN,TOR202508270,2025-08-27,0,1,14,4,24,0,10,6
leahk001,SLN,CHN,CHN202509280,2025-09-28,0,0,9,1,9,0,1,0
leasj001,CHA,ARI,CHA202506240,2025-06-24,0,1,3,1,4,0,1,1
leguc001,SEA,CHA,CHA202505200,2025-05-20,0,0,3,1,5,1,1,0
leitj001,TEX,DET,DET202404180,2024-04-18,0,0,11,3,22,3,8,7
leitj001,TEX,OAK,OAK202405082,2024-05-08,2,0,12,3,20,0,7,4
leitj001,TEX,CLE,TEX202405140,2024-05-14,0,1,5,1,13,3,3,6
leitj001,TEX,CHA,CHA202408280,2024-08-28,0,0,12,4,21,2,6,2
leitj001,TEX,NYA,TEX202409020,2024-09-02,0,1,15,2,21,0,7,5
leitj001,TEX,ANA,TEX202409070,2024-09-07,0,1,15,6,20,2,2,3
leitj001,TEX,BOS,TEX202503280,2025-03-28,0,1,15,4,20,1,5,1
leitj001,TEX,CIN,CIN202504020,2025-04-02,0,0,15,6,16,0,1,0
leitj001,TEX,SFN,SFN202504270,2025-04-27,0,0,10,3,16,4,2,2
leitj001,TEX,SEA,TEX202505020,2025-05-02,0,1,13,2,23,2,8,6
leitj001,TEX,BOS,BOS202505080,2025-05-08,0,0,16,3,24,4,3,4
leitj001,TEX,COL,TEX202505130,2025-05-13,0,1,18,5,22,3,2,1
leitj001,TEX,HOU,TEX202505180,2025-05-18,0,1,21,4,25,2,3,3
leitj001,TEX,CHA,CHA202505240,2025-05-24,0,0,15,3,26,5,6,2
leitj001,TEX,SLN,TEX202505300,2025-05-30,0,1,17,6,22,2,3,0
leitj001,TEX,TBA,TBA202506050,2025-06-05,0,0,15,6,19,1,3,1
leitj001,TEX,MIN,MIN202506110,2025-06-11,0,0,12,3,19,4,5,4
leitj001,TEX,KCA,TEX202506170,2025-06-17,0,1,17,4,27,2,8,6
leitj001,TEX,PIT,PIT202506220,2025-06-22,0,0,12,2,19,2,5,3
leitj001,TEX,SEA,TEX202506290,2025-06-29,0,1,18,7,26,0,7,1
leitj001,TEX,SDN,SDN202507060,2025-07-06,0,0,11,5,18,2,5,2
leitj001,TEX,HOU,HOU202507110,2025-07-11,0,0,16,6,24,4,5,3
leitj001,TEX,ATH,TEX202507210,2025-07-21,0,1,18,7,27,4,4,2
leitj001,TEX,ATL,TEX202507270,2025-07-27,0,1,18,7,23,3,2,1
leitj001,TEX,SEA,SEA202508010,2025-08-01,0,0,13,7,19,3,3,2
leitj001,TEX,NYA,TEX202508060,2025-08-06,0,1,10,3,17,4,3,1
leitj001,TEX,ARI,TEX202508120,2025-08-12,0,1,15,3,22,2,4,1
leitj001,TEX,KCA,KCA202508180,2025-08-18,0,0,11,5,20,3,6,3
leitj001,TEX,CLE,TEX202508230,2025-08-23,0,1,21,10,23,0,2,0
leitj001,TEX,ATH,ATH202508290,2025-08-29,0,0,18,7,24,2,5,2
leitj001,TEX,ARI,ARI202509030,2025-09-03,0,0,18,8,23,3,3,2
leitj001,TEX,MIL,TEX202509090,2025-09-09,0,1,14,4,22,2,7,3
leitj001,TEX,HOU,HOU202509150,2025-09-15,0,0,20,4,28,1,5,3
leitj001,TEX,MIA,TEX202509200,2025-09-20,0,1,17,4,26,1,8,4
leitj001,TEX,CLE,CLE202509260,2025-09-26,0,0,21,10,26,1,4,2
libem001,SLN,CHA,SLN202405050,2024-05-05,0,1,11,5,14,0,3,1
libem001,SLN,ANA,ANA202405130,2024-05-13,0,0,10,1,15,2,5,4
libem001,SLN,BOS,SLN202405190,2024-05-19,0,1,9,3,16,1,6,4
libem001,SLN,MIA,MIA202406190,2024-06-19,0,0,11,1,14,1,3,2
libem001,SLN,ATL,SLN202406262,2024-06-26,2,1,18,8,20,1,2,0
libem001,SLN,PIT,PIT202407240,2024-07-24,0,0,9,3,17,3,4,5
libem001,SLN,ANA,SLN202504010,2025-04-01,0,1,18,4,22,0,6,3
libem001,SLN,PIT,PIT202504070,2025-04-07,0,0,19,7,27,0,8,5
libem001,SLN,PHI,SLN202504130,2025-04-13,0,1,18,7,22,1,3,0
libem001,SLN,NYN,NYN202504190,2025-04-19,0,0,20,6,27,1,6,2
libem001,SLN,MIL,SLN202504250,2025-04-25,0,1,18,4,23,0,5,1
libem001,SLN,CIN,CIN202505010,2025-05-01,0,0,9,2,12,1,2,2
libem001,SLN,PIT,SLN202505060,2025-05-06,0,1,21,8,27,3,3,1
libem001,SLN,PHI,PHI202505120,2025-05-12,0,0,16,4,24,1,7,2
libem001,SLN,KCA,KCA202505180,2025-05-18,0,0,18,5,26,1,6,1
libem001,SLN,ARI,SLN202505240,2025-05-24,0,1,21,4,27,0,6,1
libem001,SLN,TEX,TEX202505300,2025-05-30,0,0,15,5,23,1,7,4
libem001,SLN,KCA,SLN202506052,2025-06-05,2,1,12,2,21,1,8,7
libem001,SLN,TOR,SLN202506110,2025-06-11,0,1,15,4,25,1,9,5
libem001,SLN,CHA,CHA202506170,2025-06-17,0,0,18,4,23,0,5,2
libem001,SLN,CHN,SLN202506230,2025-06-23,0,1,21,5,27,1,6,2
libem001,SLN,CLE,CLE202506290,2025-06-29,0,0,18,5,25,5,3,0
libem001,SLN,CHN,CHN202507050,2025-07-05,0,0,15,4,23,4,4,2
libem001,SLN,ATL,SLN202507110,2025-07-11,0,1,9,0,18,1,9,6
libem001,SLN,SDN,SLN202507260,2025-07-26,0,1,13,3,22,2,6,1
libem001,SLN,SDN,SDN202508010,2025-08-01,0,0,13,1,20,2,4,1
libem001,SLN,LAN,LAN202508060,2025-08-06,0,0,12,1,19,1,6,2
libem001,SLN,COL,SLN202508120,2025-08-12,0,1,12,3,16,1,4,3
libem001,SLN,MIA,MIA202508180,2025-08-18,0,0,15,5,21,1,5,3
libem001,SLN,TBA,TBA202508240,2025-08-24,0,0,13,5,19,3,3,4
libem001,SLN,CIN,CIN202508290,2025-08-29,0,0,15,4,25,2,8,3
libem001,SLN,ATH,SLN202509030,2025-09-03,0,1,16,7,21,1,4,0
libem001,SLN,SEA,SEA202509090,2025-09-09,0,0,12,1,20,3,6,5
libem001,SLN,CIN,SLN202509150,2025-09-15,0,1,18,6,23,1,4,2
libem001,SLN,MIL,SLN202509210,2025-09-21,0,1,15,6,20,1,5,1
littl001,CHN,COL,CHN202404030,2024-04-03,0,1,3,1,3,0,0,0
littz001,TBA,TOR,TBA202403300,2024-03-30,0,1,18,6,22,2,4,0
littz001,TBA,COL,COL202404050,2024-04-05,0,0,15,5,20,0,5,1
littz001,TBA,ANA,ANA202404100,2024-04-10,0,0,13,4,22,3,6,1
littz001,TBA,ANA,TBA202404170,2024-04-17,0,1,17,7,25,0,8,3
littz001,TBA,DET,TBA202404220,2024-04-22,0,1,18,7,27,0,9,5
littz001,TBA,CHA,CHA202404280,2024-04-28,0,0,18,6,25,0,8,2
littz001,TBA,NYN,TBA202405040,2024-05-04,0,1,18,7,23,0,6,1
littz001,TBA,NYA,TBA202405110,2024-05-11,0,1,17,3,23,2,4,2
littz001,TBA,BOS,BOS202405160,2024-05-16,0,0,15,3,25,1,7,4
littz001,TBA,BOS,TBA202405210,2024-05-21,0,1,17,7,21,1,3,2
littz001,TBA,OAK,TBA202405280,2024-05-28,0,1,21,9,28,1,6,3
littz001,TBA,BAL,BAL202406020,2024-06-02,0,0,18,2,29,1,11,3
littz001,TBA,BAL,TBA202406090,2024-06-09,0,1,18,3,26,1,7,3
littz001,TBA,ATL,ATL202406140,2024-06-14,0,0,6,2,16,1,8,6
littz001,TBA,MIN,MIN202406200,2024-06-20,0,0,15,5,21,2,5,2
littz001,TBA,SEA,TBA202406250,2024-06-25,0,1,15,6,19,1,4,2
littz001,TBA,KCA,KCA202407020,2024-07-02,0,0,15,4,18,0,4,0
littz001,TBA,TEX,TEX202407070,2024-07-07,0,0,12,5,21,1,9,7
littz001,TBA,CLE,TBA202407130,2024-07-13,0,1,18,3,28,2,6,1
littz001,TBA,NYA,NYA202407220,2024-07-22,0,0,17,6,26,2,9,5
littz001,TBA,CIN,TBA202407270,2024-07-27,0,1,21,5,25,1,3,0
littz001,TBA,HOU,HOU202408030,2024-08-03,0,0,17,3,20,1,4,1
littz001,TBA,BAL,TBA202408090,2024-08-09,0,1,15,5,23,1,7,1
littz001,TBA,HOU,TBA202408140,2024-08-14,0,1,15,3,18,2,1,1
littz001,TBA,MIN,TBA202409020,2024-09-02,0,1,12,2,22,4,7,4
littz001,TBA,BAL,BAL202409080,2024-09-08,0,0,15,4,20,1,3,0
littz001,TBA,CLE,CLE202409130,2024-09-13,0,0,18,5,20,0,2,0
littz001,TBA,BOS,TBA202409190,2024-09-19,0,1,21,7,22,0,1,0
littz001,TBA,DET,DET202409250,2024-09-25,0,0,14,7,21,0,7,3
littz001,TBA,COL,TBA202503290,2025-03-29,0,1,18,7,22,0,4,1
littz001,TBA,TEX,TEX202504040,2025-04-04,0,0,21,3,27,2,6,5
littz001,TBA,ANA,TBA202504100,2025-04-10,0,1,12,4,21,1,8,7
littz001,TBA,BOS,TBA202504160,2025-04-16,0,1,18,5,25,3,5,1
littz001,TBA,ARI,ARI202504220,2025-04-22,0,0,18,2,24,1,6,3
littz001,TBA,SDN,SDN202504270,2025-04-27,0,0,15,1,20,1,5,2
littz001,TBA,NYA,NYA202505030,2025-05-03,0,0,21,3,24,0,3,2
littz001,TBA,MIL,TBA202505090,2025-05-09,0,1,18,5,25,1,6,2
littz001,TBA,TOR,TOR202505150,2025-05-15,0,0,22,2,28,1,8,3
littz001,TBA,HOU,TBA202505200,2025-05-20,0,1,15,6,23,0,7,2
littz001,TBA,MIN,TBA202505260,2025-05-26,0,1,19,4,21,0,3,1
littz001,TBA,HOU,HOU202505310,2025-05-31,0,0,27,6,37,1,10,3
littz001,TBA,MIA,TBA202506060,2025-06-06,0,1,18,4,23,0,6,1
littz001,TBA,BOS,BOS202506110,2025-06-11,0,0,18,6,27,0,8,4
littz001,TBA,BAL,TBA202506170,2025-06-17,0,1,18,3,25,0,7,3
littz001,TBA,DET,TBA202506220,2025-06-22,0,1,15,5,19,0,4,1
littz001,TBA,BAL,BAL202506280,2025-06-28,0,0,21,5,25,2,3,1
littz001,TBA,MIN,MIN202507040,2025-07-04,0,0,18,5,23,2,4,1
littz001,TBA,DET,DET202507090,2025-07-09,0,0,17,4,24,2,6,3
littz001,TBA,BAL,TBA202507190,2025-07-19,0,1,18,3,24,0,7,2
littz001,TBA,CIN,CIN202507250,2025-07-25,0,0,18,2,29,0,10,5
littz001,TBA,NYA,NYA202507300,2025-07-30,0,0,15,4,21,4,2,0
littz001,CIN,CHN,CHN202508050,2025-08-05,0,0,21,8,26,2,3,1
littz001,CIN,PIT,PIT202508100,2025-08-10,0,0,14,3,24,0,9,4
littz001,CIN,MIL,CIN202508160,2025-08-16,0,1,18,3,24,1,4,1
littz001,CIN,ARI,ARI202508220,2025-08-22,0,0,9,3,17,3,4,3
littz001,CIN,SLN,CIN202508290,2025-08-29,0,1,21,4,28,0,6,3
littz001,CIN,TOR,CIN202509030,2025-09-03,0,1,13,6,20,1,7,5
littz001,CIN,SDN,SDN202509090,2025-09-09,0,0,18,4,22,1,2,2
littz001,CIN,SLN,SLN202509150,2025-09-15,0,0,17,3,22,0,5,4
littz001,CIN,CHN,CIN202509200,2025-09-20,0,1,15,4,19,1,3,2
littz001,CIN,MIL,MIL202509260,2025-09-26,0,0,14,3,20,2,3,1
liveb001,CLE,BOS,BOS202404170,2024-04-17,0,0,15,7,19,1,3,2
liveb001,CLE,BOS,CLE202404230,2024-04-23,0,1,19,7,23,0,5,1
liveb001,CLE,ATL,ATL202404280,2024-04-28,0,0,13,5,18,2,4,1
liveb001,CLE,ANA,CLE202405040,2024-05-04,0,1,18,5,24,3,4,1
liveb001,CLE,CHA,CHA202405090,2024-05-09,0,0,17,2,27,3,8,3
liveb001,CLE,TEX,TEX202405140,2024-05-14,0,0,15,5,23,3,5,3
liveb001,CLE,NYN,CLE202405200,2024-05-20,0,1,17,7,22,0,6,1
liveb001,CLE,ANA,ANA202405260,2024-05-26,0,0,21,5,25,2,4,2
liveb001,CLE,WAS,CLE202406010,2024-06-01,0,1,17,4,21,1,5,2
liveb001,CLE,MIA,MIA202406080,2024-06-08,0,0,15,1,18,0,3,0
liveb001,CLE,TOR,TOR202406160,2024-06-16,0,0,12,4,20,3,6,4
liveb001,CLE,TOR,CLE202406220,2024-06-22,0,1,17,4,22,2,3,2
liveb001,CLE,KCA,KCA202406270,2024-06-27,0,0,18,5,24,1,6,2
liveb001,CLE,CHA,CLE202407040,2024-07-04,0,1,18,6,25,1,6,3
liveb001,CLE,DET,DET202407090,2024-07-09,0,0,16,4,23,1,7,6
liveb001,CLE,TBA,TBA202407140,2024-07-14,0,0,16,7,22,2,3,2
liveb001,CLE,SDN,CLE202407210,2024-07-21,0,1,16,2,23,2,6,2
liveb001,CLE,PHI,PHI202407260,2024-07-26,0,0,18,6,24,2,3,1
liveb001,CLE,BAL,CLE202408010,2024-08-01,0,1,18,4,22,1,4,2
liveb001,CLE,ARI,CLE202408071,2024-08-07,1,1,15,2,23,4,4,4
liveb001,CLE,CHN,CLE202408120,2024-08-12,0,1,11,1,20,4,5,3
liveb001,CLE,MIL,MIL202408180,2024-08-18,0,0,18,5,24,2,5,2
liveb001,CLE,TEX,CLE202408240,2024-08-24,0,1,20,4,27,1,5,2
liveb001,CLE,PIT,CLE202408300,2024-08-30,0,1,13,3,24,1,9,6
liveb001,CLE,KCA,KCA202409040,2024-09-04,0,0,12,3,20,1,7,4
liveb001,CLE,CHA,CHA202409100,2024-09-10,0,0,6,2,7,0,1,0
liveb001,CLE,TBA,CLE202409150,2024-09-15,0,1,15,2,20,1,4,0
liveb001,CLE,SLN,SLN202409200,2024-09-20,0,0,15,2,19,1,3,1
liveb001,CLE,HOU,CLE202409280,2024-09-28,0,1,12,4,23,4,5,2
liveb001,CLE,KCA,KCA202503270,2025-03-27,0,0,15,3,19,0,4,3
liveb001,CLE,SDN,SDN202504020,2025-04-02,0,0,13,4,21,2,7,4
liveb001,CLE,CHA,CLE202504080,2025-04-08,0,1,15,4,17,3,2,0
liveb001,CLE,KCA,CLE202504130,2025-04-13,0,1,18,5,24,2,7,4
liveb001,CLE,PIT,PIT202504190,2025-04-19,0,0,16,3,21,1,4,0
liveb001,CLE,BOS,CLE202504261,2025-04-26,1,1,15,4,24,3,6,4
liveb001,CLE,MIN,CLE202505010,2025-05-01,0,1,17,2,22,0,5,0
liveb001,CLE,WAS,WAS202505062,2025-05-06,2,0,16,3,18,2,2,1
liveb001,CLE,MIL,CLE202505120,2025-05-12,0,1,9,1,12,2,1,0
lodon001,CIN,CHA,CHA202404130,2024-04-13,0,0,17,10,21,1,1,0
lodon001,CIN,ANA,CIN202404190,2024-04-19,0,1,19,6,25,0,7,1
lodon001,CIN,PHI,CIN202404240,2024-04-24,0,1,15,4,24,3,6,3
lodon001,CIN,SDN,SDN202404290,2024-04-29,0,0,21,11,24,2,1,1
lodon001,CIN,BAL,CIN202405050,2024-05-05,0,1,15,6,21,2,4,4
lodon001,CIN,SFN,SFN202405110,2024-05-11,0,0,18,6,25,1,5,4
lodon001,CIN,SLN,CIN202405270,2024-05-27,0,1,16,3,21,0,5,1
lodon001,CIN,CHN,CHN202406020,2024-06-02,0,0,18,3,27,1,7,2
lodon001,CIN,CHN,CIN202406070,2024-06-07,0,1,18,7,25,2,4,1
lodon001,CIN,CLE,CIN202406120,2024-06-12,0,1,18,6,29,3,7,2
lodon001,CIN,PIT,PIT202406180,2024-06-18,0,0,21,8,26,0,4,1
lodon001,CIN,BOS,CIN202406230,2024-06-23,0,1,14,3,23,4,5,3
lodon001,CIN,COL,CIN202407090,2024-07-09,0,1,11,4,17,1,5,4
lodon001,CIN,MIA,CIN202407140,2024-07-14,0,1,14,4,19,4,3,2
lodon001,CIN,WAS,WAS202407200,2024-07-20,0,0,19,8,28,1,6,4
lodon001,CIN,TBA,TBA202407260,2024-07-26,0,0,20,5,27,1,5,2
lodon001,CIN,CHN,CIN202407310,2024-07-31,0,1,17,6,28,0,11,8
lodon001,CIN,MIA,MIA202408060,2024-08-06,0,0,18,7,23,3,2,2
lodon001,CIN,MIL,MIL202408110,2024-08-11,0,0,16,4,22,3,3,3
lodon001,CIN,KCA,CIN202408170,2024-08-17,0,1,7,2,17,2,8,8
lodon001,CIN,PIT,PIT202408220,2024-08-22,0,0,14,9,21,3,2,5
lodon001,CIN,SFN,CIN202503290,2025-03-29,0,1,18,1,23,0,5,2
lodon001,CIN,MIL,MIL202504030,2025-04-03,0,0,20,4,25,0,4,0
lodon001,CIN,SFN,SFN202504080,2025-04-08,0,0,18,3,23,1,3,0
lodon001,CIN,SEA,CIN202504150,2025-04-15,0,1,14,6,21,1,5,4
lodon001,CIN,MIA,MIA202504210,2025-04-21,0,0,17,4,26,2,7,3
lodon001,CIN,COL,COL202504270,2025-04-27,0,0,21,9,25,1,2,0
lodon001,CIN,WAS,CIN202505030,2025-05-03,0,1,16,4,31,2,10,6
lodon001,CIN,ATL,ATL202505080,2025-05-08,0,0,18,7,23,0,5,2
lodon001,CIN,CHA,CIN202505140,2025-05-14,0,1,16,4,24,2,7,3
lodon001,CIN,PIT,PIT202505190,2025-05-19,0,0,18,7,24,1,4,1
lodon001,CIN,CHN,CIN202505250,2025-05-25,0,1,15,6,23,2,6,3
lodon001,CIN,CHN,CHN202505310,2025-05-31,0,0,18,5,22,2,5,0
lodon001,CIN,ARI,CIN202506060,2025-06-06,0,1,18,4,21,0,5,3
lodon001,CIN,CLE,CLE202506110,2025-06-11,0,0,10,6,17,2,5,6
lodon001,CIN,MIN,CIN202506180,2025-06-18,0,1,18,4,24,2,3,2
lodon001,CIN,NYA,CIN202506230,2025-06-23,0,1,13,6,20,0,6,1
lodon001,CIN,SDN,CIN202506290,2025-06-29,0,1,16,5,26,2,7,1
lodon001,CIN,PHI,PHI202507050,2025-07-05,0,0,18,8,24,2,4,3
lodon001,CIN,MIA,CIN202507100,2025-07-10,0,1,18,4,21,0,3,0
lodon001,CIN,NYN,NYN202507180,2025-07-18,0,0,21,7,26,1,4,2
lodon001,CIN,WAS,WAS202507230,2025-07-23,0,0,27,8,30,0,4,0
lodon001,CIN,LAN,CIN202507290,2025-07-29,0,1,16,11,22,1,6,2
lodon001,CIN,CHN,CHN202508040,2025-08-04,0,0,5,1,5,0,0,0
lodon001,CIN,LAN,LAN202508270,2025-08-27,0,0,14,6,21,1,5,4
lodon001,CIN,SDN,SDN202509080,2025-09-08,0,0,15,2,18,1,2,0
lodon001,CIN,ATH,ATH202509140,2025-09-14,0,0,16,5,25,0,8,5
lodon001,CIN,CHN,CIN202509190,2025-09-19,0,1,14,7,23,2,9,4
lodon001,CIN,PIT,CIN202509250,2025-09-25,0,1,19,12,22,1,2,0
lopej007,TBA,LAN,LAN202408250,2024-08-25,0,0,15,6,19,2,2,1
lopej007,ATH,TEX,TEX202504290,2025-04-29,0,0,8,4,18,4,6,3
lopej007,ATH,PHI,ATH202505230,2025-05-23,0,1,21,8,26,1,3,1
lopej007,ATH,TOR,TOR202505290,2025-05-29,0,0,5,0,12,1,6,7
lopej007,ATH,BAL,ATH202506080,2025-06-08,0,1,12,5,17,2,4,0
lopej007,ATH,KCA,KCA202506140,2025-06-14,0,0,18,9,23,1,3,0
lopej007,ATH,HOU,ATH202506190,2025-06-19,0,1,18,9,27,3,4,1
lopej007,ATH,DET,DET202506250,2025-06-25,0,0,21,6,25,1,3,0
lopej007,ATH,TBA,TBA202506300,2025-06-30,0,0,10,1,16,1,5,3
lopej007,ATH,SFN,ATH202507060,2025-07-06,0,1,13,8,20,1,5,4
lopej007,ATH,TOR,ATH202507120,2025-07-12,0,1,15,5,21,2,4,2
lopej007,ATH,TEX,TEX202507210,2025-07-21,0,0,15,6,21,3,4,5
lopej007,ATH,HOU,HOU202507260,2025-07-26,0,0,13,4,19,4,2,0
lopej007,ATH,ARI,ATH202508010,2025-08-01,0,1,15,5,21,2,5,0
lopej007,ATH,WAS,WAS202508070,2025-08-07,0,0,23,10,25,0,3,0
lopej007,ATH,TBA,ATH202508120,2025-08-12,0,1,21,9,24,0,4,0
lopej007,ATH,MIN,MIN202508190,2025-08-19,0,0,18,8,24,1,4,2
lopej007,ATH,SEA,SEA202508240,2025-08-24,0,0,6,2,18,6,6,9
lopep002,MIN,KCA,KCA202403280,2024-03-28,0,0,21,7,24,0,4,1
lopep002,MIN,CLE,MIN202404040,2024-04-04,0,1,17,2,24,1,6,3
lopep002,MIN,DET,DET202404120,2024-04-12,0,0,12,7,21,3,6,5
lopep002,MIN,BAL,BAL202404170,2024-04-17,0,0,18,7,20,0,2,1
lopep002,MIN,CHA,MIN202404230,2024-04-23,0,1,12,6,17,2,4,3
lopep002,MIN,ANA,ANA202404280,2024-04-28,0,0,15,8,20,1,4,4
lopep002,MIN,BOS,MIN202405040,2024-05-04,0,1,18,8,23,1,5,1
lopep002,MIN,SEA,MIN202405090,2024-05-09,0,1,19,10,25,0,4,1
lopep002,MIN,NYA,MIN202405150,2024-05-15,0,1,19,3,28,0,10,3
lopep002,MIN,WAS,WAS202405200,2024-05-20,0,0,15,5,24,1,8,7
lopep002,MIN,TEX,MIN202405260,2024-05-26,0,1,14,6,23,1,7,6
lopep002,MIN,HOU,HOU202405310,2024-05-31,0,0,21,6,28,1,6,1
lopep002,MIN,NYA,NYA202406060,2024-06-06,0,0,12,4,23,6,4,7
lopep002,MIN,COL,MIN202406120,2024-06-12,0,1,15,5,20,0,5,2
lopep002,MIN,TBA,MIN202406180,2024-06-18,0,1,12,3,20,1,7,5
lopep002,MIN,OAK,OAK202406230,2024-06-23,0,0,24,14,27,1,2,0
lopep002,MIN,SEA,SEA202406290,2024-06-29,0,0,18,9,22,1,4,1
lopep002,MIN,HOU,MIN202407050,2024-07-05,0,1,15,6,24,2,8,6
lopep002,MIN,CHA,CHA202407102,2024-07-10,2,0,15,5,21,1,4,2
lopep002,MIN,MIL,MIN202407200,2024-07-20,0,1,21,7,25,1,4,1
lopep002,MIN,DET,DET202407260,2024-07-26,0,0,21,7,28,1,6,2
lopep002,MIN,NYN,NYN202407310,2024-07-31,0,0,18,7,23,3,3,2
lopep002,MIN,CHN,CHN202408060,2024-08-06,0,0,15,2,22,1,7,4
lopep002,MIN,KCA,MIN202408120,2024-08-12,0,1,18,5,26,0,6,2
lopep002,MIN,TEX,TEX202408180,2024-08-18,0,0,18,3,26,3,6,0
lopep002,MIN,SLN,MIN202408240,2024-08-24,0,1,21,9,26,1,4,0
lopep002,MIN,TOR,MIN202408300,2024-08-30,0,1,23,3,27,0,6,0
lopep002,MIN,TBA,TBA202409050,2024-09-05,0,0,20,9,28,1,7,3
lopep002,MIN,ANA,MIN202409100,2024-09-10,0,1,21,10,30,1,8,0
lopep002,MIN,CLE,CLE202409160,2024-09-16,0,0,19,4,28,2,8,2
lopep002,MIN,BOS,BOS202409221,2024-09-22,1,0,12,3,22,1,9,7
lopep002,MIN,BAL,MIN202409270,2024-09-27,0,1,17,8,27,3,6,2
lopep002,MIN,SLN,SLN202503270,2025-03-27,0,0,15,3,22,0,8,2
lopep002,MIN,CHA,CHA202504020,2025-04-02,0,0,21,5,26,1,4,1
lopep002,MIN,KCA,KCA202504080,2025-04-08,0,0,14,6,19,1,3,0
lopep002,MIN,ANA,MIN202504250,2025-04-25,0,1,15,6,22,2,5,2
lopep002,MIN,CLE,CLE202504300,2025-04-30,0,0,19,6,23,0,4,2
lopep002,MIN,BAL,MIN202505060,2025-05-06,0,1,15,11,18,1,2,1
lopep002,MIN,SFN,MIN202505110,2025-05-11,0,1,18,6,25,2,5,4
lopep002,MIN,MIL,MIL202505170,2025-05-17,0,0,18,6,22,2,2,0
lopep002,MIN,KCA,MIN202505230,2025-05-23,0,1,17,5,26,0,7,1
lopep002,MIN,TBA,TBA202505280,2025-05-28,0,0,15,3,23,2,7,4
lopep002,MIN,ATH,ATH202506030,2025-06-03,0,0,15,4,21,3,4,2
lopep002,MIN,KCA,KCA202509050,2025-09-05,0,0,18,4,25,1,6,2
lopep002,MIN,ARI,MIN202509120,2025-09-12,0,1,15,6,23,3,4,0
lopep002,MIN,CLE,MIN202509190,2025-09-19,0,1,12,2,17,2,3,2
loper003,ATL,CHA,CHA202404020,2024-04-02,0,0,18,5,23,2,4,1
loper003,ATL,NYN,ATL202404090,2024-04-09,0,1,18,6,22,3,3,0
loper003,ATL,HOU,HOU202404160,2024-04-16,0,0,18,7,23,1,4,0
loper003,ATL,MIA,ATL202404240,2024-04-24,0,1,21,6,24,2,3,1
loper003,ATL,SEA,SEA202404300,2024-04-30,0,0,15,7,23,2,6,3
loper003,ATL,BOS,ATL202405070,2024-05-07,0,1,16,5,26,4,6,1
loper003,ATL,CHN,ATL202405130,2024-05-13,0,1,15,4,18,2,2,0
loper003,ATL,SDN,ATL202405201,2024-05-20,1,1,19,4,23,1,5,2
loper003,ATL,PIT,PIT202405250,2024-05-25,0,0,14,3,20,1,5,2
loper003,ATL,OAK,ATL202405310,2024-05-31,0,1,18,8,24,2,4,1
loper003,ATL,WAS,WAS202406060,2024-06-06,0,0,18,7,24,1,6,2
loper003,ATL,BAL,BAL202406130,2024-06-13,0,0,18,8,21,1,2,0
loper003,ATL,DET,ATL202406190,2024-06-19,0,1,15,6,22,1,7,0
loper003,ATL,SLN,SLN202406261,2024-06-26,1,0,15,5,23,4,4,2
loper003,ATL,SFN,ATL202407020,2024-07-02,0,1,13,6,21,4,4,2
loper003,ATL,PHI,ATL202407070,2024-07-07,0,1,18,6,23,3,2,0
loper003,ATL,SDN,SDN202407130,2024-07-13,0,0,18,2,26,0,11,3
loper003,ATL,CIN,ATL202407220,2024-07-22,0,1,18,5,28,2,7,4
loper003,ATL,NYN,NYN202407280,2024-07-28,0,0,9,2,12,1,3,0
loper003,ATL,PHI,ATL202408200,2024-08-20,0,1,15,10,21,1,5,1
loper003,ATL,WAS,ATL202408250,2024-08-25,0,1,18,7,23,3,3,1
loper003,ATL,PHI,PHI202408300,2024-08-30,0,0,18,6,23,1,4,1
loper003,ATL,COL,ATL202409050,2024-09-05,0,1,18,11,23,0,5,2
loper003,ATL,WAS,WAS202409100,2024-09-10,0,0,3,1,5,0,1,0
loper003,ATL,KCA,ATL202409280,2024-09-28,0,1,18,9,19,0,2,1
loper003,ATL,SDN,SDN202503280,2025-03-28,0,0,15,1,25,2,9,3
lordb001,WAS,LAN,WAS202504080,2025-04-08,0,1,9,4,13,2,2,0
lordb001,WAS,PIT,PIT202504140,2025-04-14,0,0,13,1,18,3,6,4
lordb001,WAS,COL,COL202504202,2025-04-20,2,0,12,5,20,2,5,2
lordb001,WAS,NYN,WAS202504260,2025-04-26,0,1,12,3,16,0,5,2
lordb001,WAS,PHI,PHI202505010,2025-05-01,0,0,15,4,21,1,6,2
lordb001,WAS,CLE,WAS202505062,2025-05-06,2,1,18,4,23,1,3,3
lordb001,WAS,CIN,WAS202507220,2025-07-22,0,1,12,1,16,0,6,1
lordb001,WAS,HOU,HOU202507280,2025-07-28,0,0,16,2,18,1,1,1
lordb001,WAS,MIL,WAS202508030,2025-08-03,0,1,14,6,21,2,6,3
lordb001,WAS,SFN,SFN202508090,2025-08-09,0,0,18,5,23,2,4,1
lordb001,WAS,PHI,WAS202508140,2025-08-14,0,1,18,3,25,1,7,2
lordb001,WAS,NYN,WAS202508200,2025-08-20,0,1,16,4,23,2,7,4
lordb001,WAS,NYA,NYA202508250,2025-08-25,0,0,13,5,23,2,8,6
lordb001,WAS,TBA,WAS202508310,2025-08-31,0,1,9,3,16,2,5,7
lordb001,WAS,CHN,CHN202509060,2025-09-06,0,0,17,7,21,4,2,1
lordb001,WAS,PIT,WAS202509120,2025-09-12,0,1,18,4,25,0,7,3
lordb001,WAS,ATL,WAS202509170,2025-09-17,0,1,16,4,22,1,6,2
lordb001,WAS,ATL,ATL202509230,2025-09-23,0,0,18,4,23,1,4,2
lordb001,WAS,CHA,WAS202509280,2025-09-28,0,1,12,4,19,2,5,5
lorem002,TEX,DET,DET202404150,2024-04-15,0,0,15,4,20,5,3,0
lorem002,TEX,ATL,ATL202404210,2024-04-21,0,0,18,7,24,3,3,3
lorem002,TEX,CIN,TEX202404270,2024-04-27,0,1,18,3,25,1,6,5
lorem002,TEX,KCA,KCA202405030,2024-05-03,0,0,18,3,24,3,4,1
lorem002,TEX,OAK,OAK202405081,2024-05-08,1,0,18,6,27,2,9,6
lorem002,TEX,CLE,TEX202405130,2024-05-13,0,1,21,4,24,4,2,0
lorem002,TEX,ANA,TEX202405190,2024-05-19,0,1,19,6,24,3,3,2
lorem002,TEX,MIN,MIN202405250,2024-05-25,0,0,18,4,24,3,3,1
lorem002,TEX,MIA,MIA202406010,2024-06-01,0,0,19,7,24,2,5,0
lorem002,TEX,SFN,TEX202406070,2024-06-07,0,1,13,1,22,2,7,2
lorem002,TEX,LAN,LAN202406130,2024-06-13,0,0,21,2,25,1,4,1
lorem002,TEX,NYN,TEX202406180,2024-06-18,0,1,18,3,23,1,4,3
lorem002,TEX,MIL,MIL202406240,2024-06-24,0,0,15,5,20,1,5,2
lorem002,TEX,BAL,BAL202406290,2024-06-29,0,0,15,3,24,4,4,5
lorem002,TEX,TBA,TEX202407050,2024-07-05,0,1,15,4,20,5,1,0
lorem002,TEX,ANA,ANA202407100,2024-07-10,0,0,15,3,23,4,5,5
lorem002,TEX,CHA,TEX202407220,2024-07-22,0,1,15,8,22,2,6,2
lorem002,TEX,TOR,TOR202407270,2024-07-27,0,0,2,1,9,2,5,4
lorem002,KCA,DET,DET202408030,2024-08-03,0,0,17,5,24,2,5,1
lorem002,KCA,SLN,KCA202408090,2024-08-09,0,1,13,3,21,2,6,3
lorem002,KCA,CIN,CIN202408160,2024-08-16,0,0,17,3,21,3,2,1
lorem002,KCA,ANA,KCA202408210,2024-08-21,0,1,21,5,27,2,4,0
lorem002,KCA,CLE,CLE202408270,2024-08-27,0,0,5,1,7,1,1,0
lorem002,KCA,WAS,WAS202409250,2024-09-25,0,0,7,2,9,2,0,0
lorem002,KCA,MIL,MIL202504010,2025-04-01,0,0,16,7,24,3,5,3
lorem002,KCA,MIN,KCA202504070,2025-04-07,0,1,18,3,23,0,5,1
lorem002,KCA,CLE,CLE202504120,2025-04-12,0,0,17,4,25,1,7,3
lorem002,KCA,DET,DET202504170,2025-04-17,0,0,14,3,24,3,7,4
lorem002,KCA,COL,KCA202504242,2025-04-24,2,1,18,7,26,4,5,1
lorem002,KCA,TBA,TBA202504290,2025-04-29,0,0,18,4,24,2,4,1
lorem002,KCA,BAL,BAL202505040,2025-05-04,0,0,14,5,22,1,7,5
lorem002,KCA,BOS,KCA202505090,2025-05-09,0,1,21,7,25,0,3,0
lorem002,KCA,HOU,HOU202505140,2025-05-14,0,0,22,5,27,1,7,4
lorem002,KCA,SFN,SFN202505200,2025-05-20,0,0,14,5,23,1,7,2
lorem002,KCA,CIN,KCA202505260,2025-05-26,0,1,15,2,29,3,11,6
lorem002,KCA,SLN,SLN202506030,2025-06-03,0,0,8,2,16,1,7,7
lorem002,KCA,CHA,CHA202506080,2025-06-08,0,0,18,7,21,2,1,2
lorem002,KCA,ATH,KCA202506140,2025-06-14,0,1,18,4,25,3,4,3
lorem002,KCA,SDN,SDN202506200,2025-06-20,0,0,16,4,23,3,5,2
lorem002,KCA,TBA,KCA202506260,2025-06-26,0,1,17,4,24,0,8,4
lorem002,KCA,SEA,SEA202507010,2025-07-01,0,0,14,5,19,0,6,3
lorem002,KCA,ARI,ARI202507060,2025-07-06,0,0,21,7,24,1,2,0
lorem002,KCA,CHA,KCA202508160,2025-08-16,0,1,12,3,17,2,3,0
lorem002,KCA,TEX,KCA202508210,2025-08-21,0,1,13,6,25,1,9,3
lorem002,KCA,CHA,CHA202508260,2025-08-26,0,0,15,6,21,1,7,4
lorem002,KCA,ANA,KCA202509020,2025-09-02,0,1,18,5,23,1,4,2
lorem002,KCA,MIN,KCA202509070,2025-09-07,0,1,16,5,22,0,7,4
lorem002,KCA,PHI,PHI202509120,2025-09-12,0,0,9,3,20,2,10,6
lorem002,KCA,TOR,KCA202509190,2025-09-19,0,1,23,4,29,3,3,1
lorem002,KCA,ANA,ANA202509250,2025-09-25,0,0,17,9,22,0,5,2
lowdr001,CIN,MIL,CIN202408302,2024-08-30,2,1,12,6,18,4,2,1
lowdr001,CIN,HOU,CIN202409050,2024-09-05,0,1,19,3,26,4,4,0
lowdr001,CIN,SLN,SLN202409100,2024-09-10,0,0,15,3,18,0,5,0
lowdr001,CIN,MIN,MIN202409150,2024-09-15,0,0,16,5,22,1,6,3
lowdr001,CIN,PIT,CIN202409210,2024-09-21,0,1,15,4,23,2,5,0
lowdr001,CIN,CHN,CHN202409280,2024-09-28,0,0,15,1,21,3,3,0
lucae002,TOR,WAS,TOR202504020,2025-04-02,0,1,15,3,18,2,1,0
lucae002,TOR,BOS,BOS202504080,2025-04-08,0,0,16,8,20,1,3,0
lucae002,TOR,ATL,TOR202504140,2025-04-14,0,1,15,3,23,4,6,8
lucae002,TOR,SEA,TOR202504200,2025-04-20,0,1,5,5,14,2,7,6
lucae002,TOR,BAL,BAL202507291,2025-07-29,1,0,8,1,15,2,4,4
luccj001,NYN,PHI,PHI202405150,2024-05-15,0,0,13,2,21,4,5,5
luccj001,NYN,ATL,ATL202409302,2024-09-30,2,0,18,5,25,4,3,1
lugos001,KCA,MIN,KCA202403300,2024-03-30,0,1,18,4,22,1,2,0
lugos001,KCA,CHA,KCA202404040,2024-04-04,0,1,20,3,27,2,8,1
lugos001,KCA,HOU,KCA202404100,2024-04-10,0,1,18,2,27,2,7,2
lugos001,KCA,CHA,CHA202404150,2024-04-15,0,0,21,4,25,1,4,0
lugos001,KCA,BAL,KCA202404210,2024-04-21,0,1,16,1,25,1,9,4
lugos001,KCA,DET,DET202404260,2024-04-26,0,0,21,9,25,2,3,0
lugos001,KCA,TOR,TOR202405010,2024-05-01,0,0,21,8,25,2,2,1
lugos001,KCA,MIL,KCA202405070,2024-05-07,0,1,20,5,27,1,5,2
lugos001,KCA,ANA,ANA202405120,2024-05-12,0,0,24,12,29,0,5,1
lugos001,KCA,OAK,KCA202405180,2024-05-18,0,1,17,10,24,1,6,2
lugos001,KCA,TBA,TBA202405240,2024-05-24,0,0,21,3,28,2,4,1
lugos001,KCA,MIN,MIN202405290,2024-05-29,0,0,18,5,27,3,6,1
lugos001,KCA,CLE,CLE202406040,2024-06-04,0,0,18,5,26,1,6,5
lugos001,KCA,NYA,KCA202406100,2024-06-10,0,1,21,4,30,1,8,4
lugos001,KCA,LAN,LAN202406150,2024-06-15,0,0,18,4,25,1,6,2
lugos001,KCA,OAK,OAK202406200,2024-06-20,0,0,20,8,26,3,6,2
lugos001,KCA,MIA,KCA202406250,2024-06-25,0,1,18,8,22,2,2,0
lugos001,KCA,CLE,KCA202406300,2024-06-30,0,1,18,10,23,1,4,0
lugos001,KCA,COL,COL202407060,2024-07-06,0,0,18,5,25,2,5,2
lugos001,KCA,BOS,BOS202407130,2024-07-13,0,0,15,6,25,1,10,5
lugos001,KCA,CHA,KCA202407210,2024-07-21,0,1,27,6,30,0,3,1
lugos001,KCA,CHN,KCA202407270,2024-07-27,0,1,19,2,26,2,5,6
lugos001,KCA,DET,DET202408010,2024-08-01,0,0,24,3,28,1,4,1
lugos001,KCA,BOS,KCA202408060,2024-08-06,0,1,16,4,27,4,6,4
lugos001,KCA,MIN,MIN202408130,2024-08-13,0,0,12,4,24,2,9,7
lugos001,KCA,ANA,KCA202408190,2024-08-19,0,1,21,8,28,3,4,2
lugos001,KCA,PHI,KCA202408250,2024-08-25,0,1,16,3,27,1,11,5
lugos001,KCA,HOU,HOU202408300,2024-08-30,0,0,21,9,28,1,6,1
lugos001,KCA,CLE,KCA202409040,2024-09-04,0,1,21,4,24,1,6,1
lugos001,KCA,NYA,NYA202409100,2024-09-10,0,0,21,10,24,0,3,0
lugos001,KCA,DET,KCA202409160,2024-09-16,0,1,14,4,24,2,8,4
lugos001,KCA,SFN,KCA202409220,2024-09-22,0,1,21,5,25,0,3,2
lugos001,KCA,ATL,ATL202409280,2024-09-28,0,0,6,3,8,1,1,0
lugos001,KCA,CLE,KCA202503290,2025-03-29,0,1,15,4,20,3,4,3
lugos001,KCA,BAL,KCA202504040,2025-04-04,0,1,18,2,23,1,5,1
lugos001,KCA,MIN,KCA202504090,2025-04-09,0,1,17,6,23,3,5,2
lugos001,KCA,NYA,NYA202504140,2025-04-14,0,0,20,4,28,2,7,4
lugos001,KCA,DET,DET202504190,2025-04-19,0,0,20,5,27,2,5,3
lugos001,KCA,HOU,KCA202504250,2025-04-25,0,1,24,8,27,1,3,0
lugos001,KCA,TBA,TBA202505010,2025-05-01,0,0,18,5,23,0,5,2
lugos001,KCA,CHA,KCA202505060,2025-05-06,0,1,20,3,29,3,7,1
lugos001,KCA,BOS,KCA202505110,2025-05-11,0,1,18,5,22,0,6,3
lugos001,KCA,DET,KCA202505300,2025-05-30,0,1,10,3,17,2,5,4
lugos001,KCA,CHA,CHA202506060,2025-06-06,0,0,15,5,21,2,5,2
lugos001,KCA,NYA,KCA202506120,2025-06-12,0,1,17,2,21,3,2,0
lugos001,KCA,TEX,TEX202506170,2025-06-17,0,0,18,9,24,1,3,1
lugos001,KCA,SDN,SDN202506220,2025-06-22,0,0,19,7,21,0,2,1
lugos001,KCA,LAN,KCA202506280,2025-06-28,0,1,17,8,26,5,4,0
lugos001,KCA,SEA,SEA202507030,2025-07-03,0,0,19,7,27,2,6,1
lugos001,KCA,PIT,KCA202507080,2025-07-08,0,1,18,5,22,1,4,2
lugos001,KCA,MIA,MIA202507180,2025-07-18,0,0,18,5,26,0,8,5
lugos001,KCA,CHN,CHN202507230,2025-07-23,0,0,18,6,24,2,4,2
lugos001,KCA,ATL,KCA202507290,2025-07-29,0,1,17,5,27,4,7,3
lugos001,KCA,TOR,TOR202508030,2025-08-03,0,0,14,3,20,4,4,2
lugos001,KCA,MIN,MIN202508080,2025-08-08,0,0,12,1,23,2,9,7
lugos001,KCA,WAS,KCA202508130,2025-08-13,0,1,12,2,23,4,6,6
lugos001,KCA,TEX,KCA202508190,2025-08-19,0,1,19,5,24,2,3,2
lugos001,KCA,DET,DET202508240,2025-08-24,0,0,13,5,21,2,6,6
lugos001,KCA,DET,KCA202508290,2025-08-29,0,1,10,5,22,4,8,4
luzaj001,MIA,PIT,MIA202403280,2024-03-28,0,1,15,8,19,2,2,2
luzaj001,MIA,ANA,MIA202404020,2024-04-02,0,1,16,5,20,2,4,3
luzaj001,MIA,NYA,NYA202404080,2024-04-08,0,0,14,4,26,5,8,7
luzaj001,MIA,ATL,MIA202404140,2024-04-14,0,1,15,4,23,1,7,5
luzaj001,MIA,CHN,CHN202404201,2024-04-20,1,0,18,6,24,3,3,2
luzaj001,MIA,PHI,MIA202405110,2024-05-11,0,1,17,8,21,1,4,2
luzaj001,MIA,NYN,MIA202405170,2024-05-17,0,1,18,7,23,0,5,0
luzaj001,MIA,MIL,MIA202405220,2024-05-22,0,1,24,4,26,0,3,0
luzaj001,MIA,SDN,SDN202405280,2024-05-28,0,0,18,4,26,2,7,3
luzaj001,MIA,TBA,MIA202406040,2024-06-04,0,1,13,2,23,2,9,9
luzaj001,MIA,NYN,NYN202406110,2024-06-11,0,0,17,4,23,1,4,2
luzaj001,MIA,WAS,WAS202406160,2024-06-16,0,0,15,2,20,3,5,2
luzaj001,PHI,WAS,WAS202503290,2025-03-29,0,0,15,11,22,2,5,2
luzaj001,PHI,LAN,PHI202504040,2025-04-04,0,1,21,8,24,2,2,0
luzaj001,PHI,ATL,ATL202504100,2025-04-10,0,0,18,6,23,1,6,1
luzaj001,PHI,SFN,PHI202504150,2025-04-15,0,1,16,4,22,2,5,3
luzaj001,PHI,MIA,PHI202504200,2025-04-20,0,1,21,7,29,0,8,1
luzaj001,PHI,CHN,CHN202504260,2025-04-26,0,0,18,5,25,3,3,0
luzaj001,PHI,ARI,PHI202505020,2025-05-02,0,1,16,6,25,1,9,2
luzaj001,PHI,TBA,TBA202505080,2025-05-08,0,0,16,4,22,2,6,2
luzaj001,PHI,SLN,PHI202505141,2025-05-14,1,1,21,6,27,2,5,1
luzaj001,PHI,COL,COL202505200,2025-05-20,0,0,18,10,23,3,2,1
luzaj001,PHI,ATH,ATH202505250,2025-05-25,0,0,21,10,31,1,9,3
luzaj001,PHI,MIL,PHI202505310,2025-05-31,0,1,10,4,23,3,12,12
luzaj001,PHI,TOR,TOR202506050,2025-06-05,0,0,7,2,18,2,9,8
luzaj001,PHI,CHN,PHI202506110,2025-06-11,0,1,18,10,23,0,5,1
luzaj001,PHI,MIA,MIA202506170,2025-06-17,0,0,15,4,24,4,6,4
luzaj001,PHI,NYN,PHI202506220,2025-06-22,0,1,20,7,24,1,3,0
luzaj001,PHI,ATL,ATL202506280,2025-06-28,0,0,15,7,23,3,7,2
luzaj001,PHI,CIN,PHI202507040,2025-07-04,0,1,6,4,15,3,6,5
luzaj001,PHI,SFN,SFN202507090,2025-07-09,0,0,21,7,24,1,3,0
luzaj001,PHI,ANA,PHI202507180,2025-07-18,0,1,14,7,22,2,7,4
luzaj001,PHI,BOS,PHI202507230,2025-07-23,0,1,15,7,22,5,2,6
luzaj001,PHI,CHA,CHA202507290,2025-07-29,0,0,21,4,26,1,2,0
luzaj001,PHI,BAL,PHI202508040,2025-08-04,0,1,18,7,23,0,5,3
luzaj001,PHI,TEX,TEX202508090,2025-08-09,0,0,18,4,24,1,7,1
luzaj001,PHI,WAS,WAS202508140,2025-08-14,0,0,18,7,24,3,4,3
luzaj001,PHI,SEA,PHI202508200,2025-08-20,0,1,18,12,21,0,3,1
luzaj001,PHI,NYN,NYN202508260,2025-08-26,0,0,12,5,21,3,5,4
luzaj001,PHI,ATL,PHI202508310,2025-08-31,0,1,20,7,23,1,2,0
luzaj001,PHI,MIA,MIA202509060,2025-09-06,0,0,18,8,26,4,5,2
luzaj001,PHI,NYN,PHI202509110,2025-09-11,0,1,24,10,28,0,5,4
luzaj001,PHI,LAN,LAN202509170,2025-09-17,0,0,21,6,28,1,6,4
luzaj001,PHI,MIA,PHI202509240,2025-09-24,0,1,21,10,23,0,3,0
lyncd001,KCA,TEX,KCA202405050,2024-05-05,0,1,15,6,19,2,2,0
lyncd001,KCA,MIN,MIN202405300,2024-05-30,0,0,15,2,22,0,5,2
lyncd001,KCA,SEA,KCA202406070,2024-06-07,0,1,12,4,24,4,6,8
lyncd001,KCA,SFN,SFN202505210,2025-05-21,0,0,5,2,9,3,1,0
lyncd001,KCA,CIN,KCA202505270,2025-05-27,0,1,8,4,10,1,3,1
lynnl001,SLN,LAN,LAN202403300,2024-03-30,0,0,12,5,17,1,4,0
lynnl001,SLN,MIA,SLN202404040,2024-04-04,0,1,14,7,23,1,8,4
lynnl001,SLN,PHI,SLN202404100,2024-04-10,0,1,15,6,21,4,1,0
lynnl001,SLN,OAK,OAK202404160,2024-04-16,0,0,21,1,27,1,5,1
lynnl001,SLN,ARI,SLN202404220,2024-04-22,0,1,15,7,26,3,7,3
lynnl001,SLN,NYN,NYN202404280,2024-04-28,0,0,15,3,22,3,5,1
lynnl001,SLN,CHA,SLN202405040,2024-05-04,0,1,15,4,22,3,4,4
lynnl001,SLN,MIL,MIL202405100,2024-05-10,0,0,14,5,20,2,5,4
lynnl001,SLN,ANA,ANA202405150,2024-05-15,0,0,15,5,24,2,8,4
lynnl001,SLN,BAL,SLN202405210,2024-05-21,0,1,18,5,22,0,2,0
lynnl001,SLN,CIN,CIN202405270,2024-05-27,0,0,18,5,25,3,5,1
lynnl001,SLN,PHI,PHI202406020,2024-06-02,0,0,12,4,20,2,3,0
lynnl001,SLN,COL,SLN202406070,2024-06-07,0,1,12,6,20,2,6,4
lynnl001,SLN,PIT,SLN202406130,2024-06-13,0,1,13,5,20,3,4,3
lynnl001,SLN,MIA,MIA202406180,2024-06-18,0,0,16,5,27,0,10,5
lynnl001,SLN,ATL,SLN202406240,2024-06-24,0,1,20,5,23,0,4,1
lynnl001,SLN,CIN,SLN202406300,2024-06-30,0,1,18,6,21,1,2,0
lynnl001,SLN,WAS,WAS202407060,2024-07-06,0,0,8,2,22,4,9,10
lynnl001,SLN,CHN,SLN202407131,2024-07-13,1,1,18,6,24,2,5,2
lynnl001,SLN,PIT,PIT202407230,2024-07-23,0,0,15,2,22,3,4,0
lynnl001,SLN,TEX,SLN202407300,2024-07-30,0,1,15,3,19,1,3,1
lynnl001,SLN,CIN,SLN202409110,2024-09-11,0,1,15,7,21,1,5,1
lynnl001,SLN,PIT,SLN202409170,2024-09-17,0,1,18,5,23,2,4,1
maddt001,DET,CHA,CHA202408260,2024-08-26,0,0,15,2,22,3,4,1
maedk001,DET,CHA,CHA202403300,2024-03-30,0,0,10,2,17,1,7,6
maedk001,DET,OAK,DET202404060,2024-04-06,0,1,17,3,22,4,2,3
maedk001,DET,MIN,DET202404131,2024-04-13,1,1,18,5,24,0,5,1
maedk001,DET,TEX,DET202404180,2024-04-18,0,1,8,2,17,2,7,5
maedk001,DET,TBA,TBA202404230,2024-04-23,0,0,15,5,20,0,3,0
maedk001,DET,SLN,DET202405010,2024-05-01,0,1,18,5,20,0,4,1
maedk001,DET,CLE,CLE202405070,2024-05-07,0,0,6,1,14,3,5,7
maedk001,DET,TOR,DET202405240,2024-05-24,0,1,15,1,18,0,4,0
maedk001,DET,BOS,BOS202405310,2024-05-31,0,0,14,6,23,2,8,5
maedk001,DET,TEX,TEX202406050,2024-06-05,0,0,0,0,0,0,0,0
maedk001,DET,WAS,DET202406110,2024-06-11,0,1,12,5,16,4,1,1
maedk001,DET,HOU,HOU202406160,2024-06-16,0,0,15,1,20,2,5,4
maedk001,DET,CHA,DET202406220,2024-06-22,0,1,14,5,22,0,8,3
maedk001,DET,ANA,ANA202406280,2024-06-28,0,0,16,4,21,1,6,2
maedk001,DET,MIN,MIN202407040,2024-07-04,0,0,11,3,23,3,9,9
maedk001,DET,CLE,DET202407090,2024-07-09,0,1,8,2,15,1,7,6
maedk001,DET,CHA,DET202409290,2024-09-29,0,1,14,5,21,1,5,5
mahlt001,TEX,HOU,TEX202408060,2024-08-06,0,1,15,2,21,1,5,1
mahlt001,TEX,BOS,BOS202408120,2024-08-12,0,0,14,7,21,3,3,2
mahlt001,TEX,MIN,TEX202408180,2024-08-18,0,1,9,1,14,0,6,4
mahlt001,TEX,BOS,TEX202503290,2025-03-29,0,1,5,3,11,4,2,1
mahlt001,TEX,TBA,TEX202504040,2025-04-04,0,1,15,5,18,2,1,0
mahlt001,TEX,CHN,CHN202504090,2025-04-09,0,0,21,4,24,1,2,1
mahlt001,TEX,ANA,TEX202504150,2025-04-15,0,1,18,9,22,2,3,0
mahlt001,TEX,LAN,TEX202504200,2025-04-20,0,1,21,4,26,3,2,0
mahlt001,TEX,SFN,SFN202504260,2025-04-26,0,0,15,1,21,1,8,2
mahlt001,TEX,ATH,TEX202505010,2025-05-01,0,1,18,6,24,1,5,1
mahlt001,TEX,BOS,BOS202505070,2025-05-07,0,0,15,0,20,1,4,2
mahlt001,TEX,COL,TEX202505120,2025-05-12,0,1,19,5,23,1,4,1
mahlt001,TEX,HOU,TEX202505170,2025-05-17,0,1,18,3,24,2,5,1
mahlt001,TEX,CHA,CHA202505230,2025-05-23,0,0,15,3,22,3,5,3
mahlt001,TEX,TOR,TEX202505280,2025-05-28,0,1,18,5,24,3,4,0
mahlt001,TEX,TBA,TBA202506030,2025-06-03,0,0,16,5,23,2,5,4
mahlt001,TEX,MIN,MIN202506100,2025-06-10,0,0,17,3,26,1,10,4
mahlt001,TEX,MIA,TEX202509190,2025-09-19,0,1,14,6,19,1,4,0
mahlt001,TEX,MIN,TEX202509250,2025-09-25,0,1,15,4,19,1,5,1
malda001,MIA,WAS,MIA202404260,2024-04-26,0,1,9,2,11,0,3,0
manas001,NYN,DET,NYN202404010,2024-04-01,0,1,18,8,20,2,1,0
manas001,NYN,CIN,CIN202404070,2024-04-07,0,0,15,6,21,2,3,1
manas001,NYN,KCA,NYN202404130,2024-04-13,0,1,11,4,24,3,9,6
manas001,NYN,LAN,LAN202404190,2024-04-19,0,0,15,3,21,3,4,2
manas001,NYN,SFN,SFN202404240,2024-04-24,0,0,14,6,21,4,4,0
manas001,NYN,CHN,NYN202404300,2024-04-30,0,1,15,3,21,4,3,1
manas001,NYN,SLN,SLN202405060,2024-05-06,0,0,18,1,24,1,6,3
manas001,NYN,PHI,NYN202405130,2024-05-13,0,1,18,6,23,1,4,1
manas001,NYN,MIA,MIA202405190,2024-05-19,0,0,15,4,21,1,5,2
manas001,NYN,SFN,NYN202405260,2024-05-26,0,1,15,6,21,1,5,2
manas001,NYN,ARI,NYN202406010,2024-06-01,0,1,17,10,25,2,6,5
manas001,NYN,PHI,NYN202406080,2024-06-08,0,1,11,3,19,1,7,6
manas001,NYN,SDN,NYN202406140,2024-06-14,0,1,15,7,19,1,4,1
manas001,NYN,TEX,TEX202406190,2024-06-19,0,0,17,6,23,3,2,3
manas001,NYN,NYA,NYN202406260,2024-06-26,0,1,15,3,19,5,2,0
manas001,NYN,WAS,WAS202407020,2024-07-02,0,0,21,5,29,2,5,1
manas001,NYN,PIT,PIT202407070,2024-07-07,0,0,18,6,22,3,2,0
manas001,NYN,COL,NYN202407120,2024-07-12,0,1,21,9,27,1,5,3
manas001,NYN,MIA,MIA202407190,2024-07-19,0,0,15,1,24,1,8,5
manas001,NYN,NYA,NYA202407240,2024-07-24,0,0,14,4,22,4,3,2
manas001,NYN,MIN,NYN202407300,2024-07-30,0,1,21,11,24,1,2,0
manas001,NYN,SLN,SLN202408050,2024-08-05,0,0,21,10,28,0,6,0
manas001,NYN,SEA,SEA202408100,2024-08-10,0,0,9,3,18,5,4,3
manas001,NYN,MIA,NYN202408160,2024-08-16,0,1,21,4,27,1,5,3
manas001,NYN,BAL,NYN202408210,2024-08-21,0,1,21,9,25,0,3,3
manas001,NYN,ARI,ARI202408270,2024-08-27,0,0,20,11,25,0,4,3
manas001,NYN,CHA,CHA202409010,2024-09-01,0,0,21,5,24,2,2,0
manas001,NYN,CIN,NYN202409060,2024-09-06,0,1,20,9,24,2,3,4
manas001,NYN,TOR,TOR202409110,2024-09-11,0,0,20,8,27,4,3,1
manas001,NYN,WAS,NYN202409160,2024-09-16,0,1,21,6,25,1,4,1
manas001,NYN,PHI,NYN202409210,2024-09-21,0,1,21,6,24,0,3,3
manas001,NYN,MIL,MIL202409270,2024-09-27,0,0,11,1,21,2,7,5
manas001,NYN,CIN,NYN202507180,2025-07-18,0,1,12,6,16,2,1,1
manas001,NYN,ANA,NYN202507230,2025-07-23,0,1,15,5,19,2,2,1
manas001,NYN,SDN,SDN202507290,2025-07-29,0,0,15,4,18,0,3,1
manas001,NYN,CLE,NYN202508040,2025-08-04,0,1,17,3,26,0,7,5
manas001,NYN,MIL,MIL202508100,2025-08-10,0,0,12,5,20,2,6,4
manas001,NYN,SEA,NYN202508150,2025-08-15,0,1,15,7,23,1,6,4
manas001,NYN,WAS,WAS202508210,2025-08-21,0,0,14,8,22,1,3,4
manas001,NYN,PHI,NYN202508260,2025-08-26,0,1,14,8,19,0,6,2
manas001,NYN,DET,DET202509010,2025-09-01,0,0,11,6,20,1,8,5
manas001,NYN,PHI,PHI202509090,2025-09-09,0,0,15,5,21,1,5,4
manas001,NYN,WAS,NYN202509210,2025-09-21,0,1,9,3,13,0,4,3
manas001,NYN,MIA,MIA202509280,2025-09-28,0,0,5,3,7,2,0,0
mannm001,DET,NYN,NYN202404042,2024-04-04,2,0,17,3,21,4,0,0
mannm001,DET,MIN,DET202404132,2024-04-13,2,1,20,7,27,2,5,4
mannm001,DET,SLN,DET202404302,2024-04-30,2,1,14,7,23,2,7,4
mannm001,DET,MIA,DET202405130,2024-05-13,0,1,17,5,26,1,9,3
mannm001,DET,ARI,ARI202405190,2024-05-19,0,0,15,1,26,3,10,4
manoa001,TOR,WAS,WAS202405050,2024-05-05,0,0,12,6,24,4,6,6
manoa001,TOR,MIN,TOR202405120,2024-05-12,0,1,21,6,26,1,4,0
manoa001,TOR,TBA,TOR202405190,2024-05-19,0,1,21,7,25,1,1,0
manoa001,TOR,DET,DET202405240,2024-05-24,0,0,14,4,22,2,5,4
manoa001,TOR,CHA,CHA202405290,2024-05-29,0,0,5,3,6,0,1,0
mantj002,ARI,LAN,LAN202405200,2024-05-20,0,0,3,0,3,0,0,0
mantj002,ARI,LAN,LAN202407020,2024-07-02,0,0,2,0,3,0,1,1
marqg001,COL,NYN,NYN202407140,2024-07-14,0,0,12,3,20,4,5,3
marqg001,COL,PHI,PHI202503310,2025-03-31,0,0,18,4,22,0,4,0
marqg001,COL,ATH,COL202504050,2025-04-05,0,1,15,3,23,6,5,3
marqg001,COL,SDN,SDN202504110,2025-04-11,0,0,14,3,22,1,7,5
marqg001,COL,LAN,LAN202504160,2025-04-16,0,0,2,1,10,1,6,7
marqg001,COL,KCA,KCA202504241,2025-04-24,1,0,12,3,23,3,8,6
marqg001,COL,ATL,COL202504290,2025-04-29,0,1,16,1,27,1,11,7
marqg001,COL,SFN,SFN202505040,2025-05-04,0,0,13,3,19,0,6,5
marqg001,COL,SDN,COL202505110,2025-05-11,0,1,21,2,25,1,3,1
marqg001,COL,ARI,ARI202505170,2025-05-17,0,0,9,1,22,3,7,5
marqg001,COL,PHI,COL202505220,2025-05-22,0,1,21,5,26,2,4,1
marqg001,COL,CHN,CHN202505270,2025-05-27,0,0,18,6,26,1,7,2
marqg001,COL,MIA,MIA202506020,2025-06-02,0,0,15,6,26,2,9,3
marqg001,COL,NYN,COL202506070,2025-06-07,0,1,15,3,25,0,8,4
marqg001,COL,ATL,ATL202506130,2025-06-13,0,0,15,7,21,1,6,1
marqg001,COL,WAS,WAS202506180,2025-06-18,0,0,17,2,24,2,6,0
marqg001,COL,LAN,COL202506240,2025-06-24,0,1,12,6,21,0,6,0
marqg001,COL,MIL,MIL202506290,2025-06-29,0,0,17,5,22,3,3,2
marqg001,COL,CHA,COL202507050,2025-07-05,0,1,18,2,29,1,11,6
marqg001,COL,CIN,CIN202507110,2025-07-11,0,0,18,8,25,3,5,1
marqg001,COL,MIN,COL202507200,2025-07-20,0,1,9,2,16,4,4,3
marqg001,COL,CHN,COL202508290,2025-08-29,0,1,13,0,24,3,9,8
marqg001,COL,SFN,COL202509030,2025-09-03,0,1,15,2,24,3,8,4
marqg001,COL,LAN,LAN202509090,2025-09-09,0,0,15,2,22,1,6,5
marqg001,COL,SDN,SDN202509140,2025-09-14,0,0,7,0,19,2,10,7
marqg001,COL,ANA,COL202509200,2025-09-20,0,1,21,5,26,1,4,2
marqg001,COL,SFN,SFN202509260,2025-09-26,0,0,13,1,22,3,5,6
marsa001,KCA,BAL,BAL202404020,2024-04-02,0,0,21,5,24,1,2,1
marsa001,KCA,CHA,KCA202404070,2024-04-07,0,1,14,3,23,1,8,3
marsa001,KCA,NYN,NYN202404130,2024-04-13,0,0,15,2,21,1,5,4
marsa001,KCA,BAL,KCA202404190,2024-04-19,0,1,17,6,22,2,3,0
marsa001,KCA,TOR,KCA202404240,2024-04-24,0,1,13,1,17,2,2,0
marsa001,KCA,ANA,ANA202405100,2024-05-10,0,0,16,7,23,2,4,1
marsa001,KCA,SEA,SEA202405150,2024-05-15,0,0,15,7,20,1,5,1
marsa001,KCA,DET,KCA202405210,2024-05-21,0,1,18,5,25,2,5,3
marsa001,KCA,MIN,MIN202405270,2024-05-27,0,0,21,7,27,2,5,5
marsa001,KCA,SDN,KCA202406010,2024-06-01,0,1,15,3,24,3,7,5
marsa001,KCA,SEA,KCA202406080,2024-06-08,0,1,15,8,22,0,7,4
marsa001,KCA,NYA,KCA202406130,2024-06-13,0,1,21,7,23,2,1,0
marsa001,KCA,OAK,OAK202406180,2024-06-18,0,0,9,4,18,2,7,7
marsa001,KCA,TEX,TEX202406230,2024-06-23,0,0,17,4,28,2,8,3
marsa001,KCA,CLE,KCA202406280,2024-06-28,0,1,18,5,21,2,4,1
marsa001,KCA,TBA,KCA202407040,2024-07-04,0,1,9,1,17,3,6,5
marsa001,KCA,SLN,SLN202407101,2024-07-10,1,0,18,8,22,1,3,3
marsa001,KCA,ARI,KCA202407230,2024-07-23,0,1,15,6,22,2,5,5
marsa001,KCA,CHA,CHA202407290,2024-07-29,0,0,14,3,21,1,6,2
marsa001,KCA,CLE,CLE202408262,2024-08-26,2,0,14,2,21,1,5,2
marsa001,KCA,HOU,HOU202409010,2024-09-01,0,0,15,5,19,1,4,3
marsa001,KCA,MIN,KCA202409070,2024-09-07,0,1,15,5,21,0,4,2
marsa001,KCA,PIT,PIT202409130,2024-09-13,0,0,16,11,23,2,5,1
marsa001,KCA,DET,KCA202409180,2024-09-18,0,1,8,5,18,3,5,3
marsa001,KCA,ATL,ATL202409290,2024-09-29,0,0,15,2,21,0,5,1
martd006,CHA,MIN,MIN202408020,2024-08-02,0,0,11,5,19,3,6,4
martd006,CHA,OAK,OAK202408070,2024-08-07,0,0,18,4,21,1,2,0
martd006,CHA,NYA,CHA202408140,2024-08-14,0,1,17,5,24,3,4,1
martd006,CHA,SFN,SFN202408200,2024-08-20,0,0,13,5,19,2,4,2
martd006,CHA,DET,CHA202408260,2024-08-26,0,1,15,4,23,1,7,1
martd006,CHA,NYN,CHA202408310,2024-08-31,0,1,15,6,21,1,5,4
martd006,CHA,BOS,BOS202409060,2024-09-06,0,0,18,3,24,1,3,1
martd006,CHA,CLE,CHA202409110,2024-09-11,0,1,9,4,15,1,6,5
martd006,CHA,ANA,ANA202409170,2024-09-17,0,0,15,4,22,2,7,3
martd006,CHA,ANA,CHA202409250,2024-09-25,0,1,11,4,18,5,3,2
martd006,CHA,ANA,CHA202503300,2025-03-30,0,1,18,2,23,2,4,0
martd006,CHA,DET,DET202504050,2025-04-05,0,0,15,2,26,2,9,7
martd006,CHA,BOS,CHA202504110,2025-04-11,0,1,18,6,25,1,6,1
martd006,CHA,ATH,CHA202504170,2025-04-17,0,1,16,3,25,1,8,4
martd006,CHA,MIN,MIN202504220,2025-04-22,0,0,15,3,22,3,3,0
martd006,CHA,HOU,CHA202505030,2025-05-03,0,1,15,5,22,0,8,3
martd006,CHA,KCA,KCA202505080,2025-05-08,0,0,13,2,21,1,7,4
martd006,CHA,CIN,CIN202505140,2025-05-14,0,0,20,5,26,0,7,1
martd006,CHA,SEA,CHA202505190,2025-05-19,0,1,22,3,27,1,4,2
martd006,CHA,TEX,CHA202505250,2025-05-25,0,1,18,2,24,3,4,2
martd006,CHA,BAL,BAL202505310,2025-05-31,0,0,18,3,23,1,5,4
martd006,CHA,KCA,CHA202506060,2025-06-06,0,1,18,7,23,0,5,2
martd006,CHA,HOU,HOU202506120,2025-06-12,0,0,18,5,27,2,7,4
martd006,CHA,TBA,TBA202507220,2025-07-22,0,0,15,3,20,4,3,3
martd006,CHA,PHI,CHA202507280,2025-07-28,0,1,17,7,25,3,6,2
martd006,CHA,SEA,SEA202508050,2025-08-05,0,0,15,5,24,2,7,5
martd006,CHA,CLE,CHA202508100,2025-08-10,0,1,15,2,24,3,5,3
martd006,CHA,KCA,KCA202508170,2025-08-17,0,0,18,4,21,3,1,0
martd006,CHA,MIN,CHA202508230,2025-08-23,0,1,15,6,20,1,5,2
martd006,CHA,NYA,CHA202508280,2025-08-28,0,1,11,5,18,3,4,3
martd006,CHA,MIN,MIN202509020,2025-09-02,0,0,18,4,26,3,6,3
martd006,CHA,DET,DET202509070,2025-09-07,0,0,16,3,22,3,2,2
martd006,CHA,CLE,CLE202509130,2025-09-13,0,0,15,3,21,1,5,2
martd006,CHA,SDN,CHA202509190,2025-09-19,0,1,18,4,25,1,6,3
martd006,CHA,NYA,NYA202509250,2025-09-25,0,0,13,5,21,2,6,3
martn002,CIN,WAS,CIN202403310,2024-03-31,0,1,15,3,23,1,6,3
martn002,CIN,NYN,CIN202404060,2024-04-06,0,1,15,6,25,1,8,5
martn002,CIN,PHI,CIN202404250,2024-04-25,0,1,18,3,27,0,11,5
martn002,CIN,SDN,SDN202404300,2024-04-30,0,0,15,3,25,1,6,3
martn002,CIN,SDN,CIN202405220,2024-05-22,0,1,14,2,21,1,8,5
martn002,CIN,MIA,MIA202408050,2024-08-05,0,0,15,5,20,0,4,0
martn002,CIN,MIL,MIL202408100,2024-08-10,0,0,21,7,22,0,1,0
martn002,CIN,KCA,CIN202408160,2024-08-16,0,1,18,4,26,0,8,3
martn002,CIN,TOR,TOR202408210,2024-08-21,0,0,13,3,22,3,6,6
martn002,CIN,PIT,PIT202408250,2024-08-25,0,0,9,1,13,0,5,1
martn002,CIN,MIL,CIN202408301,2024-08-30,1,1,16,3,23,1,7,4
martn002,CIN,HOU,CIN202409040,2024-09-04,0,1,17,7,26,3,6,1
martn002,CIN,ATL,ATL202409090,2024-09-09,0,0,21,5,24,1,2,0
martn002,CIN,MIN,MIN202409140,2024-09-14,0,0,18,6,22,0,3,1
martn002,CIN,PIT,CIN202409200,2024-09-20,0,1,18,9,20,0,2,0
martn002,CIN,CHN,CHN202409270,2024-09-27,0,0,24,3,27,0,5,1
martn002,CIN,SFN,CIN202503300,2025-03-30,0,1,18,5,23,1,4,4
martn002,CIN,MIL,MIL202504040,2025-04-04,0,0,14,2,21,2,5,3
martn002,CIN,SFN,SFN202504090,2025-04-09,0,0,17,8,25,1,7,4
martn002,CIN,SEA,CIN202504160,2025-04-16,0,1,14,4,24,3,7,3
martn002,CIN,MIA,MIA202504220,2025-04-22,0,0,17,4,22,2,5,2
martn002,CIN,SLN,CIN202504280,2025-04-28,0,1,18,3,22,2,5,1
martn002,CIN,WAS,CIN202505040,2025-05-04,0,1,18,6,22,0,4,1
martn002,CIN,HOU,HOU202505090,2025-05-09,0,0,18,5,26,0,10,3
martn002,CIN,CHA,CIN202505150,2025-05-15,0,1,21,3,23,0,2,0
martn002,CIN,PIT,PIT202505200,2025-05-20,0,0,18,3,22,2,4,1
martn002,CIN,KCA,KCA202505260,2025-05-26,0,0,21,2,26,0,6,3
martn002,CIN,CHN,CHN202506010,2025-06-01,0,0,14,2,23,2,7,5
martn002,CIN,ARI,CIN202506070,2025-06-07,0,1,18,6,24,1,6,1
martn002,CIN,DET,DET202506130,2025-06-13,0,0,15,5,25,2,8,4
martn002,CIN,MIN,CIN202506190,2025-06-19,0,1,8,4,17,1,7,7
martn002,CIN,SDN,CIN202506270,2025-06-27,0,1,24,6,27,2,1,1
martn002,CIN,BOS,BOS202507020,2025-07-02,0,0,20,2,27,0,9,4
martn002,CIN,MIA,CIN202507080,2025-07-08,0,1,15,2,25,3,7,10
martn002,CIN,COL,CIN202507130,2025-07-13,0,1,16,3,22,1,5,2
martn002,CIN,NYN,NYN202507190,2025-07-19,0,0,15,5,23,2,6,2
martn002,CIN,TBA,CIN202507250,2025-07-25,0,1,15,5,21,2,4,2
martn002,CIN,LAN,CIN202507300,2025-07-30,0,1,18,7,23,2,4,2
martn002,CIN,PIT,PIT202508090,2025-08-09,0,0,21,4,26,2,4,1
martn002,CIN,MIL,CIN202508150,2025-08-15,0,1,8,1,16,0,9,5
martn002,CIN,ANA,ANA202508200,2025-08-20,0,0,18,7,23,1,2,1
martn002,CIN,LAN,LAN202508260,2025-08-26,0,0,16,3,24,2,7,4
mattz001,MIN,KCA,MIN202408130,2024-08-13,0,1,15,5,20,0,5,2
mattz001,MIN,SDN,SDN202408190,2024-08-19,0,0,15,1,23,2,4,2
mattz001,MIN,SLN,MIN202408250,2024-08-25,0,1,15,7,19,0,4,1
mattz001,MIN,TOR,MIN202408310,2024-08-31,0,1,6,5,17,0,10,9
mattz001,MIN,KCA,KCA202409060,2024-09-06,0,0,15,4,25,1,9,4
mattz001,MIN,ANA,MIN202409110,2024-09-11,0,1,10,5,17,2,5,2
mattz001,MIN,CLE,CLE202409170,2024-09-17,0,0,14,5,19,1,5,1
mattz001,MIN,BOS,BOS202409222,2024-09-22,2,0,14,6,18,2,2,1
mattz001,MIN,BAL,MIN202409280,2024-09-28,0,1,9,5,19,3,7,6
mattz001,MIN,MIL,MIL202505180,2025-05-18,0,0,9,5,17,3,5,4
mattz001,MIN,KCA,MIN202505240,2025-05-24,0,1,12,9,18,1,5,2
mattz001,MIN,SEA,SEA202505300,2025-05-30,0,0,21,7,27,1,6,4
mattz001,MIN,ATH,ATH202506040,2025-06-04,0,0,15,4,21,3,4,1
mattz001,MIN,COL,COL202507190,2025-07-19,0,0,12,6,21,1,8,5
mattz001,MIN,WAS,MIN202507250,2025-07-25,0,1,18,7,20,0,2,0
mattz001,MIN,BOS,MIN202507300,2025-07-30,0,1,13,4,21,0,8,5
mattz001,MIN,DET,DET202508050,2025-08-05,0,0,15,6,21,1,5,1
mattz001,MIN,NYA,NYA202508110,2025-08-11,0,0,17,9,24,1,6,3
mattz001,MIN,DET,MIN202508160,2025-08-16,0,1,12,6,21,4,5,2
mattz001,MIN,CHA,CHA202508220,2025-08-22,0,0,14,4,24,3,8,4
mattz001,MIN,SDN,MIN202508290,2025-08-29,0,1,18,3,24,0,7,2
mattz001,MIN,CHA,MIN202509030,2025-09-03,0,1,18,5,23,2,3,1
mattz001,MIN,ANA,ANA202509090,2025-09-09,0,0,14,5,23,2,7,5
mattz001,MIN,NYA,MIN202509160,2025-09-16,0,1,9,2,22,2,11,9
mattz001,MIN,TEX,TEX202509230,2025-09-23,0,0,21,6,27,0,4,1
matzs001,SLN,LAN,LAN202403310,2024-03-31,0,0,16,3,22,2,5,2
matzs001,SLN,MIA,SLN202404060,2024-04-06,0,1,15,3,19,1,4,0
matzs001,SLN,ARI,ARI202404120,2024-04-12,0,0,14,2,21,0,8,1
matzs001,SLN,OAK,OAK202404170,2024-04-17,0,0,15,4,25,3,7,5
matzs001,SLN,ARI,SLN202404230,2024-04-23,0,1,13,4,22,3,6,7
matzs001,SLN,DET,DET202404302,2024-04-30,2,0,10,1,18,2,7,4
matzs001,SLN,MIL,MIL202409030,2024-09-03,0,0,14,7,18,1,3,3
matzs001,SLN,HOU,SLN202504160,2025-04-16,0,1,15,5,17,0,2,1
matzs001,SLN,CIN,CIN202504302,2025-04-30,2,0,12,6,17,0,5,0
may-d003,LAN,ATL,LAN202504010,2025-04-01,0,1,15,6,18,3,1,0
may-d003,LAN,WAS,WAS202504070,2025-04-07,0,0,18,1,25,3,3,1
may-d003,LAN,COL,LAN202504140,2025-04-14,0,1,18,7,22,0,3,1
may-d003,LAN,CHN,CHN202504220,2025-04-22,0,0,15,5,27,3,10,7
may-d003,LAN,MIA,LAN202504280,2025-04-28,0,1,16,3,22,3,5,3
may-d003,LAN,ATL,ATL202505040,2025-05-04,0,0,17,6,25,2,5,4
may-d003,LAN,ARI,ARI202505100,2025-05-10,0,0,20,5,27,1,7,2
may-d003,LAN,ANA,LAN202505160,2025-05-16,0,1,15,8,24,2,6,4
may-d003,LAN,ARI,LAN202505210,2025-05-21,0,1,18,8,24,1,5,1
may-d003,LAN,CLE,CLE202505270,2025-05-27,0,0,15,9,20,2,4,3
may-d003,LAN,NYN,LAN202506020,2025-06-02,0,1,18,5,26,2,6,2
may-d003,LAN,SDN,SDN202506090,2025-06-09,0,0,15,1,25,4,6,5
may-d003,LAN,SFN,LAN202506150,2025-06-15,0,1,18,3,30,4,6,3
may-d003,LAN,WAS,LAN202506210,2025-06-21,0,1,18,5,25,2,5,3
may-d003,LAN,KCA,KCA202506270,2025-06-27,0,0,12,3,20,3,6,4
may-d003,LAN,CHA,LAN202507030,2025-07-03,0,1,21,9,26,1,4,2
may-d003,LAN,SFN,SFN202507110,2025-07-11,0,0,14,4,22,4,5,7
may-d003,LAN,BOS,BOS202507270,2025-07-27,0,0,15,5,22,0,5,4
may-d003,BOS,KCA,BOS202508060,2025-08-06,0,1,11,4,20,1,6,3
may-d003,BOS,HOU,HOU202508120,2025-08-12,0,0,18,8,24,1,5,0
may-d003,BOS,BAL,BOS202508180,2025-08-18,0,1,18,5,27,2,8,2
may-d003,BOS,NYA,NYA202508240,2025-08-24,0,0,13,3,21,3,5,5
may-d003,BOS,PIT,BOS202508300,2025-08-30,0,1,16,5,28,4,8,6
mazua001,SDN,ANA,ANA202406040,2024-06-04,0,0,18,2,21,4,2,1
mazua001,SDN,ARI,SDN202406090,2024-06-09,0,1,9,2,20,3,8,8
mazua001,SDN,NYN,NYN202406150,2024-06-15,0,0,11,4,20,6,3,2
mazua001,SDN,MIL,SDN202406200,2024-06-20,0,1,14,3,22,3,5,3
mazua001,SDN,WAS,SDN202406250,2024-06-25,0,1,15,0,20,1,6,4
mazua001,SDN,TEX,TEX202407030,2024-07-03,0,0,12,4,19,0,7,4
mazua001,SDN,SEA,SDN202407090,2024-07-09,0,1,14,6,25,2,7,5
mazua001,SDN,BAL,BAL202407260,2024-07-26,0,0,8,1,11,2,2,1
mazua001,MIA,PHI,MIA202506180,2025-06-18,0,1,17,5,27,4,5,4
mazua001,MIA,NYN,NYN202508280,2025-08-28,0,0,12,2,18,1,4,2
mazua001,MIA,WAS,WAS202509020,2025-09-02,0,0,18,5,29,0,10,4
mazua001,MIA,WAS,MIA202509090,2025-09-09,0,1,13,1,25,3,8,4
mazua001,MIA,DET,MIA202509140,2025-09-14,0,1,18,4,22,2,1,0
mazua001,MIA,TEX,TEX202509200,2025-09-20,0,0,12,2,18,2,5,2
mccad002,MIA,SFN,SFN202409010,2024-09-01,0,0,12,2,20,1,5,3
mccad002,MIA,PHI,MIA202409070,2024-09-07,0,1,14,4,19,0,6,2
mccad002,MIA,WAS,WAS202409120,2024-09-12,0,0,15,1,23,2,6,3
mccad002,MIA,LAN,MIA202409170,2024-09-17,0,1,11,4,18,1,6,5
mccad002,MIA,ATL,MIA202409220,2024-09-22,0,1,12,5,17,1,4,1
mccul002,HOU,CHA,CHA202505040,2025-05-04,0,0,11,4,18,3,3,0
mccul002,HOU,CIN,HOU202505100,2025-05-10,0,1,1,0,8,3,3,7
mccul002,HOU,TEX,TEX202505160,2025-05-16,0,0,12,2,19,1,4,0
mccul002,HOU,SEA,HOU202505220,2025-05-22,0,1,13,8,22,3,5,2
mccul002,HOU,ATH,HOU202505280,2025-05-28,0,1,18,12,24,1,5,3
mccul002,HOU,PIT,PIT202506030,2025-06-03,0,0,18,7,23,1,2,0
mccul002,HOU,CHA,HOU202506100,2025-06-10,0,1,15,6,23,4,4,4
mccul002,HOU,CHN,HOU202506280,2025-06-28,0,1,10,1,21,4,7,8
mccul002,HOU,LAN,LAN202507040,2025-07-04,0,0,18,4,25,4,4,1
mccul002,HOU,TEX,HOU202507110,2025-07-11,0,1,9,5,17,2,6,5
mccul002,HOU,SEA,SEA202507190,2025-07-19,0,0,8,1,16,3,5,4
mccul002,HOU,BAL,BAL202508220,2025-08-22,0,0,12,4,21,5,5,3
mccul002,HOU,ANA,ANA202509280,2025-09-28,0,0,9,4,13,1,2,1
mcdec001,BAL,MIA,MIA202407240,2024-07-24,0,0,12,3,18,2,5,3
mcdec001,BAL,MIN,BAL202505142,2025-05-14,2,1,9,5,16,3,4,4
mcdot001,SFN,LAN,LAN202509210,2025-09-21,0,0,18,3,24,1,6,1
mcdot001,SFN,COL,SFN202509260,2025-09-26,0,1,21,10,26,0,4,0
mcgos001,ARI,SDN,SDN202406090,2024-06-09,0,0,2,1,3,0,1,1
mcgos001,ARI,CHA,ARI202406150,2024-06-15,0,1,7,2,9,1,1,1
mcgrm001,SLN,TEX,SLN202407310,2024-07-31,0,1,21,3,27,1,5,1
mcgrm001,SLN,COL,COL202409240,2024-09-24,0,0,15,5,20,1,4,3
mcgrm001,SLN,SFN,SFN202409290,2024-09-29,0,0,24,6,29,0,5,1
mcgrm001,SLN,LAN,SLN202506080,2025-06-08,0,1,18,5,26,0,8,4
mcgrm001,SLN,CHA,CHA202506192,2025-06-19,2,0,15,5,19,1,3,1
mcgrm001,SLN,CHN,SLN202506240,2025-06-24,0,1,14,1,21,1,7,5
mcgrm001,SLN,COL,COL202507210,2025-07-21,0,0,21,1,26,0,7,1
mcgrm001,SLN,SDN,SLN202507270,2025-07-27,0,1,14,2,26,2,9,7
mcgrm001,SLN,SDN,SDN202508020,2025-08-02,0,0,18,4,25,1,7,4
mcgrm001,SLN,CHN,SLN202508080,2025-08-08,0,1,18,3,25,1,6,0
mcgrm001,SLN,COL,SLN202508130,2025-08-13,0,1,18,2,23,0,7,3
mcgrm001,SLN,MIA,MIA202508190,2025-08-19,0,0,18,5,25,0,5,2
mcgrm001,SLN,PIT,SLN202508250,2025-08-25,0,1,18,7,24,2,6,4
mcgrm001,SLN,CIN,CIN202508300,2025-08-30,0,0,18,0,25,2,5,1
mcgrm001,SLN,SFN,SLN202509050,2025-09-05,0,1,12,3,22,1,9,6
mcgrm001,SLN,SEA,SEA202509100,2025-09-10,0,0,18,4,23,0,5,1
mcgrm001,SLN,CIN,SLN202509160,2025-09-16,0,1,21,6,25,3,3,0
mcgrm001,SLN,SFN,SFN202509220,2025-09-22,0,0,15,2,24,3,6,5
mcgrm001,SLN,CHN,CHN202509270,2025-09-27,0,0,14,3,21,2,6,3
mcket001,CLE,SEA,SEA202404010,2024-04-01,0,0,10,2,17,2,4,4
mcket001,CLE,CHA,CLE202404080,2024-04-08,0,1,17,2,23,4,3,0
mcket001,CLE,NYA,CLE202404132,2024-04-13,2,1,12,1,22,6,4,5
mcket001,CLE,OAK,CLE202404190,2024-04-19,0,1,15,6,21,3,3,1
mcket001,CLE,BOS,CLE202404250,2024-04-25,0,1,12,7,19,2,6,2
mcket001,CLE,HOU,HOU202405010,2024-05-01,0,0,21,6,26,1,5,2
mcket001,CLE,DET,CLE202405060,2024-05-06,0,1,15,6,21,3,3,1
mcket001,CLE,CHA,CHA202405110,2024-05-11,0,0,20,5,27,3,4,1
mcket001,CLE,MIN,CLE202405170,2024-05-17,0,1,20,5,23,4,2,1
mcket001,CLE,NYN,CLE202405220,2024-05-22,0,1,15,5,24,3,5,3
mcket001,CLE,COL,COL202405280,2024-05-28,0,0,15,9,24,3,6,4
mcket001,CLE,KCA,CLE202406040,2024-06-04,0,1,16,7,27,2,9,5
mcket001,CLE,CIN,CIN202406110,2024-06-11,0,0,16,4,22,2,4,2
mcket001,CLE,SEA,CLE202406180,2024-06-18,0,1,7,0,14,4,3,4
mcket001,CLE,TOR,CLE202406230,2024-06-23,0,1,9,6,16,4,3,3
mcket001,CLE,KCA,KCA202406280,2024-06-28,0,0,7,3,14,3,5,5
mclen001,NYN,SEA,NYN202508160,2025-08-16,0,1,16,8,21,4,2,0
mclen001,NYN,ATL,ATL202508220,2025-08-22,0,0,21,7,25,0,4,2
mclen001,NYN,PHI,NYN202508270,2025-08-27,0,1,24,6,27,0,4,0
mclen001,NYN,DET,DET202509020,2025-09-02,0,0,18,7,22,3,3,2
mclen001,NYN,PHI,PHI202509080,2025-09-08,0,0,16,5,24,3,7,1
mclen001,NYN,TEX,NYN202509140,2025-09-14,0,1,18,7,24,2,5,0
mclen001,NYN,WAS,NYN202509200,2025-09-20,0,1,15,6,22,2,4,1
mclen001,NYN,CHN,CHN202509250,2025-09-25,0,0,16,11,23,2,5,5
meanj001,BAL,CIN,CIN202405040,2024-05-04,0,0,21,8,23,0,3,0
meanj001,BAL,ARI,BAL202405110,2024-05-11,0,1,14,3,21,0,6,4
meanj001,BAL,SEA,BAL202405170,2024-05-17,0,1,18,4,24,0,6,2
meanj001,BAL,SLN,SLN202405220,2024-05-22,0,0,9,1,12,2,1,0
medev001,ANA,LAN,ANA202508120,2025-08-12,0,1,12,3,17,3,3,3
medev001,ANA,CIN,ANA202508180,2025-08-18,0,1,15,3,27,3,9,3
medev001,ANA,CHN,ANA202508230,2025-08-23,0,1,12,4,19,2,4,6
medil002,OAK,ATL,ATL202406020,2024-06-02,0,0,17,6,21,2,2,0
medil002,OAK,TOR,OAK202406080,2024-06-08,0,1,14,1,24,5,5,6
medil002,OAK,MIN,MIN202406130,2024-06-13,0,0,15,3,24,1,8,4
medil002,OAK,KCA,OAK202406190,2024-06-19,0,1,17,3,24,2,6,1
medil002,OAK,ANA,ANA202406240,2024-06-24,0,0,9,4,17,2,5,4
medil002,OAK,ARI,ARI202406300,2024-06-30,0,0,18,5,25,3,4,1
medil002,OAK,BAL,OAK202407060,2024-07-06,0,1,15,3,22,3,6,1
medil002,OAK,BOS,BOS202407110,2024-07-11,0,0,15,7,23,2,7,6
megit002,NYN,MIL,NYN202403310,2024-03-31,0,1,12,4,18,3,3,1
megit002,NYN,CLE,CLE202405200,2024-05-20,0,0,15,7,21,2,4,2
megit002,NYN,LAN,NYN202405281,2024-05-28,1,1,21,9,25,1,3,0
megit002,NYN,WAS,WAS202406030,2024-06-03,0,0,15,4,25,3,7,4
megit002,NYN,MIA,NYN202406110,2024-06-11,0,1,14,8,22,2,5,3
megit002,NYN,SDN,NYN202406160,2024-06-16,0,1,15,5,22,2,5,2
megit002,NYN,CHN,CHN202406220,2024-06-22,0,0,9,6,17,3,5,6
megit002,NYN,HOU,NYN202406290,2024-06-29,0,1,16,6,25,3,5,4
megit002,NYN,ATL,NYN202407270,2024-07-27,0,1,18,4,25,2,5,4
megit002,NYN,CHA,CHA202408300,2024-08-30,0,0,16,6,23,1,5,1
megit002,NYN,BOS,NYN202409040,2024-09-04,0,1,12,3,17,1,5,3
megit002,NYN,TOR,TOR202409090,2024-09-09,0,0,18,9,21,2,1,0
megit002,NYN,WAS,NYN202409170,2024-09-17,0,1,18,4,23,2,2,0
megit002,NYN,PHI,NYN202409220,2024-09-22,0,1,12,6,18,2,4,1
megit002,NYN,ATL,ATL202409301,2024-09-30,1,0,17,8,26,2,8,3
megit002,NYN,HOU,HOU202503280,2025-03-28,0,0,15,6,19,1,3,1
megit002,NYN,TOR,NYN202504040,2025-04-04,0,1,16,4,21,3,2,0
megit002,NYN,MIA,NYN202504090,2025-04-09,0,1,12,7,22,3,6,0
megit002,NYN,MIN,MIN202504150,2025-04-15,0,0,15,3,24,0,8,2
megit002,NYN,PHI,NYN202504210,2025-04-21,0,1,16,10,22,4,1,0
megit002,NYN,WAS,WAS202504270,2025-04-27,0,0,19,9,23,1,3,3
megit002,NYN,SLN,SLN202505042,2025-05-04,2,0,15,6,23,3,4,4
megit002,NYN,CHN,NYN202505100,2025-05-10,0,1,14,7,22,2,7,4
megit002,NYN,NYA,NYA202505160,2025-05-16,0,0,8,4,17,5,4,4
megit002,NYN,BOS,BOS202505210,2025-05-21,0,0,14,10,20,1,4,1
megit002,NYN,CHA,NYN202505270,2025-05-27,0,1,17,6,24,4,4,2
megit002,NYN,LAN,LAN202506030,2025-06-03,0,0,18,7,23,1,4,4
megit002,NYN,COL,COL202506080,2025-06-08,0,0,15,5,22,3,3,2
megit002,NYN,TBA,NYN202506140,2025-06-14,0,1,11,5,23,2,7,3
meltt001,DET,PIT,PIT202507230,2025-07-23,0,0,15,7,24,2,7,6
meltt001,DET,ARI,DET202507280,2025-07-28,0,1,21,5,24,0,5,0
meltt001,DET,CHA,CHA202508130,2025-08-13,0,0,15,6,16,0,1,0
meltt001,DET,CLE,CLE202509250,2025-09-25,0,0,11,1,15,2,2,1
menac001,ARI,LAN,LAN202407030,2024-07-03,0,0,9,2,15,3,4,4
mercm002,PHI,CHN,CHN202407020,2024-07-02,0,0,15,4,19,2,2,1
mercm002,PHI,ATL,ATL202407070,2024-07-07,0,0,5,1,13,3,5,5
messp001,CLE,ARI,ARI202508200,2025-08-20,0,0,20,6,26,1,7,1
messp001,CLE,TBA,CLE202508260,2025-08-26,0,1,21,6,24,0,4,0
messp001,CLE,BOS,BOS202509010,2025-09-01,0,0,11,2,21,2,9,3
messp001,CLE,TBA,TBA202509070,2025-09-07,0,0,18,4,25,0,8,1
messp001,CLE,CHA,CLE202509130,2025-09-13,0,1,18,4,24,1,7,1
messp001,CLE,MIN,MIN202509190,2025-09-19,0,0,16,9,22,1,5,2
messp001,CLE,DET,CLE202509250,2025-09-25,0,1,15,7,23,1,6,4
meyem001,MIA,ANA,MIA202404010,2024-04-01,0,1,15,4,19,2,2,2
meyem001,MIA,SLN,SLN202404070,2024-04-07,0,0,18,3,22,1,3,1
meyem001,MIA,ATL,MIA202404130,2024-04-13,0,1,18,7,24,0,6,1
meyem001,MIA,MIL,MIL202407270,2024-07-27,0,0,12,3,16,2,4,3
meyem001,MIA,ATL,ATL202408010,2024-08-01,0,0,15,7,22,1,7,4
meyem001,MIA,CIN,MIA202408060,2024-08-06,0,1,12,2,24,3,8,6
meyem001,MIA,SDN,MIA202408110,2024-08-11,0,1,19,4,25,0,7,4
meyem001,MIA,NYN,NYN202408170,2024-08-17,0,0,12,3,21,3,6,4
meyem001,MIA,CHN,MIA202408230,2024-08-23,0,1,18,2,26,2,5,2
meyem001,MIA,COL,COL202408280,2024-08-28,0,0,15,6,23,4,5,4
meyem001,MIA,WAS,MIA202409030,2024-09-03,0,1,17,5,26,1,9,5
meyem001,MIA,PIT,MIA202503300,2025-03-30,0,1,17,7,23,1,5,1
meyem001,MIA,ATL,ATL202504040,2025-04-04,0,0,18,8,29,2,8,3
meyem001,MIA,NYN,NYN202504090,2025-04-09,0,0,19,4,22,2,2,0
meyem001,MIA,ARI,MIA202504160,2025-04-16,0,1,18,8,24,2,5,3
meyem001,MIA,CIN,MIA202504210,2025-04-21,0,1,18,14,23,0,5,0
meyem001,MIA,SEA,SEA202504270,2025-04-27,0,0,12,6,21,4,5,5
meyem001,MIA,ATH,MIA202505030,2025-05-03,0,1,15,0,25,2,10,5
meyem001,MIA,CHA,CHA202505090,2025-05-09,0,0,19,5,28,3,5,5
meyem001,MIA,TBA,MIA202505160,2025-05-16,0,1,15,7,21,0,5,3
meyem001,MIA,CHN,MIA202505210,2025-05-21,0,1,18,4,23,1,5,1
meyem001,MIA,SDN,SDN202505270,2025-05-27,0,0,10,0,21,2,7,4
meyem001,MIA,COL,MIA202506020,2025-06-02,0,1,15,5,25,1,10,4
mikom001,SLN,LAN,LAN202403280,2024-03-28,0,0,13,5,20,2,7,5
mikom001,SLN,SDN,SDN202404020,2024-04-02,0,0,18,4,26,1,7,2
mikom001,SLN,PHI,SLN202404080,2024-04-08,0,1,20,3,27,2,6,2
mikom001,SLN,ARI,ARI202404140,2024-04-14,0,0,14,3,19,2,4,5
mikom001,SLN,MIL,SLN202404200,2024-04-20,0,1,14,5,24,0,9,5
mikom001,SLN,NYN,NYN202404260,2024-04-26,0,0,17,5,23,0,7,2
mikom001,SLN,DET,DET202405010,2024-05-01,0,0,18,4,25,0,6,3
mikom001,SLN,NYN,SLN202405070,2024-05-07,0,1,12,3,22,0,9,6
mikom001,SLN,MIL,MIL202405120,2024-05-12,0,0,18,3,25,3,6,3
mikom001,SLN,BOS,SLN202405180,2024-05-18,0,1,15,4,19,1,2,1
mikom001,SLN,CHN,SLN202405250,2024-05-25,0,1,18,6,22,2,4,3
mikom001,SLN,PHI,PHI202405310,2024-05-31,0,0,18,5,23,1,5,3
mikom001,SLN,HOU,HOU202406050,2024-06-05,0,0,18,3,22,0,5,2
mikom001,SLN,PIT,SLN202406110,2024-06-11,0,1,21,6,23,1,1,0
mikom001,SLN,CHN,CHN202406160,2024-06-16,0,0,19,5,23,0,4,1
mikom001,SLN,SFN,SLN202406220,2024-06-22,0,1,18,3,25,2,6,4
mikom001,SLN,CIN,SLN202406270,2024-06-27,0,1,13,1,26,1,12,9
mikom001,SLN,PIT,PIT202407030,2024-07-03,0,0,18,4,22,0,5,2
mikom001,SLN,WAS,WAS202407080,2024-07-08,0,0,19,3,25,0,6,0
mikom001,SLN,CHN,SLN202407140,2024-07-14,0,1,16,2,23,0,8,6
mikom001,SLN,ATL,ATL202407210,2024-07-21,0,0,18,3,23,1,7,2
mikom001,SLN,WAS,SLN202407280,2024-07-28,0,1,18,3,26,1,7,3
mikom001,SLN,CHN,CHN202408040,2024-08-04,0,0,12,3,21,2,8,4
mikom001,SLN,KCA,KCA202408090,2024-08-09,0,0,12,3,20,0,8,5
mikom001,SLN,LAN,SLN202408160,2024-08-16,0,1,17,7,24,0,7,5
mikom001,SLN,MIL,SLN202408220,2024-08-22,0,1,18,3,22,1,2,0
mikom001,SLN,SDN,SLN202408270,2024-08-27,0,1,17,3,23,1,6,4
mikom001,SLN,NYA,NYA202409010,2024-09-01,0,0,12,5,19,0,7,3
mikom001,SLN,SEA,SLN202409080,2024-09-08,0,1,6,3,15,0,9,6
mikom001,SLN,TOR,TOR202409150,2024-09-15,0,0,15,4,17,0,3,2
mikom001,SLN,CLE,SLN202409210,2024-09-21,0,1,18,4,22,0,4,1
mikom001,SLN,SFN,SFN202409270,2024-09-27,0,0,15,4,24,1,7,3
mikom001,SLN,ANA,SLN202503310,2025-03-31,0,1,16,3,20,2,2,2
mikom001,SLN,BOS,BOS202504062,2025-04-06,2,0,8,1,20,1,11,8
mikom001,SLN,PHI,SLN202504120,2025-04-12,0,1,15,6,20,2,3,3
mikom001,SLN,NYN,NYN202504180,2025-04-18,0,0,14,1,21,2,5,2
mikom001,SLN,ATL,ATL202504230,2025-04-23,0,0,18,2,25,2,6,0
mikom001,SLN,CIN,CIN202504301,2025-04-30,1,0,16,4,21,0,3,0
mikom001,SLN,PIT,SLN202505050,2025-05-05,0,1,15,1,21,3,4,3
mikom001,SLN,WAS,WAS202505110,2025-05-11,0,0,16,5,20,1,4,1
mikom001,SLN,KCA,KCA202505170,2025-05-17,0,0,18,4,22,2,2,0
mikom001,SLN,ARI,SLN202505230,2025-05-23,0,1,18,4,23,1,4,1
mikom001,SLN,BAL,BAL202505280,2025-05-28,0,0,12,3,21,0,9,4
mikom001,SLN,KCA,SLN202506051,2025-06-05,1,1,18,2,26,1,8,3
mikom001,SLN,TOR,SLN202506100,2025-06-10,0,1,15,2,24,0,9,6
mikom001,SLN,MIL,MIL202506150,2025-06-15,0,0,18,7,24,1,6,2
mikom001,SLN,CIN,SLN202506220,2025-06-22,0,1,15,6,20,1,4,2
mikom001,SLN,CLE,CLE202506280,2025-06-28,0,0,12,5,20,1,7,6
mikom001,SLN,CHN,CHN202507040,2025-07-04,0,0,18,4,28,0,10,8
mikom001,SLN,WAS,SLN202507100,2025-07-10,0,1,17,6,20,1,2,0
mikom001,SLN,ARI,ARI202507200,2025-07-20,0,0,12,3,19,2,4,5
mikom001,SLN,SDN,SLN202507250,2025-07-25,0,1,15,1,21,0,7,0
mikom001,SLN,MIA,SLN202507300,2025-07-30,0,1,18,5,23,0,5,2
mikom001,SLN,LAN,LAN202508050,2025-08-05,0,0,9,1,16,1,7,5
mikom001,SLN,COL,SLN202508110,2025-08-11,0,1,20,3,26,1,4,2
mikom001,SLN,NYA,SLN202508170,2025-08-17,0,1,15,1,23,5,4,3
mikom001,SLN,TBA,TBA202508220,2025-08-22,0,0,8,1,18,1,10,4
mikom001,SLN,PIT,SLN202508280,2025-08-28,0,1,15,5,21,1,4,1
mikom001,SLN,ATH,SLN202509020,2025-09-02,0,1,18,0,23,1,5,1
mikom001,SLN,SEA,SEA202509080,2025-09-08,0,0,15,2,19,1,4,2
mikom001,SLN,MIL,MIL202509140,2025-09-14,0,0,15,5,20,0,5,2
mikom001,SLN,MIL,SLN202509200,2025-09-20,0,1,15,3,24,2,7,2
mikom001,SLN,CHN,CHN202509260,2025-09-26,0,0,15,4,20,1,4,4
milew001,MIL,CIN,CIN202404100,2024-04-10,0,0,12,0,14,2,1,1
milew001,MIL,SDN,MIL202404160,2024-04-16,0,1,9,2,16,2,5,4
milew001,CIN,CLE,CLE202506090,2025-06-09,0,0,15,2,21,4,5,3
milew001,CIN,DET,DET202506150,2025-06-15,0,0,15,5,21,2,4,2
millb004,SEA,BOS,SEA202403310,2024-03-31,0,1,15,6,22,2,6,4
millb004,SEA,MIL,MIL202404060,2024-04-06,0,0,21,7,25,1,3,0
millb004,SEA,CHN,SEA202404120,2024-04-12,0,1,19,4,25,3,3,0
millb004,SEA,CIN,SEA202404170,2024-04-17,0,1,18,7,20,1,1,1
millb004,SEA,TEX,TEX202404240,2024-04-24,0,0,12,5,19,4,4,2
millb004,SEA,ATL,SEA202404290,2024-04-29,0,1,21,10,23,1,2,1
millb004,SEA,HOU,HOU202405050,2024-05-05,0,0,18,3,24,1,6,4
millb004,SEA,OAK,SEA202405110,2024-05-11,0,1,18,9,25,2,5,2
millb004,SEA,BAL,BAL202405170,2024-05-17,0,0,16,1,24,1,6,4
millb004,SEA,NYA,NYA202405220,2024-05-22,0,0,18,4,23,0,5,5
millb004,SEA,HOU,SEA202405270,2024-05-27,0,1,18,6,25,2,5,2
millb004,SEA,ANA,SEA202406010,2024-06-01,0,1,18,9,21,1,3,0
millb004,SEA,KCA,KCA202406070,2024-06-07,0,0,15,1,23,3,6,7
millb004,SEA,CHA,SEA202406120,2024-06-12,0,1,21,8,24,2,2,0
millb004,SEA,CLE,CLE202406180,2024-06-18,0,0,17,2,25,2,6,2
millb004,SEA,MIA,MIA202406230,2024-06-23,0,0,12,3,18,1,6,6
millb004,SEA,MIN,SEA202406290,2024-06-29,0,1,15,6,20,1,5,2
millb004,SEA,BAL,SEA202407040,2024-07-04,0,1,17,6,25,1,8,2
millb004,SEA,SDN,SDN202407100,2024-07-10,0,0,18,1,21,0,5,0
millb004,SEA,ANA,SEA202407220,2024-07-22,0,1,21,5,26,0,3,0
millb004,SEA,CHA,CHA202407280,2024-07-28,0,0,19,6,25,0,7,3
millb004,SEA,PHI,SEA202408030,2024-08-03,0,1,13,4,20,1,6,4
millb004,SEA,NYN,SEA202408090,2024-08-09,0,1,18,6,22,1,3,0
millb004,SEA,DET,DET202408150,2024-08-15,0,0,21,9,23,0,2,0
millb004,SEA,LAN,LAN202408200,2024-08-20,0,0,12,5,19,2,5,2
millb004,SEA,TBA,SEA202408260,2024-08-26,0,1,21,10,23,0,2,1
millb004,SEA,ANA,ANA202409010,2024-09-01,0,0,14,4,22,3,4,3
millb004,SEA,SLN,SLN202409060,2024-09-06,0,0,18,4,22,2,3,0
millb004,SEA,TEX,SEA202409120,2024-09-12,0,1,18,7,22,1,5,1
millb004,SEA,NYA,SEA202409180,2024-09-18,0,1,18,8,23,4,2,1
millb004,SEA,HOU,HOU202409230,2024-09-23,0,0,21,5,25,2,2,0
millb004,SEA,ATH,SEA202503290,2025-03-29,0,1,17,4,24,2,6,3
millb004,SEA,SFN,SFN202504050,2025-04-05,0,0,16,4,24,3,7,4
millb004,SEA,TEX,SEA202504110,2025-04-11,0,1,15,5,20,3,2,1
millb004,SEA,CIN,CIN202504160,2025-04-16,0,0,15,8,18,2,3,0
millb004,SEA,BOS,BOS202504220,2025-04-22,0,0,14,4,23,4,5,4
millb004,SEA,ANA,SEA202504290,2025-04-29,0,1,15,6,20,5,2,0
millb004,SEA,ATH,ATH202505050,2025-05-05,0,0,12,1,20,0,7,4
millb004,SEA,TOR,SEA202505110,2025-05-11,0,1,15,3,25,2,8,7
millb004,SEA,MIN,SEA202505310,2025-05-31,0,1,12,2,19,1,5,3
millb004,SEA,ANA,ANA202506060,2025-06-06,0,0,15,2,23,1,7,5
millb004,SEA,PHI,PHI202508190,2025-08-19,0,0,15,4,22,2,4,4
millb004,SEA,SDN,SEA202508250,2025-08-25,0,1,15,4,21,1,6,4
millb004,SEA,CLE,CLE202508310,2025-08-31,0,0,18,3,21,1,2,2
millb004,SEA,ATL,ATL202509060,2025-09-06,0,0,16,3,24,2,5,2
millb004,SEA,ANA,SEA202509110,2025-09-11,0,1,17,11,23,0,6,4
millb004,SEA,KCA,KCA202509170,2025-09-17,0,0,15,4,24,2,8,3
millb004,SEA,COL,SEA202509230,2025-09-23,0,1,17,4,22,1,5,3
millb004,SEA,LAN,SEA202509280,2025-09-28,0,1,12,2,19,2,5,4
millb005,LAN,SLN,LAN202403290,2024-03-29,0,1,18,11,21,1,2,0
millb005,LAN,CHN,CHN202404050,2024-04-05,0,0,5,3,11,2,4,5
millb005,LAN,MIN,MIN202404100,2024-04-10,0,0,12,4,18,3,5,2
millb005,LAN,COL,COL202406190,2024-06-19,0,0,19,2,25,3,6,5
millb005,LAN,CHA,CHA202406250,2024-06-25,0,0,6,1,12,3,4,3
millb005,LAN,ARI,LAN202407020,2024-07-02,0,1,15,4,22,3,4,2
millb005,LAN,PHI,PHI202407090,2024-07-09,0,0,12,2,24,3,10,9
millb005,LAN,SLN,SLN202408170,2024-08-17,0,0,14,1,22,1,8,4
millb005,LAN,TBA,LAN202408230,2024-08-23,0,1,18,9,24,0,7,3
millb005,LAN,BAL,LAN202408290,2024-08-29,0,1,15,3,20,3,2,3
millb005,LAN,ANA,ANA202409040,2024-09-04,0,0,15,8,23,3,5,7
millb005,LAN,CHN,LAN202409110,2024-09-11,0,1,13,2,22,4,5,6
millb005,LAN,MIA,MIA202409170,2024-09-17,0,0,6,2,14,1,7,4
millb005,LAN,COL,LAN202504160,2025-04-16,0,1,9,7,18,1,8,6
mille002,SFN,BOS,BOS202405010,2024-05-01,0,0,3,1,4,2,0,0
mille002,SFN,PIT,PIT202405230,2024-05-23,0,0,5,3,7,0,2,1
mille002,SFN,PHI,SFN202405280,2024-05-28,0,1,3,2,4,1,0,0
mille002,SFN,ARI,ARI202406030,2024-06-03,0,0,3,0,4,0,2,0
mille002,SFN,ANA,SFN202406160,2024-06-16,0,1,3,0,5,0,2,0
mille002,SFN,CHN,CHN202406190,2024-06-19,0,0,3,2,4,1,0,0
mille002,SFN,CHN,SFN202406240,2024-06-24,0,1,3,0,3,1,0,0
mille002,SFN,LAN,SFN202406290,2024-06-29,0,1,3,1,3,0,0,0
mille002,SFN,CLE,CLE202407050,2024-07-05,0,0,3,0,4,1,1,0
mille002,SFN,COL,SFN202407280,2024-07-28,0,1,3,2,3,0,0,0
milnh001,MIL,TEX,MIL202406250,2024-06-25,0,1,6,2,7,0,2,1
misij001,MIL,SLN,MIL202506120,2025-06-12,0,1,15,5,18,4,0,0
misij001,MIL,MIN,MIN202506200,2025-06-20,0,0,18,6,20,1,1,2
misij001,MIL,PIT,MIL202506250,2025-06-25,0,1,15,8,18,2,2,0
misij001,MIL,NYN,NYN202507022,2025-07-02,2,0,11,2,19,3,5,5
misij001,MIL,LAN,MIL202507080,2025-07-08,0,1,18,12,23,1,4,1
misij001,MIL,SEA,SEA202507220,2025-07-22,0,0,11,7,14,1,3,0
misij001,MIL,CHN,MIL202507280,2025-07-28,0,1,12,7,17,2,3,2
misij001,MIL,CIN,CIN202508150,2025-08-15,0,0,4,3,11,3,4,5
misij001,MIL,CHN,CHN202508200,2025-08-20,0,0,12,5,16,3,1,3
misij001,MIL,ARI,MIL202508260,2025-08-26,0,1,15,10,20,1,4,3
misij001,MIL,PHI,MIL202509010,2025-09-01,0,1,13,4,19,1,6,3
misij001,MIL,PIT,PIT202509070,2025-09-07,0,0,21,8,25,2,3,1
misij001,MIL,SLN,MIL202509130,2025-09-13,0,1,15,4,23,1,7,4
misij001,MIL,SLN,SLN202509190,2025-09-19,0,0,11,3,17,3,5,2
mizec001,DET,NYN,NYN202404041,2024-04-04,1,0,13,4,21,2,5,3
mizec001,DET,PIT,PIT202404090,2024-04-09,0,0,15,2,21,1,5,2
mizec001,DET,TEX,DET202404160,2024-04-16,0,1,18,6,23,0,5,2
mizec001,DET,MIN,MIN202404210,2024-04-21,0,0,18,4,25,3,5,0
mizec001,DET,KCA,DET202404270,2024-04-27,0,1,15,2,23,0,6,2
mizec001,DET,NYA,NYA202405040,2024-05-04,0,0,16,6,26,1,9,5
mizec001,DET,HOU,DET202405100,2024-05-10,0,1,18,2,23,2,5,1
mizec001,DET,MIA,DET202405150,2024-05-15,0,1,18,6,21,1,2,2
mizec001,DET,KCA,KCA202405210,2024-05-21,0,0,5,2,15,0,9,6
mizec001,DET,TOR,DET202405260,2024-05-26,0,1,13,0,22,2,8,3
mizec001,DET,BOS,BOS202406020,2024-06-02,0,0,12,4,19,4,5,2
mizec001,DET,MIL,DET202406080,2024-06-08,0,1,16,1,25,2,8,3
mizec001,DET,WAS,DET202406130,2024-06-13,0,1,18,4,22,1,4,1
mizec001,DET,ATL,ATL202406180,2024-06-18,0,0,12,3,18,0,5,2
mizec001,DET,PHI,DET202406240,2024-06-24,0,1,13,10,23,0,9,3
mizec001,DET,ANA,ANA202406300,2024-06-30,0,0,16,2,18,2,3,0
mizec001,DET,BOS,DET202408300,2024-08-30,0,1,18,4,25,1,5,3
mizec001,DET,SDN,SDN202409050,2024-09-05,0,0,16,2,22,1,6,3
mizec001,DET,COL,DET202409110,2024-09-11,0,1,14,7,21,0,6,4
mizec001,DET,KCA,KCA202409170,2024-09-17,0,0,13,3,21,4,6,1
mizec001,DET,SEA,SEA202504010,2025-04-01,0,0,17,6,20,3,1,0
mizec001,DET,NYA,DET202504070,2025-04-07,0,1,18,6,24,3,4,1
mizec001,DET,MIN,MIN202504130,2025-04-13,0,0,17,3,24,0,7,4
mizec001,DET,KCA,DET202504190,2025-04-19,0,1,21,3,27,1,4,1
mizec001,DET,BAL,DET202504261,2025-04-26,1,1,16,5,23,0,8,1
mizec001,DET,ANA,ANA202505010,2025-05-01,0,0,21,4,28,2,7,4
mizec001,DET,COL,COL202505081,2025-05-08,1,0,18,8,21,0,3,1
mizec001,DET,CLE,DET202505240,2025-05-24,0,1,15,6,21,1,4,1
mizec001,DET,KCA,KCA202505300,2025-05-30,0,0,10,4,20,2,8,3
mizec001,DET,CHA,CHA202506050,2025-06-05,0,0,14,3,24,4,6,2
mizec001,DET,BAL,BAL202506110,2025-06-11,0,0,16,7,25,2,8,2
mizec001,DET,PIT,DET202506170,2025-06-17,0,1,18,4,23,0,5,2
mizec001,DET,TBA,TBA202506220,2025-06-22,0,0,15,5,21,0,6,1
mizec001,DET,MIN,DET202506280,2025-06-28,0,1,20,5,26,1,5,2
mizec001,DET,CLE,CLE202507050,2025-07-05,0,0,21,4,26,2,4,0
mizec001,DET,SEA,DET202507120,2025-07-12,0,1,9,4,16,1,6,6
mizec001,DET,PIT,PIT202507220,2025-07-22,0,0,12,5,23,1,10,4
mizec001,DET,ARI,DET202507290,2025-07-29,0,1,5,2,12,3,3,1
mizec001,DET,MIN,DET202508040,2025-08-04,0,1,18,4,21,0,4,3
mizec001,DET,ANA,DET202508100,2025-08-10,0,1,15,5,21,2,3,2
mizec001,DET,MIN,MIN202508160,2025-08-16,0,0,19,10,23,1,4,4
mizec001,DET,KCA,DET202508220,2025-08-22,0,1,17,0,25,1,9,3
mizec001,DET,ATH,ATH202508270,2025-08-27,0,0,10,4,19,2,7,5
mizec001,DET,NYN,DET202509030,2025-09-03,0,1,15,3,19,0,5,1
mizec001,DET,NYA,NYA202509090,2025-09-09,0,0,18,8,22,0,4,2
mizec001,DET,CLE,DET202509160,2025-09-16,0,1,16,8,24,1,7,3
mizec001,DET,ATL,DET202509210,2025-09-21,0,1,17,5,25,3,5,3
mizec001,DET,BOS,BOS202509260,2025-09-26,0,0,19,8,24,0,6,2
mlodc001,PIT,MIN,PIT202406080,2024-06-08,0,1,5,1,6,0,0,0
mlodc001,PIT,COL,COL202406140,2024-06-14,0,0,3,2,5,1,1,0
mlodc001,PIT,TBA,PIT202406210,2024-06-21,0,1,5,0,9,0,4,1
mlodc001,PIT,MIA,PIT202409100,2024-09-10,0,1,6,1,6,0,0,0
mlodc001,PIT,TBA,TBA202503310,2025-03-31,0,0,11,4,19,2,7,4
mlodc001,PIT,SLN,PIT202504070,2025-04-07,0,1,15,6,22,2,5,1
mlodc001,PIT,CIN,CIN202504130,2025-04-13,0,0,13,4,20,2,5,4
mlodc001,PIT,CLE,PIT202504180,2025-04-18,0,1,12,0,21,2,9,5
mlodc001,PIT,ANA,ANA202504240,2025-04-24,0,0,15,4,22,1,5,3
mlodc001,PIT,CHN,PIT202504300,2025-04-30,0,1,12,4,18,1,6,2
mlodc001,PIT,SLN,SLN202505050,2025-05-05,0,0,14,2,18,0,4,2
mlodc001,PIT,ATL,PIT202505110,2025-05-11,0,1,17,2,22,1,4,0
mlodc001,PIT,PHI,PHI202505170,2025-05-17,0,0,10,2,18,1,7,4
mlodc001,PIT,CHN,CHN202508170,2025-08-17,0,0,12,3,14,0,1,0
mlodc001,PIT,SLN,SLN202508270,2025-08-27,0,0,9,4,13,3,3,1
mlodc001,PIT,LAN,PIT202509020,2025-09-02,0,1,6,1,8,1,2,1
molia001,COL,CLE,COL202405270,2024-05-27,0,1,5,0,10,3,2,3
molia001,COL,TOR,COL202508050,2025-08-05,0,1,15,2,24,1,9,7
montf001,CIN,WAS,CIN202403280,2024-03-28,0,1,18,4,21,0,4,0
montf001,CIN,PHI,PHI202404030,2024-04-03,0,0,17,5,24,3,5,1
montf001,CIN,MIL,CIN202404090,2024-04-09,0,1,15,4,23,1,6,3
montf001,CIN,SEA,SEA202404150,2024-04-15,0,0,6,1,13,5,3,5
montf001,CIN,ANA,CIN202404210,2024-04-21,0,1,2,0,3,1,0,0
montf001,CIN,ARI,CIN202405070,2024-05-07,0,1,18,7,24,1,4,1
montf001,CIN,SFN,SFN202405120,2024-05-12,0,0,14,3,24,1,7,4
montf001,CIN,LAN,LAN202405170,2024-05-17,0,0,15,1,23,3,4,3
montf001,CIN,SDN,CIN202405230,2024-05-23,0,1,18,3,27,1,9,4
montf001,CIN,SLN,CIN202405290,2024-05-29,0,1,18,5,25,2,6,3
montf001,CIN,COL,COL202406040,2024-06-04,0,0,21,9,25,2,1,0
montf001,CIN,CHN,CIN202406090,2024-06-09,0,1,4,2,12,3,5,4
montf001,CIN,MIL,MIL202406160,2024-06-16,0,0,15,5,21,3,4,3
montf001,CIN,BOS,CIN202406220,2024-06-22,0,1,18,4,23,1,5,2
montf001,CIN,SLN,SLN202406280,2024-06-28,0,0,18,5,23,3,2,1
montf001,CIN,NYA,NYA202407040,2024-07-04,0,0,15,4,22,3,4,2
montf001,CIN,COL,CIN202407100,2024-07-10,0,1,21,7,29,2,8,5
montf001,CIN,WAS,WAS202407190,2024-07-19,0,0,14,3,22,3,6,7
montf001,CIN,ATL,ATL202407240,2024-07-24,0,0,13,6,27,3,10,4
montf001,MIL,WAS,WAS202408020,2024-08-02,0,0,15,5,24,0,9,3
montf001,MIL,ATL,ATL202408080,2024-08-08,0,0,12,7,19,4,2,3
montf001,MIL,LAN,MIL202408140,2024-08-14,0,1,15,6,24,3,5,0
montf001,MIL,SLN,SLN202408200,2024-08-20,0,0,21,3,23,1,1,0
montf001,MIL,OAK,OAK202408250,2024-08-25,0,0,18,7,25,2,5,4
montf001,MIL,CIN,CIN202408310,2024-08-31,0,0,18,4,26,3,7,4
montf001,MIL,COL,MIL202409060,2024-09-06,0,1,18,10,23,3,2,3
montf001,MIL,SFN,SFN202409120,2024-09-12,0,0,18,8,22,2,2,0
montf001,MIL,PHI,MIL202409170,2024-09-17,0,1,17,10,24,2,6,3
montf001,MIL,ARI,MIL202409220,2024-09-22,0,1,8,4,17,2,6,7
montf001,MIL,NYN,MIL202409270,2024-09-27,0,1,12,6,17,3,2,2
montf001,NYN,ATL,NYN202506240,2025-06-24,0,1,15,5,20,3,3,0
montf001,NYN,PIT,PIT202506290,2025-06-29,0,0,12,5,20,1,7,6
montf001,NYN,NYA,NYN202507050,2025-07-05,0,1,17,2,22,0,5,4
montf001,NYN,KCA,KCA202507120,2025-07-12,0,0,15,5,19,0,4,1
montf001,NYN,ANA,NYN202507220,2025-07-22,0,1,17,6,26,2,8,2
montf001,NYN,SDN,SDN202507280,2025-07-28,0,0,13,3,23,2,8,5
montf001,NYN,SFN,NYN202508030,2025-08-03,0,1,12,3,22,2,7,7
montj004,ARI,SFN,SFN202404190,2024-04-19,0,0,18,3,22,0,4,1
montj004,ARI,SLN,SLN202404240,2024-04-24,0,0,21,4,28,1,7,3
montj004,ARI,LAN,ARI202405010,2024-05-01,0,1,9,1,17,3,6,6
montj004,ARI,CIN,CIN202405080,2024-05-08,0,0,21,2,28,2,7,2
montj004,ARI,CIN,ARI202405130,2024-05-13,0,1,16,7,24,3,7,3
montj004,ARI,DET,ARI202405190,2024-05-19,0,1,18,3,24,2,5,4
montj004,ARI,MIA,ARI202405250,2024-05-25,0,1,18,4,26,1,9,2
montj004,ARI,NYN,NYN202405310,2024-05-31,0,0,12,4,25,3,10,8
montj004,ARI,SFN,ARI202406050,2024-06-05,0,1,6,1,16,3,7,6
montj004,ARI,ANA,ARI202406110,2024-06-11,0,1,17,3,23,1,6,3
montj004,ARI,CHA,ARI202406160,2024-06-16,0,1,15,7,21,2,4,0
montj004,ARI,PHI,PHI202406210,2024-06-21,0,0,18,5,24,1,5,2
montj004,ARI,MIN,ARI202406270,2024-06-27,0,1,8,1,20,1,10,7
montj004,ARI,KCA,KCA202407230,2024-07-23,0,0,15,2,18,1,3,1
montj004,ARI,WAS,ARI202407290,2024-07-29,0,1,12,1,22,3,9,6
montj004,ARI,PIT,PIT202408030,2024-08-03,0,0,9,3,12,2,1,1
montj004,ARI,PHI,ARI202408080,2024-08-08,0,1,17,4,28,3,8,4
montj004,ARI,COL,ARI202408140,2024-08-14,0,1,18,8,26,3,5,3
montj004,ARI,MIA,MIA202408210,2024-08-21,0,0,17,4,28,1,10,6
montj004,ARI,COL,COL202409170,2024-09-17,0,0,14,4,22,2,6,3
montj004,ARI,MIL,MIL202409220,2024-09-22,0,0,13,6,21,2,6,3
montk001,DET,PIT,DET202405292,2024-05-29,2,1,13,5,19,1,5,4
montk001,DET,MIN,MIN202407030,2024-07-03,0,0,19,4,27,1,6,2
montk001,DET,CLE,DET202407080,2024-07-08,0,1,19,4,21,1,3,0
montk001,DET,LAN,DET202407130,2024-07-13,0,1,15,4,25,4,7,5
montk001,DET,TOR,TOR202407210,2024-07-21,0,0,16,3,23,0,8,5
montk001,DET,MIN,DET202407260,2024-07-26,0,1,15,5,24,1,8,5
montk001,DET,KCA,DET202408010,2024-08-01,0,1,21,3,27,1,6,4
montk001,DET,SEA,SEA202408060,2024-08-06,0,0,18,8,21,1,4,1
montk001,DET,SFN,SFN202408110,2024-08-11,0,0,15,2,23,4,5,4
montk001,DET,NYA,DET202408170,2024-08-17,0,1,15,5,19,2,2,0
montk001,DET,CHA,CHA202408230,2024-08-23,0,0,15,4,22,2,6,2
montk001,DET,ANA,DET202408290,2024-08-29,0,1,15,5,21,3,5,3
montk001,DET,SDN,SDN202409040,2024-09-04,0,0,13,2,22,2,7,5
montk001,DET,COL,DET202409100,2024-09-10,0,1,27,5,27,0,3,0
montk001,DET,BAL,DET202409150,2024-09-15,0,1,15,1,20,1,5,0
montk001,DET,TBA,DET202409250,2024-09-25,0,1,8,2,14,2,4,1
montk001,DET,MIL,MIL202504160,2025-04-16,0,0,15,8,24,1,8,5
montk001,DET,SDN,DET202504210,2025-04-21,0,1,13,3,22,4,5,3
montk001,DET,BAL,DET202504262,2025-04-26,2,1,13,2,18,2,4,1
montk001,DET,COL,COL202505082,2025-05-08,2,0,24,2,29,3,5,1
montk001,DET,SFN,DET202505260,2025-05-26,0,1,15,3,18,2,1,0
montk001,DET,KCA,KCA202506010,2025-06-01,0,0,14,2,20,1,7,0
montk001,DET,TBA,DET202507070,2025-07-07,0,1,18,4,21,1,4,1
montk001,DET,TEX,TEX202507190,2025-07-19,0,0,13,5,20,3,4,4
montk001,DET,TOR,DET202507250,2025-07-25,0,1,12,3,22,0,9,5
montk001,DET,MIA,MIA202509140,2025-09-14,0,0,15,5,18,0,3,0
montk001,DET,ATL,DET202509200,2025-09-20,0,1,9,2,14,4,2,3
montk001,DET,BOS,BOS202509270,2025-09-27,0,0,13,7,18,0,5,1
moral001,ATH,BAL,BAL202508100,2025-08-10,0,0,8,4,13,5,0,0
moral001,ATH,ANA,ATH202508160,2025-08-16,0,1,15,5,21,2,5,1
moral001,ATH,SEA,SEA202508220,2025-08-22,0,0,18,6,20,0,2,1
moral001,ATH,DET,ATH202508270,2025-08-27,0,1,21,7,25,2,2,0
moral001,ATH,SLN,SLN202509010,2025-09-01,0,0,17,8,23,1,5,2
moral001,ATH,BOS,ATH202509080,2025-09-08,0,1,14,2,21,1,7,5
moral001,ATH,CIN,ATH202509140,2025-09-14,0,1,15,2,22,2,4,3
moral001,ATH,PIT,PIT202509200,2025-09-20,0,0,18,4,24,2,5,2
moral001,ATH,KCA,ATH202509270,2025-09-27,0,1,14,5,21,2,5,2
morgd001,SDN,TEX,SDN202507060,2025-07-06,0,1,4,1,9,1,4,1
morgd001,SDN,MIN,MIN202508310,2025-08-31,0,0,6,2,7,0,1,0
mortc002,ATL,CHA,CHA202404010,2024-04-01,0,0,17,6,22,2,3,0
mortc002,ATL,NYN,ATL202404080,2024-04-08,0,1,17,4,25,5,5,4
mortc002,ATL,MIA,MIA202404140,2024-04-14,0,0,17,8,24,1,7,6
mortc002,ATL,TEX,ATL202404200,2024-04-20,0,1,18,4,24,2,4,2
mortc002,ATL,CLE,ATL202404270,2024-04-27,0,1,21,6,25,1,4,0
mortc002,ATL,LAN,LAN202405030,2024-05-03,0,0,18,5,24,2,5,2
mortc002,ATL,NYN,NYN202405100,2024-05-10,0,0,21,7,24,1,3,1
mortc002,ATL,CHN,ATL202405150,2024-05-15,0,1,9,4,18,3,5,3
mortc002,ATL,CHN,CHN202405210,2024-05-21,0,0,15,8,24,4,4,1
mortc002,ATL,WAS,ATL202405270,2024-05-27,0,1,17,7,28,2,12,8
mortc002,ATL,OAK,ATL202406020,2024-06-02,0,1,18,6,23,5,1,0
mortc002,ATL,WAS,WAS202406080,2024-06-08,0,0,15,3,23,0,7,4
mortc002,ATL,TBA,ATL202406150,2024-06-15,0,1,18,8,23,2,3,1
mortc002,ATL,NYA,NYA202406220,2024-06-22,0,0,17,4,25,5,5,5
mortc002,ATL,PIT,ATL202406280,2024-06-28,0,1,19,7,24,1,3,0
mortc002,ATL,SFN,ATL202407040,2024-07-04,0,1,16,5,24,2,5,3
mortc002,ATL,ARI,ARI202407100,2024-07-10,0,0,19,5,24,0,5,4
mortc002,ATL,SLN,ATL202407201,2024-07-20,1,1,18,4,23,1,6,0
mortc002,ATL,NYN,NYN202407260,2024-07-26,0,0,8,2,17,1,6,5
mortc002,ATL,MIA,ATL202408010,2024-08-01,0,1,18,6,24,2,5,0
mortc002,ATL,MIL,ATL202408080,2024-08-08,0,1,8,3,18,1,9,8
mortc002,ATL,SFN,SFN202408130,2024-08-13,0,0,18,8,25,1,6,2
mortc002,ATL,ANA,ANA202408180,2024-08-18,0,0,16,7,20,2,2,1
mortc002,ATL,WAS,ATL202408240,2024-08-24,0,1,17,6,25,2,8,2
mortc002,ATL,PHI,PHI202408290,2024-08-29,0,0,17,7,27,4,5,3
mortc002,ATL,COL,ATL202409040,2024-09-04,0,1,15,8,22,3,5,2
mortc002,ATL,CIN,ATL202409090,2024-09-09,0,1,20,7,28,2,6,1
mortc002,ATL,LAN,ATL202409150,2024-09-15,0,1,18,6,23,2,3,1
mortc002,ATL,MIA,MIA202409200,2024-09-20,0,0,18,3,27,4,7,4
mortc002,ATL,KCA,ATL202409290,2024-09-29,0,1,13,3,18,2,5,4
mortc002,BAL,TOR,TOR202503280,2025-03-28,0,0,10,3,18,1,7,4
mortc002,BAL,BOS,BAL202504030,2025-04-03,0,1,15,10,23,2,6,5
mortc002,BAL,ARI,ARI202504080,2025-04-08,0,0,15,4,25,5,4,4
mortc002,BAL,CLE,BAL202504150,2025-04-15,0,1,15,2,24,3,7,5
mortc002,BAL,CIN,BAL202504200,2025-04-20,0,1,7,2,18,4,7,7
mortc002,BAL,MIN,MIN202505070,2025-05-07,0,0,12,2,17,1,4,3
mortc002,BAL,SLN,BAL202505260,2025-05-26,0,1,18,5,24,2,4,2
mortc002,BAL,CHA,BAL202506010,2025-06-01,0,1,20,7,28,1,6,0
mortc002,BAL,ATH,ATH202506070,2025-06-07,0,0,7,5,18,4,6,4
mortc002,BAL,ANA,BAL202506130,2025-06-13,0,1,15,10,21,1,5,0
mortc002,BAL,TBA,TBA202506190,2025-06-19,0,0,18,7,22,0,6,1
mortc002,BAL,TEX,BAL202506240,2025-06-24,0,1,15,3,22,2,4,3
mortc002,BAL,ATL,ATL202507040,2025-07-04,0,0,16,7,25,1,6,2
mortc002,BAL,NYN,BAL202507101,2025-07-10,1,1,18,4,26,3,4,1
mortc002,BAL,TBA,TBA202507180,2025-07-18,0,0,16,4,27,3,8,7
mortc002,BAL,CLE,CLE202507240,2025-07-24,0,0,20,7,28,4,5,3
mortc002,BAL,TOR,BAL202507291,2025-07-29,1,1,18,2,28,3,8,3
mortc002,DET,PHI,PHI202508030,2025-08-03,0,0,18,6,23,1,4,1
mortc002,DET,ANA,DET202508090,2025-08-09,0,1,13,10,22,1,7,6
mortc002,DET,MIN,MIN202508150,2025-08-15,0,0,18,5,23,3,2,0
mortc002,DET,HOU,DET202508200,2025-08-20,0,1,18,8,26,3,3,2
mortc002,DET,ATH,ATH202508260,2025-08-26,0,0,15,7,24,2,7,5
mortc002,DET,NYN,DET202509010,2025-09-01,0,1,11,3,20,4,5,6
mortc002,DET,CHA,DET202509070,2025-09-07,0,1,9,2,15,3,4,3
mortc002,DET,MIA,MIA202509130,2025-09-13,0,0,12,4,19,4,3,2
mortc002,DET,ATL,DET202509190,2025-09-19,0,1,4,2,12,2,5,6
mortc002,ATL,PIT,ATL202509280,2025-09-28,0,1,4,1,6,1,2,0
munor001,MIA,CHN,CHN202404202,2024-04-20,2,0,15,7,18,1,2,2
munor001,MIA,COL,MIA202405010,2024-05-01,0,1,18,7,23,2,3,1
munor001,MIA,LAN,LAN202405060,2024-05-06,0,0,14,5,25,4,7,6
munor001,MIA,CLE,MIA202406080,2024-06-08,0,1,12,3,19,4,5,4
munor001,MIA,NYN,NYN202406130,2024-06-13,0,0,18,5,19,1,1,0
munor001,MIA,SLN,MIA202406180,2024-06-18,0,1,12,3,23,2,8,6
munor001,MIA,KCA,KCA202406240,2024-06-24,0,0,18,4,27,4,6,4
munor001,MIA,PHI,PHI202406290,2024-06-29,0,0,14,4,21,2,5,2
munor001,MIA,HOU,HOU202407110,2024-07-11,0,0,20,2,30,2,5,4
munor001,MIA,NYN,MIA202407200,2024-07-20,0,1,15,5,21,3,3,1
munor001,MIA,BAL,MIA202407250,2024-07-25,0,1,15,3,23,2,6,6
munor001,MIA,TBA,TBA202407310,2024-07-31,0,0,15,7,19,1,4,2
munor001,MIA,CIN,MIA202408050,2024-08-05,0,1,11,2,22,3,7,4
munor001,MIA,SDN,MIA202408100,2024-08-10,0,1,15,3,21,0,6,3
munor001,MIA,NYN,NYN202408160,2024-08-16,0,0,10,5,19,3,5,4
munor001,MIA,ARI,MIA202408210,2024-08-21,0,1,10,3,16,3,5,3
munor001,MIA,COL,COL202408270,2024-08-27,0,0,4,0,13,1,7,6
murrj001,HOU,ATL,ATL202509120,2025-09-12,0,0,9,1,10,0,1,0
musgj001,SDN,LAN,LAN202403210,2024-03-21,0,0,8,2,17,2,7,5
musgj001,SDN,SFN,SDN202403290,2024-03-29,0,1,17,3,26,1,8,4
musgj001,SDN,SLN,SDN202404030,2024-04-03,0,1,18,7,22,1,5,1
musgj001,SDN,CHN,SDN202404090,2024-04-09,0,1,12,5,21,3,5,4
musgj001,SDN,MIL,MIL202404150,2024-04-15,0,0,18,3,26,4,7,3
musgj001,SDN,TOR,SDN202404210,2024-04-21,0,1,21,3,25,0,5,3
musgj001,SDN,PHI,SDN202404260,2024-04-26,0,1,11,4,21,2,8,7
musgj001,SDN,CIN,SDN202405010,2024-05-01,0,1,18,9,21,0,4,2
musgj001,SDN,CIN,CIN202405210,2024-05-21,0,0,9,3,15,2,3,1
musgj001,SDN,NYA,SDN202405260,2024-05-26,0,1,16,5,20,0,6,1
musgj001,SDN,PIT,SDN202408120,2024-08-12,0,1,13,1,17,1,2,0
musgj001,SDN,COL,COL202408180,2024-08-18,0,0,13,6,17,2,3,1
musgj001,SDN,NYN,SDN202408230,2024-08-23,0,1,21,9,22,0,1,0
musgj001,SDN,SLN,SLN202408280,2024-08-28,0,0,18,3,25,1,7,3
musgj001,SDN,DET,SDN202409020,2024-09-02,0,1,18,8,23,2,3,0
musgj001,SDN,SFN,SDN202409080,2024-09-08,0,1,13,7,22,1,8,6
musgj001,SDN,SFN,SFN202409140,2024-09-14,0,0,18,8,22,0,3,0
musgj001,SDN,CHA,SDN202409200,2024-09-20,0,1,18,9,23,0,4,0
musgj001,SDN,LAN,LAN202409260,2024-09-26,0,0,19,6,25,1,5,2
myert001,MIL,PIT,PIT202404230,2024-04-23,0,0,15,4,19,1,4,1
myert001,MIL,NYA,MIL202404280,2024-04-28,0,1,15,5,20,0,5,4
myert001,MIL,CHN,CHN202405040,2024-05-04,0,0,9,2,16,4,3,4
myert001,MIL,SLN,MIL202405090,2024-05-09,0,1,12,6,19,4,3,1
myert001,MIL,BOS,BOS202405260,2024-05-26,0,0,13,4,18,0,6,1
myert001,MIL,CHA,MIL202405310,2024-05-31,0,1,13,4,21,1,7,5
myert001,MIL,DET,DET202406070,2024-06-07,0,0,24,5,27,3,1,0
myert001,MIL,TOR,MIL202406120,2024-06-12,0,1,18,4,20,1,3,1
myert001,MIL,ANA,ANA202406180,2024-06-18,0,0,19,6,24,2,4,0
myert001,MIL,SDN,SDN202406230,2024-06-23,0,0,15,3,20,0,5,1
myert001,MIL,CHN,MIL202406290,2024-06-29,0,1,18,6,27,2,7,3
myert001,MIL,COL,COL202407040,2024-07-04,0,0,18,5,26,1,8,4
myert001,MIL,PIT,MIL202407100,2024-07-10,0,1,24,6,28,1,4,0
myert001,MIL,CHN,CHN202407220,2024-07-22,0,0,16,6,24,2,6,2
myert001,MIL,MIA,MIL202407280,2024-07-28,0,1,12,5,18,1,3,1
myert001,MIL,WAS,WAS202408040,2024-08-04,0,0,15,2,18,1,4,1
myert001,MIL,CIN,MIL202408100,2024-08-10,0,1,22,9,26,0,3,0
myert001,MIL,LAN,MIL202408150,2024-08-15,0,1,17,1,26,1,8,2
myert001,MIL,SLN,SLN202408210,2024-08-21,0,0,12,5,20,2,6,2
myert001,MIL,SFN,MIL202408270,2024-08-27,0,1,15,4,19,1,3,3
myert001,MIL,CIN,CIN202409010,2024-09-01,0,0,17,7,28,4,8,2
myert001,MIL,COL,MIL202409070,2024-09-07,0,1,18,11,23,1,4,1
myert001,MIL,ARI,ARI202409140,2024-09-14,0,0,18,3,26,0,9,4
myert001,MIL,ARI,MIL202409190,2024-09-19,0,1,12,5,20,3,4,1
myert001,MIL,PIT,PIT202409240,2024-09-24,0,0,12,2,18,0,6,2
myert001,MIL,SFN,SFN202504240,2025-04-24,0,0,12,2,20,4,4,2
myert001,MIL,CHA,CHA202504300,2025-04-30,0,0,6,3,11,3,2,2
myert001,MIL,HOU,MIL202505050,2025-05-05,0,1,16,2,23,0,6,1
myert001,MIL,TBA,TBA202505100,2025-05-10,0,0,12,3,18,3,3,2
myert001,MIL,MIN,MIL202505170,2025-05-17,0,1,11,4,21,0,11,4
myert001,MIL,NYN,MIL202508090,2025-08-09,0,1,10,4,17,2,5,3
nastn001,CHA,KCA,CHA202404150,2024-04-15,0,1,15,5,20,2,3,2
nastn001,CHA,PHI,PHI202404210,2024-04-21,0,0,9,3,20,5,6,5
nastn001,CHA,TOR,TOR202405220,2024-05-22,0,0,10,0,23,6,7,8
nastn001,CHA,TOR,CHA202405270,2024-05-27,0,1,15,5,22,4,3,3
nastn001,CHA,MIL,MIL202406020,2024-06-02,0,0,12,1,18,3,3,4
nastn001,CHA,BOS,CHA202406080,2024-06-08,0,1,13,5,19,5,2,1
nastn001,CHA,TEX,CHA202408290,2024-08-29,0,1,18,3,22,1,3,1
nastn001,CHA,BAL,BAL202409030,2024-09-03,0,0,5,2,16,6,4,4
nelsr003,ARI,NYA,ARI202404010,2024-04-01,0,1,8,2,17,4,5,4
nelsr003,ARI,ATL,ATL202404070,2024-04-07,0,0,15,7,21,0,5,3
nelsr003,ARI,SLN,ARI202404130,2024-04-13,0,1,18,4,26,1,7,1
nelsr003,ARI,SFN,SFN202404180,2024-04-18,0,0,6,0,7,0,2,0
nelsr003,ARI,SDN,ARI202405050,2024-05-05,0,1,15,3,23,1,8,4
nelsr003,ARI,BAL,BAL202405110,2024-05-11,0,0,14,3,22,0,10,3
nelsr003,ARI,DET,ARI202405170,2024-05-17,0,1,12,4,25,1,11,8
nelsr003,ARI,TEX,TEX202405290,2024-05-29,0,0,18,3,25,3,5,4
nelsr003,ARI,SFN,ARI202406030,2024-06-03,0,1,23,1,27,0,6,2
nelsr003,ARI,SDN,SDN202406080,2024-06-08,0,0,10,1,21,4,6,5
nelsr003,ARI,CHA,ARI202406140,2024-06-14,0,1,18,8,24,1,6,1
nelsr003,ARI,WAS,WAS202406200,2024-06-20,0,0,21,2,24,0,3,2
nelsr003,ARI,MIN,ARI202406260,2024-06-26,0,1,11,3,23,0,10,6
nelsr003,ARI,SDN,SDN202407070,2024-07-07,0,0,20,5,23,1,3,1
nelsr003,ARI,TOR,ARI202407120,2024-07-12,0,1,21,5,26,0,5,3
nelsr003,ARI,CHN,CHN202407190,2024-07-19,0,0,17,9,22,2,3,1
nelsr003,ARI,KCA,KCA202407240,2024-07-24,0,0,18,2,27,2,9,4
nelsr003,ARI,WAS,ARI202407300,2024-07-30,0,1,21,9,24,2,2,0
nelsr003,ARI,PIT,PIT202408040,2024-08-04,0,0,15,7,23,2,6,4
nelsr003,ARI,PHI,ARI202408090,2024-08-09,0,1,22,9,25,1,3,2
nelsr003,ARI,TBA,TBA202408160,2024-08-16,0,0,19,6,24,0,5,1
nelsr003,ARI,BOS,BOS202408230,2024-08-23,0,0,18,7,24,1,5,2
nelsr003,ARI,NYN,ARI202408290,2024-08-29,0,1,19,4,25,0,8,2
nelsr003,ARI,SFN,SFN202409030,2024-09-03,0,0,20,9,26,2,4,2
nelsr003,ARI,HOU,HOU202409080,2024-09-08,0,0,14,4,23,2,6,5
nelsr003,ARI,NYN,ARI202505050,2025-05-05,0,1,13,2,19,4,3,2
nelsr003,ARI,LAN,LAN202505200,2025-05-20,0,0,15,2,18,1,3,1
nelsr003,ARI,PIT,ARI202505260,2025-05-26,0,1,20,4,24,0,4,0
nelsr003,ARI,CIN,CIN202506070,2025-06-07,0,0,9,3,17,4,4,7
nelsr003,ARI,SDN,ARI202506130,2025-06-13,0,1,15,3,21,1,6,0
nelsr003,ARI,TOR,TOR202506190,2025-06-19,0,0,17,4,20,2,1,1
nelsr003,ARI,CHA,CHA202506240,2025-06-24,0,0,15,7,19,3,1,1
nelsr003,ARI,SFN,ARI202506300,2025-06-30,0,1,20,7,24,0,5,2
nelsr003,ARI,KCA,ARI202507050,2025-07-05,0,1,21,5,24,0,4,1
nelsr003,ARI,ANA,ANA202507110,2025-07-11,0,0,12,1,22,4,7,4
nelsr003,ARI,SLN,ARI202507190,2025-07-19,0,1,18,4,23,1,4,1
nelsr003,ARI,PIT,PIT202507250,2025-07-25,0,0,18,4,22,2,1,0
nelsr003,ARI,DET,DET202507300,2025-07-30,0,0,16,8,23,0,6,1
nelsr003,ARI,SDN,ARI202508050,2025-08-05,0,1,17,8,24,2,6,2
nelsr003,ARI,TEX,TEX202508110,2025-08-11,0,0,16,6,23,0,7,5
nelsr003,ARI,COL,COL202508160,2025-08-16,0,0,19,4,27,0,8,4
nelsr003,ARI,CIN,ARI202508220,2025-08-22,0,1,18,6,24,2,4,3
nelsr003,ARI,MIL,MIL202508270,2025-08-27,0,0,18,3,23,0,6,1
nelsr003,ARI,TEX,ARI202509010,2025-09-01,0,1,18,7,23,1,4,3
nelsr003,ARI,BOS,ARI202509070,2025-09-07,0,1,18,3,21,3,3,1
nelsr003,ARI,MIN,MIN202509130,2025-09-13,0,0,18,4,23,3,4,0
nelsr003,ARI,PHI,ARI202509190,2025-09-19,0,1,15,1,22,2,5,2
nelsr003,ARI,LAN,ARI202509240,2025-09-24,0,1,18,9,25,0,7,3
newcs001,BOS,BAL,BAL202503310,2025-03-31,0,0,12,4,18,2,8,4
newcs001,BOS,SLN,BOS202504061,2025-04-06,1,1,14,5,23,3,6,1
newcs001,BOS,CHA,CHA202504110,2025-04-11,0,0,12,6,22,2,6,2
newcs001,BOS,TBA,TBA202504160,2025-04-16,0,0,14,4,18,2,4,0
newcs001,BOS,SEA,BOS202504230,2025-04-23,0,1,15,8,24,2,8,4
nikhd001,CLE,BOS,CLE202504262,2025-04-26,2,1,9,3,20,6,5,6
nolaa001,PHI,ATL,PHI202403300,2024-03-30,0,1,13,3,24,1,11,6
nolaa001,PHI,WAS,WAS202404050,2024-04-05,0,0,17,4,22,4,2,0
nolaa001,PHI,SLN,SLN202404100,2024-04-10,0,0,18,3,23,3,3,2
nolaa001,PHI,COL,PHI202404150,2024-04-15,0,1,22,9,27,1,4,1
nolaa001,PHI,CHA,PHI202404210,2024-04-21,0,1,24,7,29,1,4,2
nolaa001,PHI,SDN,SDN202404260,2024-04-26,0,0,24,10,32,1,7,3
nolaa001,PHI,SFN,PHI202405030,2024-05-03,0,1,12,4,19,4,4,2
nolaa001,PHI,TOR,PHI202405080,2024-05-08,0,1,17,7,26,0,9,4
nolaa001,PHI,NYN,NYN202405140,2024-05-14,0,0,27,8,30,0,4,0
nolaa001,PHI,WAS,PHI202405190,2024-05-19,0,1,21,5,26,3,2,2
nolaa001,PHI,COL,COL202405250,2024-05-25,0,0,18,5,24,2,5,2
nolaa001,PHI,SLN,PHI202405310,2024-05-31,0,1,19,6,24,2,3,2
nolaa001,PHI,MIL,PHI202406050,2024-06-05,0,1,21,5,23,0,2,0
nolaa001,PHI,BOS,BOS202406130,2024-06-13,0,0,11,2,23,2,11,8
nolaa001,PHI,SDN,PHI202406180,2024-06-18,0,1,18,6,22,1,4,3
nolaa001,PHI,DET,DET202406240,2024-06-24,0,0,21,6,26,0,6,1
nolaa001,PHI,MIA,PHI202406290,2024-06-29,0,1,20,9,27,0,6,3
nolaa001,PHI,ATL,ATL202407050,2024-07-05,0,0,18,8,23,0,5,3
nolaa001,PHI,LAN,PHI202407110,2024-07-11,0,1,18,9,24,2,4,1
nolaa001,PHI,PIT,PIT202407190,2024-07-19,0,0,15,4,22,1,6,4
nolaa001,PHI,MIN,MIN202407240,2024-07-24,0,0,18,6,26,3,6,1
nolaa001,PHI,NYA,PHI202407300,2024-07-30,0,1,17,4,27,3,7,2
nolaa001,PHI,LAN,LAN202408050,2024-08-05,0,0,18,4,24,0,8,4
nolaa001,PHI,ARI,ARI202408100,2024-08-10,0,0,15,4,25,3,9,3
nolaa001,PHI,WAS,PHI202408160,2024-08-16,0,1,20,4,27,2,7,0
nolaa001,PHI,ATL,ATL202408210,2024-08-21,0,0,16,5,26,2,8,2
nolaa001,PHI,HOU,PHI202408270,2024-08-27,0,1,21,6,26,1,4,0
nolaa001,PHI,ATL,PHI202409010,2024-09-01,0,1,18,9,23,1,4,2
nolaa001,PHI,MIA,MIA202409070,2024-09-07,0,0,14,5,25,2,9,4
nolaa001,PHI,NYN,PHI202409130,2024-09-13,0,1,13,7,21,2,6,6
nolaa001,PHI,MIL,MIL202409180,2024-09-18,0,0,21,9,25,1,3,1
nolaa001,PHI,CHN,PHI202409230,2024-09-23,0,1,18,7,26,2,7,2
nolaa001,PHI,WAS,WAS202409290,2024-09-29,0,0,15,7,23,0,9,3
nolaa001,PHI,WAS,WAS202503300,2025-03-30,0,0,16,8,23,0,6,5
nolaa001,PHI,LAN,PHI202504050,2025-04-05,0,1,18,2,25,1,7,3
nolaa001,PHI,SLN,SLN202504110,2025-04-11,0,0,15,7,24,4,5,2
nolaa001,PHI,SFN,PHI202504160,2025-04-16,0,1,16,8,28,4,9,6
nolaa001,PHI,NYN,NYN202504210,2025-04-21,0,0,19,6,26,2,7,4
nolaa001,PHI,CHN,CHN202504270,2025-04-27,0,0,21,6,24,1,3,1
nolaa001,PHI,ARI,PHI202505030,2025-05-03,0,1,18,8,23,1,4,0
nolaa001,PHI,CLE,CLE202505090,2025-05-09,0,0,15,5,23,2,6,4
nolaa001,PHI,SLN,PHI202505142,2025-05-14,2,1,11,2,24,1,12,9
nolaa001,PHI,WAS,WAS202508170,2025-08-17,0,0,7,4,15,1,7,6
nolaa001,PHI,WAS,PHI202508230,2025-08-23,0,1,18,6,24,1,5,2
nolaa001,PHI,ATL,PHI202508280,2025-08-28,0,1,18,4,23,3,4,4
nolaa001,PHI,MIL,MIL202509030,2025-09-03,0,0,15,6,24,2,6,6
nolaa001,PHI,NYN,PHI202509080,2025-09-08,0,1,18,7,22,2,3,0
nolaa001,PHI,KCA,PHI202509140,2025-09-14,0,1,18,5,26,1,6,6
nolaa001,PHI,ARI,ARI202509200,2025-09-20,0,0,16,4,24,2,7,4
nolaa001,PHI,MIN,PHI202509260,2025-09-26,0,1,24,9,26,0,2,1
oberb002,MIN,KCA,KCA202403310,2024-03-31,0,0,4,1,14,1,9,8
oberb002,MIN,LAN,MIN202404080,2024-04-08,0,1,15,7,19,2,3,1
oberb002,MIN,DET,DET202404140,2024-04-14,0,0,18,3,21,0,3,0
oberb002,MIN,DET,MIN202404200,2024-04-20,0,1,18,6,21,1,2,1
oberb002,MIN,ANA,ANA202404260,2024-04-26,0,0,22,8,27,3,3,2
oberb002,MIN,CHA,CHA202405010,2024-05-01,0,0,18,3,23,0,6,4
oberb002,MIN,SEA,MIN202405070,2024-05-07,0,1,15,7,19,1,3,2
oberb002,MIN,TOR,TOR202405120,2024-05-12,0,0,19,10,20,0,1,0
oberb002,MIN,CLE,CLE202405180,2024-05-18,0,0,12,4,20,1,8,5
oberb002,MIN,TEX,MIN202405240,2024-05-24,0,1,15,5,24,3,4,2
oberb002,MIN,KCA,MIN202405290,2024-05-29,0,1,15,4,24,0,9,6
oberb002,MIN,NYA,NYA202406040,2024-06-04,0,0,15,2,22,4,3,3
oberb002,MIN,PIT,PIT202406090,2024-06-09,0,0,14,5,21,2,7,4
oberb002,MIN,OAK,MIN202406161,2024-06-16,1,1,19,8,25,2,6,1
oberb002,MIN,OAK,OAK202406220,2024-06-22,0,0,27,10,30,0,4,2
oberb002,MIN,SEA,SEA202406280,2024-06-28,0,0,18,9,22,3,2,1
oberb002,MIN,DET,MIN202407040,2024-07-04,0,1,18,8,26,0,7,1
oberb002,MIN,CHA,CHA202407101,2024-07-10,1,0,18,6,22,1,4,3
oberb002,MIN,PHI,MIN202407220,2024-07-22,0,1,21,4,25,1,4,2
oberb002,MIN,DET,DET202407280,2024-07-28,0,0,24,11,27,2,1,0
oberb002,MIN,CHA,MIN202408030,2024-08-03,0,1,21,7,26,2,2,2
oberb002,MIN,CLE,MIN202408091,2024-08-09,1,1,18,9,23,2,2,0
oberb002,MIN,TEX,TEX202408150,2024-08-15,0,0,18,3,28,3,7,2
oberb002,MIN,SDN,SDN202408200,2024-08-20,0,0,18,5,22,0,4,3
oberb002,MIN,ATL,MIN202408260,2024-08-26,0,1,6,2,15,2,7,9
oberb002,MIN,TOR,MIN202409010,2024-09-01,0,1,18,8,23,3,1,1
oberb002,MIN,KCA,KCA202409070,2024-09-07,0,0,21,7,23,0,1,0
oberb002,MIN,CIN,MIN202409130,2024-09-13,0,1,20,6,27,2,6,5
oberb002,MIN,CLE,CLE202409180,2024-09-18,0,0,21,12,25,0,4,2
oberb002,MIN,MIA,MIN202409240,2024-09-24,0,1,15,7,25,2,8,4
oberb002,MIN,BAL,MIN202409290,2024-09-29,0,1,15,4,20,0,5,3
oberb002,MIN,SLN,SLN202503300,2025-03-30,0,0,8,3,19,3,8,8
oberb002,MIN,HOU,MIN202504050,2025-04-05,0,1,12,5,17,2,3,1
oberb002,MIN,KCA,KCA202504100,2025-04-10,0,0,18,4,24,1,5,1
oberb002,MIN,NYN,MIN202504150,2025-04-15,0,1,19,5,25,0,5,3
oberb002,MIN,CHA,MIN202504220,2025-04-22,0,1,18,6,25,1,8,1
oberb002,MIN,CLE,CLE202504280,2025-04-28,0,0,23,2,31,0,8,1
oberb002,MIN,BOS,BOS202505030,2025-05-03,0,0,18,6,25,1,7,1
oberb002,MIN,BAL,MIN202505080,2025-05-08,0,1,15,6,25,1,8,1
oberb002,MIN,BAL,BAL202505141,2025-05-14,1,0,14,3,20,3,2,3
oberb002,MIN,CLE,MIN202505190,2025-05-19,0,1,9,3,12,0,3,1
oberb002,MIN,KCA,MIN202505250,2025-05-25,0,1,20,3,27,1,7,1
oberb002,MIN,SEA,SEA202505310,2025-05-31,0,0,12,4,19,1,6,2
oberb002,MIN,TOR,MIN202506060,2025-06-06,0,1,21,4,28,1,5,5
oberb002,MIN,TEX,MIN202506120,2025-06-12,0,1,14,3,26,6,6,7
oberb002,MIN,CIN,CIN202506180,2025-06-18,0,0,17,5,25,0,9,4
oberb002,MIN,SEA,MIN202506230,2025-06-23,0,1,21,7,29,0,7,7
oberb002,MIN,DET,DET202506280,2025-06-28,0,0,17,5,29,1,11,7
oberb002,MIN,CLE,CLE202508020,2025-08-02,0,0,15,4,22,1,6,4
oberb002,MIN,KCA,MIN202508090,2025-08-09,0,1,18,4,22,1,4,1
oberb002,MIN,DET,MIN202508140,2025-08-14,0,1,16,4,20,0,4,3
oberb002,MIN,ATH,MIN202508200,2025-08-20,0,1,17,7,21,1,3,2
oberb002,MIN,TOR,TOR202508260,2025-08-26,0,0,15,3,23,0,10,4
oberb002,MIN,CHA,MIN202509010,2025-09-01,0,1,15,3,22,2,6,4
oberb002,MIN,KCA,KCA202509070,2025-09-07,0,0,16,6,21,1,4,1
oberb002,MIN,ARI,MIN202509140,2025-09-14,0,1,18,9,23,0,4,4
oberb002,MIN,CLE,MIN202509202,2025-09-20,2,1,15,1,25,2,8,6
oberb002,MIN,TEX,TEX202509250,2025-09-25,0,0,18,5,19,1,2,0
ogass001,WAS,BOS,WAS202507060,2025-07-06,0,1,8,2,16,0,7,4
ogass001,WAS,MIL,MIL202507120,2025-07-12,0,0,12,2,16,1,4,3
ohl-p001,MIN,BOS,MIN202507290,2025-07-29,0,1,9,4,15,1,5,4
ohl-p001,MIN,DET,DET202508060,2025-08-06,0,0,8,3,12,0,4,4
ohl-p001,MIN,DET,MIN202508150,2025-08-15,0,1,7,1,17,2,8,3
ohtas001,LAN,SDN,LAN202506160,2025-06-16,0,1,3,0,5,0,2,1
ohtas001,LAN,WAS,LAN202506220,2025-06-22,0,1,3,2,4,0,0,0
ohtas001,LAN,KCA,KCA202506280,2025-06-28,0,0,6,1,7,1,1,0
ohtas001,LAN,HOU,LAN202507050,2025-07-05,0,1,6,3,6,0,1,0
ohtas001,LAN,SFN,SFN202507120,2025-07-12,0,0,9,4,11,1,1,0
ohtas001,LAN,MIN,LAN202507210,2025-07-21,0,1,9,3,14,1,4,1
ohtas001,LAN,CIN,CIN202507300,2025-07-30,0,0,9,4,16,2,5,2
ohtas001,LAN,SLN,LAN202508060,2025-08-06,0,1,12,8,14,0,2,1
ohtas001,LAN,ANA,ANA202508130,2025-08-13,0,0,13,7,19,0,5,4
ohtas001,LAN,COL,COL202508200,2025-08-20,0,0,12,3,20,0,9,5
ohtas001,LAN,CIN,LAN202508270,2025-08-27,0,1,15,9,19,2,2,1
ohtas001,LAN,BAL,BAL202509050,2025-09-05,0,0,11,5,15,1,3,0
ohtas001,LAN,PHI,LAN202509160,2025-09-16,0,1,15,5,16,1,0,0
ohtas001,LAN,ARI,ARI202509230,2025-09-23,0,0,18,8,22,0,5,0
okers001,MIN,PHI,MIN202407240,2024-07-24,0,1,1,0,3,1,1,0
okers001,HOU,MIA,MIA202508050,2025-08-05,0,0,5,2,6,0,1,1
ollea001,MIA,ARI,MIA202408190,2024-08-19,0,1,14,2,23,4,3,5
ollea001,MIA,CHN,MIA202408250,2024-08-25,0,1,17,6,23,2,4,1
ollea001,MIA,SFN,SFN202408300,2024-08-30,0,0,18,8,21,2,2,0
ollea001,MIA,PHI,MIA202409050,2024-09-05,0,1,16,6,25,5,5,4
ollea001,MIA,PIT,PIT202409100,2024-09-10,0,0,15,2,24,3,7,6
ollea001,MIA,WAS,WAS202409150,2024-09-15,0,0,15,2,21,2,6,3
ollea001,MIA,ATL,MIA202409210,2024-09-21,0,1,17,7,27,2,8,2
ollea001,MIA,TOR,TOR202409270,2024-09-27,0,0,15,3,25,2,8,4
olsor001,DET,NYN,NYN202404010,2024-04-01,0,0,17,3,22,2,3,0
olsor001,DET,PIT,PIT202404080,2024-04-08,0,0,13,3,26,3,9,6
olsor001,DET,TEX,DET202404150,2024-04-15,0,1,19,8,25,1,6,1
olsor001,DET,MIN,MIN202404200,2024-04-20,0,0,15,4,23,2,5,2
olsor001,DET,KCA,DET202404260,2024-04-26,0,1,21,8,27,3,3,1
olsor001,DET,NYA,NYA202405030,2024-05-03,0,0,15,5,18,2,2,0
olsor001,DET,CLE,CLE202405080,2024-05-08,0,0,18,4,22,2,1,1
olsor001,DET,MIA,DET202405140,2024-05-14,0,1,24,6,26,0,3,0
olsor001,DET,KCA,KCA202405200,2024-05-20,0,0,8,2,14,1,5,1
olsor001,DET,TOR,DET202405250,2024-05-25,0,1,19,4,26,3,3,0
olsor001,DET,BOS,BOS202406010,2024-06-01,0,0,16,5,23,1,6,5
olsor001,DET,MIL,DET202406070,2024-06-07,0,1,12,6,24,1,12,8
olsor001,DET,WAS,DET202406120,2024-06-12,0,1,16,3,27,2,10,4
olsor001,DET,ATL,ATL202406170,2024-06-17,0,0,18,8,22,0,4,0
olsor001,DET,CHA,DET202406230,2024-06-23,0,1,19,3,23,0,4,2
olsor001,DET,ANA,ANA202406290,2024-06-29,0,0,18,9,26,3,5,2
olsor001,DET,CIN,CIN202407050,2024-07-05,0,0,17,8,21,2,3,1
olsor001,DET,CLE,DET202407100,2024-07-10,0,1,18,3,23,1,6,3
olsor001,DET,TOR,TOR202407200,2024-07-20,0,0,6,0,7,2,1,0
olsor001,DET,KCA,KCA202409160,2024-09-16,0,0,7,3,12,1,4,4
olsor001,DET,BAL,BAL202409210,2024-09-21,0,0,9,3,12,1,1,1
olsor001,DET,TBA,DET202409260,2024-09-26,0,1,12,3,16,0,4,2
olsor001,DET,LAN,LAN202503290,2025-03-29,0,0,14,5,20,2,4,4
olsor001,DET,CHA,DET202504050,2025-04-05,0,1,18,5,25,3,7,2
olsor001,DET,MIN,MIN202504110,2025-04-11,0,0,13,3,22,3,6,4
olsor001,DET,KCA,DET202504170,2025-04-17,0,1,15,5,22,2,4,0
olsor001,DET,SDN,DET202504230,2025-04-23,0,1,22,7,25,1,2,0
olsor001,DET,HOU,HOU202504290,2025-04-29,0,0,17,7,23,3,4,3
olsor001,DET,ANA,ANA202505040,2025-05-04,0,0,17,8,24,3,3,0
olsor001,DET,TEX,DET202505110,2025-05-11,0,1,12,5,21,1,7,3
olsor001,DET,TOR,TOR202505170,2025-05-17,0,0,18,6,19,1,1,0
olsor001,DET,CLE,CLE202507040,2025-07-04,0,0,13,3,19,1,6,1
olsor001,DET,TBA,DET202507090,2025-07-09,0,1,15,1,21,2,6,2
olsor001,DET,TEX,TEX202507180,2025-07-18,0,0,15,6,18,1,2,0
olsor001,DET,TOR,DET202507240,2025-07-24,0,1,17,4,26,2,6,5
ortil003,PIT,CIN,CIN202406260,2024-06-26,0,0,18,7,21,0,4,1
ortil003,PIT,NYN,PIT202407070,2024-07-07,0,1,18,5,21,0,4,0
ortil003,PIT,CHA,CHA202407130,2024-07-13,0,0,17,5,22,1,4,1
ortil003,PIT,PHI,PIT202407200,2024-07-20,0,1,21,2,25,2,3,0
ortil003,PIT,ARI,ARI202407260,2024-07-26,0,0,15,4,22,3,5,3
ortil003,PIT,ARI,PIT202408020,2024-08-02,0,1,16,2,25,3,6,6
ortil003,PIT,SDN,PIT202408080,2024-08-08,0,1,18,3,24,1,4,4
ortil003,PIT,SDN,SDN202408130,2024-08-13,0,0,15,3,20,2,3,2
ortil003,PIT,TEX,TEX202408190,2024-08-19,0,0,18,7,24,1,5,4
ortil003,PIT,CIN,PIT202408250,2024-08-25,0,1,18,5,25,1,4,0
ortil003,PIT,CLE,CLE202408310,2024-08-31,0,0,18,5,21,3,1,0
ortil003,PIT,WAS,PIT202409071,2024-09-07,1,1,17,2,25,2,6,3
ortil003,PIT,KCA,PIT202409130,2024-09-13,0,1,12,5,20,2,5,4
ortil003,PIT,SLN,SLN202409190,2024-09-19,0,0,18,7,24,2,5,2
ortil003,PIT,MIL,PIT202409250,2024-09-25,0,1,21,5,26,1,4,1
ortil003,CLE,SDN,SDN202503310,2025-03-31,0,0,14,2,26,4,9,7
ortil003,CLE,ANA,ANA202504060,2025-04-06,0,0,18,3,25,0,7,3
ortil003,CLE,KCA,CLE202504120,2025-04-12,0,1,17,10,20,2,1,1
ortil003,CLE,PIT,PIT202504180,2025-04-18,0,0,15,8,22,3,4,2
ortil003,CLE,NYA,CLE202504230,2025-04-23,0,1,13,8,24,5,5,4
ortil003,CLE,MIN,CLE202504300,2025-04-30,0,1,19,5,23,2,3,0
ortil003,CLE,WAS,WAS202505061,2025-05-06,1,0,16,4,25,3,5,5
ortil003,CLE,PHI,CLE202505110,2025-05-11,0,1,18,9,23,2,4,1
ortil003,CLE,CIN,CIN202505180,2025-05-18,0,0,15,7,23,2,6,2
ortil003,CLE,DET,DET202505240,2025-05-24,0,0,15,3,22,5,4,3
ortil003,CLE,ANA,CLE202505300,2025-05-30,0,1,18,5,25,2,7,1
ortil003,CLE,NYA,NYA202506040,2025-06-04,0,0,17,7,21,3,3,0
ortil003,CLE,CIN,CLE202506090,2025-06-09,0,1,14,5,23,1,9,4
ortil003,CLE,SEA,SEA202506150,2025-06-15,0,0,18,5,29,5,5,6
ortil003,CLE,ATH,ATH202506210,2025-06-21,0,0,18,10,23,2,2,0
ortil003,CLE,SLN,CLE202506270,2025-06-27,0,1,21,5,28,1,6,4
oviej001,PIT,SFN,PIT202508040,2025-08-04,0,1,3,3,8,3,2,2
oviej001,PIT,TOR,PIT202508200,2025-08-20,0,1,15,6,19,1,2,1
oviej001,PIT,SLN,SLN202508250,2025-08-25,0,0,12,5,16,1,3,1
oviej001,PIT,BOS,BOS202508300,2025-08-30,0,0,15,6,20,3,3,2
oviej001,PIT,MIL,PIT202509050,2025-09-05,0,1,15,4,20,3,1,0
oviej001,PIT,BAL,BAL202509110,2025-09-11,0,0,17,5,25,3,5,2
oviej001,PIT,CHN,PIT202509170,2025-09-17,0,1,15,3,24,3,5,4
oviej001,PIT,CIN,CIN202509230,2025-09-23,0,0,14,7,19,3,2,2
oviej001,PIT,ATL,ATL202509280,2025-09-28,0,0,15,3,19,3,3,2
paddc001,MIN,MIL,MIL202404030,2024-04-03,0,0,12,2,18,2,6,2
paddc001,MIN,LAN,MIN202404100,2024-04-10,0,1,14,5,22,2,6,2
paddc001,MIN,BAL,BAL202404160,2024-04-16,0,0,16,2,30,1,12,9
paddc001,MIN,CHA,MIN202404220,2024-04-22,0,1,21,10,27,0,6,0
paddc001,MIN,ANA,ANA202404270,2024-04-27,0,0,15,2,24,1,8,4
paddc001,MIN,BOS,MIN202405030,2024-05-03,0,1,18,6,21,1,2,0
paddc001,MIN,SEA,MIN202405080,2024-05-08,0,1,16,10,25,1,8,1
paddc001,MIN,NYA,MIN202405140,2024-05-14,0,1,15,4,29,2,12,5
paddc001,MIN,CLE,CLE202405190,2024-05-19,0,0,24,6,27,0,3,2
paddc001,MIN,TEX,MIN202405250,2024-05-25,0,1,15,3,19,0,4,2
paddc001,MIN,KCA,MIN202405300,2024-05-30,0,1,17,4,24,2,5,4
paddc001,MIN,NYA,NYA202406050,2024-06-05,0,0,12,7,20,2,6,7
paddc001,MIN,COL,MIN202406100,2024-06-10,0,1,19,6,23,0,6,0
paddc001,MIN,OAK,MIN202406162,2024-06-16,2,1,7,0,13,1,5,5
paddc001,MIN,OAK,OAK202406210,2024-06-21,0,0,14,3,22,3,5,3
paddc001,MIN,CHA,CHA202407080,2024-07-08,0,0,15,3,19,2,3,2
paddc001,MIN,SFN,SFN202407140,2024-07-14,0,0,15,6,21,1,5,1
paddc001,MIN,CHA,CHA202503310,2025-03-31,0,0,10,2,20,4,6,9
paddc001,MIN,HOU,MIN202504060,2025-04-06,0,1,12,2,21,2,7,3
paddc001,MIN,DET,MIN202504120,2025-04-12,0,1,15,5,19,2,2,1
paddc001,MIN,ATL,ATL202504180,2025-04-18,0,0,15,6,20,1,3,1
paddc001,MIN,CHA,MIN202504240,2025-04-24,0,1,15,5,24,4,5,2
paddc001,MIN,CLE,CLE202504290,2025-04-29,0,0,15,2,19,1,4,1
paddc001,MIN,BOS,BOS202505040,2025-05-04,0,0,15,2,22,2,5,3
paddc001,MIN,SFN,MIN202505090,2025-05-09,0,1,22,6,25,0,3,1
paddc001,MIN,BAL,BAL202505150,2025-05-15,0,0,21,3,23,1,3,0
paddc001,MIN,CLE,MIN202505210,2025-05-21,0,1,16,2,24,2,7,2
paddc001,MIN,TBA,TBA202505260,2025-05-26,0,0,16,5,21,0,5,2
paddc001,MIN,SEA,SEA202506010,2025-06-01,0,0,24,10,29,1,4,1
paddc001,MIN,TOR,MIN202506070,2025-06-07,0,1,18,2,24,2,4,2
paddc001,MIN,HOU,HOU202506130,2025-06-13,0,0,12,1,24,1,12,8
paddc001,MIN,CIN,CIN202506190,2025-06-19,0,0,15,3,21,0,6,4
paddc001,MIN,SEA,MIN202506240,2025-06-24,0,1,15,4,23,1,5,4
paddc001,MIN,DET,DET202506290,2025-06-29,0,0,14,3,21,0,6,3
paddc001,MIN,TBA,MIN202507040,2025-07-04,0,1,15,5,20,0,5,2
paddc001,MIN,CHN,MIN202507100,2025-07-10,0,1,15,2,27,1,11,6
paddc001,MIN,COL,COL202507180,2025-07-18,0,0,15,5,24,2,8,5
paddc001,MIN,LAN,LAN202507230,2025-07-23,0,0,18,8,21,0,4,1
paddc001,DET,ARI,DET202507300,2025-07-30,0,1,18,5,20,0,3,1
paddc001,DET,MIN,DET202508050,2025-08-05,0,1,12,0,18,0,6,4
paddc001,DET,CHA,CHA202508110,2025-08-11,0,0,17,4,20,1,3,1
paddc001,DET,MIN,MIN202508170,2025-08-17,0,0,17,4,28,3,9,8
paddc001,DET,KCA,DET202508230,2025-08-23,0,1,15,1,19,1,5,1
paddc001,DET,KCA,KCA202508290,2025-08-29,0,0,11,0,16,0,5,3
paddc001,DET,BOS,BOS202509280,2025-09-28,0,0,13,5,24,4,7,4
pagae001,CIN,SLN,CIN202408140,2024-08-14,0,1,6,1,6,0,2,0
palla001,SLN,CIN,CIN202405290,2024-05-29,0,0,18,4,22,3,3,0
palla001,SLN,HOU,HOU202406040,2024-06-04,0,0,9,1,19,3,6,6
palla001,SLN,COL,SLN202406090,2024-06-09,0,1,15,6,18,1,3,0
palla001,SLN,CHN,CHN202406150,2024-06-15,0,0,10,4,14,0,5,1
palla001,SLN,SFN,SLN202406200,2024-06-20,0,1,16,5,24,3,7,5
palla001,SLN,CIN,SLN202406280,2024-06-28,0,1,16,5,23,3,4,0
palla001,SLN,PIT,PIT202407040,2024-07-04,0,0,21,5,24,1,4,1
palla001,SLN,KCA,SLN202407101,2024-07-10,1,1,19,5,25,0,6,4
palla001,SLN,PIT,PIT202407220,2024-07-22,0,0,18,3,23,2,3,1
palla001,SLN,TEX,SLN202407290,2024-07-29,0,1,15,5,24,2,7,3
palla001,SLN,NYN,SLN202408050,2024-08-05,0,1,14,2,21,2,5,5
palla001,SLN,KCA,KCA202408100,2024-08-10,0,0,17,4,24,4,3,1
palla001,SLN,LAN,SLN202408170,2024-08-17,0,1,21,5,26,2,4,2
palla001,SLN,MIN,MIN202408230,2024-08-23,0,0,21,5,27,2,5,1
palla001,SLN,SDN,SLN202408280,2024-08-28,0,1,17,3,27,2,8,2
palla001,SLN,MIL,MIL202409020,2024-09-02,0,0,15,3,24,5,5,5
palla001,SLN,CIN,SLN202409100,2024-09-10,0,1,15,6,25,5,6,3
palla001,SLN,PIT,SLN202409160,2024-09-16,0,1,21,9,26,1,4,0
palla001,SLN,CLE,SLN202409220,2024-09-22,0,1,21,4,23,2,1,1
palla001,SLN,SFN,SFN202409280,2024-09-28,0,0,15,4,21,0,7,3
palla001,SLN,MIN,SLN202503300,2025-03-30,0,1,15,3,21,2,4,2
palla001,SLN,BOS,BOS202504061,2025-04-06,1,0,13,6,20,3,4,2
palla001,SLN,PHI,SLN202504110,2025-04-11,0,1,21,4,25,2,2,0
palla001,SLN,NYN,NYN202504170,2025-04-17,0,0,18,2,23,0,7,4
palla001,SLN,ATL,ATL202504220,2025-04-22,0,0,13,1,23,3,7,4
palla001,SLN,CIN,CIN202504280,2025-04-28,0,0,18,4,25,2,6,3
palla001,SLN,NYN,SLN202505042,2025-05-04,2,1,10,1,21,4,9,4
palla001,SLN,WAS,WAS202505100,2025-05-10,0,0,22,7,27,0,5,2
palla001,SLN,KCA,KCA202505160,2025-05-16,0,0,21,4,28,0,7,2
palla001,SLN,DET,SLN202505210,2025-05-21,0,1,17,3,24,4,4,3
palla001,SLN,BAL,BAL202505270,2025-05-27,0,0,17,7,27,3,6,3
palla001,SLN,KCA,SLN202506030,2025-06-03,0,1,13,2,20,0,7,7
palla001,SLN,TOR,SLN202506090,2025-06-09,0,1,18,3,27,1,7,2
palla001,SLN,MIL,MIL202506140,2025-06-14,0,0,13,7,20,2,4,3
palla001,SLN,CIN,SLN202506200,2025-06-20,0,1,18,4,21,1,3,0
palla001,SLN,CHN,SLN202506260,2025-06-26,0,1,15,2,23,2,7,2
palla001,SLN,PIT,PIT202507010,2025-07-01,0,0,21,3,23,2,1,0
palla001,SLN,WAS,SLN202507090,2025-07-09,0,1,18,1,27,1,8,7
palla001,SLN,ARI,ARI202507180,2025-07-18,0,0,14,3,25,2,9,5
palla001,SLN,COL,COL202507230,2025-07-23,0,0,15,5,24,2,8,5
palla001,SLN,MIA,SLN202507280,2025-07-28,0,1,21,4,23,1,1,0
palla001,SLN,SDN,SDN202508030,2025-08-03,0,0,15,4,22,3,5,2
palla001,SLN,CHN,SLN202508090,2025-08-09,0,1,5,0,13,1,7,6
palla001,SLN,NYA,SLN202508150,2025-08-15,0,1,15,8,23,3,6,4
palla001,SLN,MIA,MIA202508200,2025-08-20,0,0,16,4,27,3,8,5
palla001,SLN,PIT,SLN202508260,2025-08-26,0,1,15,3,24,1,8,7
palla001,SLN,CIN,CIN202508310,2025-08-31,0,0,15,6,25,4,6,2
palla001,SLN,SFN,SLN202509060,2025-09-06,0,1,18,3,24,1,5,2
palla001,SLN,MIL,MIL202509120,2025-09-12,0,0,15,0,22,4,3,2
palla001,SLN,CIN,SLN202509170,2025-09-17,0,1,15,3,24,3,6,4
palla001,SLN,SFN,SFN202509230,2025-09-23,0,0,8,4,14,2,3,2
palmc001,COL,ARI,ARI202505160,2025-05-16,0,0,12,0,19,1,6,5
palmc001,COL,PHI,COL202505210,2025-05-21,0,1,13,2,26,4,10,6
palmc001,COL,CHN,CHN202505260,2025-05-26,0,0,15,4,21,3,3,2
palmc001,COL,NYN,NYN202506010,2025-06-01,0,0,14,8,21,2,4,4
palmc001,COL,SFN,COL202506100,2025-06-10,0,1,12,2,21,3,4,2
palmc001,COL,WAS,WAS202506160,2025-06-16,0,0,14,2,21,3,4,4
palmc001,COL,ARI,COL202506210,2025-06-21,0,1,12,4,18,2,4,3
parkm001,WAS,LAN,LAN202404150,2024-04-15,0,0,15,4,19,0,4,2
parkm001,WAS,HOU,WAS202404210,2024-04-21,0,1,21,8,24,0,3,0
parkm001,WAS,MIA,MIA202404270,2024-04-27,0,0,12,2,19,2,6,1
parkm001,WAS,TEX,TEX202405020,2024-05-02,0,0,16,5,24,2,6,3
parkm001,WAS,BAL,WAS202405080,2024-05-08,0,1,17,3,21,1,5,2
parkm001,WAS,CHA,CHA202405142,2024-05-14,2,0,15,3,21,2,5,3
parkm001,WAS,MIN,WAS202405200,2024-05-20,0,1,18,7,25,1,7,3
parkm001,WAS,ATL,ATL202405270,2024-05-27,0,0,19,6,24,0,5,3
parkm001,WAS,CLE,CLE202406010,2024-06-01,0,0,17,5,25,4,4,3
parkm001,WAS,ATL,WAS202406060,2024-06-06,0,1,21,2,25,0,3,2
parkm001,WAS,DET,DET202406110,2024-06-11,0,0,14,1,22,3,4,0
parkm001,WAS,MIA,WAS202406160,2024-06-16,0,1,18,4,25,0,6,1
parkm001,WAS,COL,COL202406220,2024-06-22,0,0,18,8,25,2,6,4
parkm001,WAS,TBA,TBA202406280,2024-06-28,0,0,15,5,22,1,6,2
parkm001,WAS,NYN,WAS202407030,2024-07-03,0,1,18,5,23,0,5,5
parkm001,WAS,SLN,WAS202407080,2024-07-08,0,1,21,6,28,1,6,1
parkm001,WAS,MIL,MIL202407130,2024-07-13,0,0,2,2,7,2,3,5
parkm001,WAS,SDN,WAS202407240,2024-07-24,0,1,9,5,19,3,7,6
parkm001,WAS,ARI,ARI202407290,2024-07-29,0,0,15,3,20,2,4,2
parkm001,WAS,MIL,WAS202408040,2024-08-04,0,1,18,3,22,3,3,0
parkm001,WAS,ANA,WAS202408090,2024-08-09,0,1,19,5,28,0,8,0
parkm001,WAS,PHI,PHI202408150,2024-08-15,0,0,9,6,21,2,10,9
parkm001,WAS,COL,WAS202408210,2024-08-21,0,1,21,6,26,1,5,1
parkm001,WAS,NYA,WAS202408260,2024-08-26,0,1,12,5,19,2,5,2
parkm001,WAS,CHN,WAS202409010,2024-09-01,0,1,18,8,27,1,7,3
parkm001,WAS,PIT,PIT202409072,2024-09-07,2,0,10,5,19,4,6,4
parkm001,WAS,MIA,WAS202409120,2024-09-12,0,1,19,5,25,0,3,0
parkm001,WAS,NYN,NYN202409170,2024-09-17,0,0,11,1,19,2,7,5
parkm001,WAS,KCA,WAS202409240,2024-09-24,0,1,15,5,22,2,5,0
parkm001,WAS,PHI,WAS202503300,2025-03-30,0,1,19,5,27,2,7,0
parkm001,WAS,ARI,WAS202504050,2025-04-05,0,1,18,2,23,4,2,1
parkm001,WAS,MIA,MIA202504110,2025-04-11,0,0,18,3,27,2,5,3
parkm001,WAS,PIT,PIT202504160,2025-04-16,0,0,18,6,24,1,4,1
parkm001,WAS,BAL,WAS202504220,2025-04-22,0,1,24,4,27,2,1,0
parkm001,WAS,NYN,WAS202504270,2025-04-27,0,1,15,0,26,5,7,6
parkm001,WAS,CIN,CIN202505020,2025-05-02,0,0,12,1,21,4,4,5
parkm001,WAS,SLN,WAS202505090,2025-05-09,0,1,12,5,21,2,7,4
parkm001,WAS,ATL,ATL202505140,2025-05-14,0,0,14,6,20,2,4,4
parkm001,WAS,ATL,WAS202505200,2025-05-20,0,1,16,4,22,1,6,3
parkm001,WAS,SEA,SEA202505270,2025-05-27,0,0,14,4,21,1,7,4
parkm001,WAS,ARI,ARI202506010,2025-06-01,0,0,15,2,20,2,3,3
parkm001,WAS,TEX,WAS202506070,2025-06-07,0,1,18,5,21,0,4,0
parkm001,WAS,MIA,WAS202506130,2025-06-13,0,1,10,3,21,3,8,6
parkm001,WAS,COL,WAS202506180,2025-06-18,0,1,18,8,23,0,6,1
parkm001,WAS,SDN,SDN202506230,2025-06-23,0,0,18,1,26,2,6,3
parkm001,WAS,ANA,ANA202506290,2025-06-29,0,0,15,3,23,3,6,3
parkm001,WAS,BOS,WAS202507050,2025-07-05,0,1,18,4,31,1,10,4
parkm001,WAS,MIL,MIL202507110,2025-07-11,0,0,14,0,25,3,8,7
parkm001,WAS,SDN,WAS202507190,2025-07-19,0,1,18,4,24,1,5,2
parkm001,WAS,MIN,MIN202507260,2025-07-26,0,0,17,4,25,1,8,2
parkm001,WAS,MIL,WAS202508010,2025-08-01,0,1,12,3,25,1,12,8
parkm001,WAS,ATH,WAS202508070,2025-08-07,0,1,15,4,23,3,6,4
parkm001,WAS,KCA,KCA202508120,2025-08-12,0,0,16,3,21,3,2,5
parkm001,WAS,PHI,WAS202508170,2025-08-17,0,1,5,0,13,3,4,5
parkm001,WAS,PHI,PHI202508230,2025-08-23,0,0,15,3,22,1,6,6
parkm001,WAS,TBA,WAS202508290,2025-08-29,0,1,19,7,25,0,6,3
parkm001,WAS,MIA,WAS202509030,2025-09-03,0,1,14,4,23,1,7,2
parkm001,WAS,MIA,MIA202509090,2025-09-09,0,0,23,2,28,2,4,2
parkm001,WAS,ATL,WAS202509150,2025-09-15,0,1,15,1,24,1,10,6
patrc001,MIL,KCA,MIL202504010,2025-04-01,0,1,14,5,20,3,3,0
patrc001,MIL,CIN,MIL202504060,2025-04-06,0,1,16,4,20,3,2,1
patrc001,MIL,ARI,ARI202504120,2025-04-12,0,0,13,3,18,2,5,0
patrc001,MIL,ATH,MIL202504190,2025-04-19,0,1,18,7,23,0,7,2
patrc001,MIL,SLN,SLN202504250,2025-04-25,0,0,13,2,18,2,4,2
patrc001,MIL,CHA,CHA202505010,2025-05-01,0,0,17,4,23,0,6,3
patrc001,MIL,HOU,MIL202505060,2025-05-06,0,1,20,6,26,1,4,3
patrc001,MIL,TBA,TBA202505110,2025-05-11,0,0,13,4,21,2,6,2
patrc001,MIL,MIN,MIL202505160,2025-05-16,0,1,18,2,27,1,8,3
patrc001,MIL,BAL,MIL202505210,2025-05-21,0,1,14,7,20,1,4,1
patrc001,MIL,BOS,MIL202505260,2025-05-26,0,1,14,6,19,2,3,0
patrc001,MIL,PHI,PHI202505310,2025-05-31,0,0,18,6,23,0,5,2
patrc001,MIL,SDN,MIL202506060,2025-06-06,0,1,18,6,24,3,4,1
patrc001,MIL,ATL,MIL202506110,2025-06-11,0,1,15,8,26,3,7,5
patrc001,MIL,CHN,CHN202506170,2025-06-17,0,0,15,5,23,2,6,4
patrc001,MIL,PIT,MIL202506230,2025-06-23,0,1,15,9,24,1,9,4
patrc001,MIL,COL,MIL202506290,2025-06-29,0,1,15,8,20,2,4,0
patrc001,MIL,MIA,MIA202507050,2025-07-05,0,0,15,2,19,1,4,2
patrc001,MIL,CHN,CHN202508191,2025-08-19,1,0,15,4,22,2,5,3
patrc001,MIL,SFN,MIL202508240,2025-08-24,0,1,16,7,22,2,4,2
patrc001,MIL,TEX,TEX202509090,2025-09-09,0,0,13,6,18,3,3,3
patrc001,MIL,SLN,SLN202509200,2025-09-20,0,0,13,3,18,0,5,2
patrc001,MIL,SDN,SDN202509240,2025-09-24,0,0,9,6,12,2,2,0
paxtj001,LAN,SFN,LAN202404010,2024-04-01,0,1,15,5,23,5,4,0
paxtj001,LAN,MIN,MIN202404080,2024-04-08,0,0,18,4,22,1,3,2
paxtj001,LAN,SDN,LAN202404140,2024-04-14,0,1,15,1,23,8,3,3
paxtj001,LAN,WAS,WAS202404230,2024-04-23,0,0,14,1,21,3,5,1
paxtj001,LAN,ARI,ARI202404290,2024-04-29,0,0,15,4,25,5,6,4
paxtj001,LAN,ATL,LAN202405050,2024-05-05,0,1,20,3,25,2,5,1
paxtj001,LAN,SDN,SDN202405110,2024-05-11,0,0,18,4,22,0,4,0
paxtj001,LAN,CIN,LAN202405170,2024-05-17,0,1,18,2,24,0,7,3
paxtj001,LAN,CIN,CIN202405240,2024-05-24,0,0,14,4,22,4,5,5
paxtj001,LAN,NYN,NYN202405290,2024-05-29,0,0,9,3,12,0,2,0
paxtj001,LAN,PIT,PIT202406050,2024-06-05,0,0,5,2,13,2,6,6
paxtj001,LAN,TEX,LAN202406110,2024-06-11,0,1,18,2,22,2,2,1
paxtj001,LAN,COL,COL202406170,2024-06-17,0,0,21,8,25,1,2,1
paxtj001,LAN,CHA,CHA202406240,2024-06-24,0,0,15,6,21,3,3,0
paxtj001,LAN,SFN,SFN202406300,2024-06-30,0,0,12,4,25,2,12,9
paxtj001,LAN,MIL,LAN202407060,2024-07-06,0,1,15,3,21,2,4,2
paxtj001,LAN,DET,DET202407120,2024-07-12,0,0,11,1,20,4,5,3
paxtj001,LAN,BOS,LAN202407210,2024-07-21,0,1,15,7,24,4,4,3
paxtj001,BOS,SEA,BOS202407300,2024-07-30,0,1,13,5,21,1,6,3
paxtj001,BOS,KCA,KCA202408050,2024-08-05,0,0,18,4,23,1,5,2
paxtj001,BOS,HOU,BOS202408110,2024-08-11,0,1,2,0,3,0,2,0
pearn001,CHN,PHI,PHI202409230,2024-09-23,0,0,3,0,4,1,1,0
pegue001,CHA,DET,CHA202508110,2025-08-11,0,1,5,3,7,0,3,1
pennw002,TEX,OAK,TEX202409010,2024-09-01,0,1,4,1,6,1,1,0
pepir001,TBA,TEX,TBA202404010,2024-04-01,0,1,17,3,24,4,4,6
pepir001,TBA,COL,COL202404070,2024-04-07,0,0,18,11,20,0,3,0
pepir001,TBA,SFN,TBA202404130,2024-04-13,0,1,15,6,21,1,5,4
pepir001,TBA,ANA,TBA202404180,2024-04-18,0,1,18,7,23,3,3,1
pepir001,TBA,DET,TBA202404230,2024-04-23,0,1,18,4,22,2,3,1
pepir001,TBA,MIL,MIL202404290,2024-04-29,0,0,18,7,20,0,2,0
pepir001,TBA,NYN,TBA202405050,2024-05-05,0,1,6,3,11,1,3,3
pepir001,TBA,BOS,TBA202405220,2024-05-22,0,1,12,3,18,4,2,3
pepir001,TBA,OAK,TBA202405290,2024-05-29,0,1,17,7,21,1,3,2
pepir001,TBA,MIA,MIA202406040,2024-06-04,0,0,18,8,24,0,6,3
pepir001,TBA,BAL,TBA202406100,2024-06-10,0,1,18,9,26,0,9,4
pepir001,TBA,ATL,ATL202406150,2024-06-15,0,0,14,4,22,3,6,5
pepir001,TBA,PIT,PIT202406210,2024-06-21,0,0,10,3,18,4,3,2
pepir001,TBA,SEA,TBA202406260,2024-06-26,0,1,16,8,19,2,1,1
pepir001,TBA,KCA,KCA202407030,2024-07-03,0,0,12,0,18,3,4,2
pepir001,TBA,NYA,TBA202407090,2024-07-09,0,1,17,7,24,3,4,1
pepir001,TBA,CLE,TBA202407140,2024-07-14,0,1,18,4,21,0,2,0
pepir001,TBA,ARI,TBA202408160,2024-08-16,0,1,16,5,22,1,6,0
pepir001,TBA,OAK,OAK202408210,2024-08-21,0,0,18,5,23,1,3,2
pepir001,TBA,SEA,SEA202408260,2024-08-26,0,0,18,6,28,1,7,2
pepir001,TBA,SDN,TBA202409010,2024-09-01,0,1,9,4,17,4,4,3
pepir001,TBA,BAL,BAL202409070,2024-09-07,0,0,16,4,25,2,6,1
pepir001,TBA,CLE,CLE202409120,2024-09-12,0,0,6,1,12,2,4,2
pepir001,TBA,BOS,TBA202409180,2024-09-18,0,1,18,12,20,0,2,1
pepir001,TBA,DET,DET202409240,2024-09-24,0,0,15,6,22,4,3,2
pepir001,TBA,BOS,BOS202409290,2024-09-29,0,0,12,5,18,2,4,1
pepir001,TBA,COL,TBA202503280,2025-03-28,0,1,18,8,26,1,6,1
pepir001,TBA,PIT,TBA202504020,2025-04-02,0,1,15,3,23,3,5,2
pepir001,TBA,ANA,TBA202504090,2025-04-09,0,1,15,5,24,3,6,3
pepir001,TBA,BOS,TBA202504150,2025-04-15,0,1,18,8,29,2,9,6
pepir001,TBA,NYA,TBA202504200,2025-04-20,0,1,18,7,25,1,6,3
pepir001,TBA,SDN,SDN202504260,2025-04-26,0,0,18,3,20,2,3,1
pepir001,TBA,NYA,NYA202505020,2025-05-02,0,0,13,1,20,2,5,2
pepir001,TBA,PHI,TBA202505080,2025-05-08,0,1,18,3,20,2,2,1
pepir001,TBA,TOR,TOR202505140,2025-05-14,0,0,18,7,25,1,6,3
pepir001,TBA,HOU,TBA202505190,2025-05-19,0,1,18,2,24,1,8,3
pepir001,TBA,TOR,TBA202505250,2025-05-25,0,1,21,5,24,1,3,0
pepir001,TBA,HOU,HOU202505300,2025-05-30,0,0,20,4,22,1,2,0
pepir001,TBA,TEX,TBA202506050,2025-06-05,0,1,18,8,21,2,3,2
pepir001,TBA,BOS,BOS202506100,2025-06-10,0,0,17,9,24,2,5,3
pepir001,TBA,BAL,TBA202506160,2025-06-16,0,1,24,11,27,2,4,1
pepir001,TBA,DET,TBA202506210,2025-06-21,0,1,15,7,22,2,3,1
pepir001,TBA,BAL,BAL202506270,2025-06-27,0,0,5,1,12,2,5,4
pepir001,TBA,ATH,TBA202507020,2025-07-02,0,1,18,9,25,3,4,2
pepir001,TBA,DET,DET202507080,2025-07-08,0,0,18,6,24,3,3,2
pepir001,TBA,BOS,BOS202507130,2025-07-13,0,0,18,3,25,1,7,3
pepir001,TBA,BAL,TBA202507200,2025-07-20,0,1,18,8,25,1,6,5
pepir001,TBA,CIN,CIN202507260,2025-07-26,0,0,18,6,24,4,2,0
pepir001,TBA,NYA,NYA202507310,2025-07-31,0,0,12,4,21,3,6,7
pepir001,TBA,ANA,ANA202508050,2025-08-05,0,0,17,6,23,2,5,2
pepir001,TBA,ATH,ATH202508110,2025-08-11,0,0,19,4,23,2,5,4
pepir001,TBA,SFN,SFN202508170,2025-08-17,0,0,17,8,24,2,6,4
pepir001,TBA,SLN,TBA202508240,2025-08-24,0,1,15,3,16,1,1,0
pepir001,TBA,WAS,WAS202508300,2025-08-30,0,0,15,6,18,3,1,0
pepir001,TBA,CLE,TBA202509040,2025-09-04,0,1,15,6,18,2,0,0
pepir001,TBA,TOR,TBA202509160,2025-09-16,0,1,5,3,12,3,4,4
pepir001,TBA,BAL,BAL202509230,2025-09-23,0,0,9,3,13,1,3,3
peraf001,MIL,NYN,NYN202403290,2024-03-29,0,0,18,8,19,1,1,1
peraf001,MIL,SEA,MIL202404050,2024-04-05,0,1,17,7,24,1,4,3
peraf001,MIL,BAL,BAL202404120,2024-04-12,0,0,18,11,23,0,5,1
peraf001,MIL,SLN,SLN202404190,2024-04-19,0,0,18,7,24,2,4,0
peraf001,MIL,PIT,PIT202404250,2024-04-25,0,0,14,5,24,5,5,5
peraf001,MIL,TBA,MIL202404300,2024-04-30,0,1,16,7,18,0,1,2
peraf001,MIL,CHN,CHN202405050,2024-05-05,0,0,15,5,23,6,3,3
peraf001,MIL,SLN,MIL202405110,2024-05-11,0,1,18,8,27,1,8,3
peraf001,MIL,HOU,HOU202405170,2024-05-17,0,0,15,6,23,1,8,5
peraf001,MIL,MIA,MIA202405220,2024-05-22,0,0,21,7,25,1,4,1
peraf001,MIL,CHN,MIL202405280,2024-05-28,0,1,17,11,22,2,3,1
peraf001,MIL,CHA,MIL202406020,2024-06-02,0,1,15,7,20,1,4,3
peraf001,MIL,DET,DET202406080,2024-06-08,0,0,10,3,19,5,4,3
peraf001,MIL,CIN,MIL202406140,2024-06-14,0,1,16,6,28,1,10,6
peraf001,MIL,ANA,ANA202406190,2024-06-19,0,0,18,8,23,2,3,0
peraf001,MIL,TEX,MIL202406240,2024-06-24,0,1,15,6,21,2,4,2
peraf001,MIL,CHN,MIL202406300,2024-06-30,0,1,21,8,25,2,2,1
peraf001,MIL,LAN,LAN202407060,2024-07-06,0,0,12,4,21,3,4,3
peraf001,MIL,WAS,MIL202407120,2024-07-12,0,1,15,6,23,0,10,4
peraf001,MIL,MIN,MIN202407200,2024-07-20,0,0,18,8,22,2,2,0
peraf001,MIL,MIA,MIL202407260,2024-07-26,0,1,16,4,27,5,6,3
peraf001,MIL,ATL,MIL202407310,2024-07-31,0,1,18,7,23,2,3,2
peraf001,MIL,ATL,ATL202408070,2024-08-07,0,0,15,6,23,2,8,4
peraf001,MIL,LAN,MIL202408120,2024-08-12,0,1,18,4,25,2,5,4
peraf001,MIL,CLE,MIL202408170,2024-08-17,0,1,18,3,22,2,4,1
peraf001,MIL,SLN,SLN202408220,2024-08-22,0,0,15,2,21,2,3,0
peraf001,MIL,SFN,MIL202408280,2024-08-28,0,1,18,8,22,3,2,0
peraf001,MIL,SLN,MIL202409020,2024-09-02,0,1,16,3,23,2,6,3
peraf001,MIL,COL,MIL202409080,2024-09-08,0,1,14,4,23,2,7,3
peraf001,MIL,ARI,ARI202409130,2024-09-13,0,0,15,5,23,4,6,1
peraf001,MIL,PHI,MIL202409180,2024-09-18,0,1,15,9,19,2,2,1
peraf001,MIL,PIT,PIT202409250,2024-09-25,0,0,16,7,20,2,2,2
peraf001,MIL,NYA,NYA202503270,2025-03-27,0,0,15,8,20,1,4,2
peraf001,MIL,KCA,MIL202504020,2025-04-02,0,1,24,8,26,0,2,1
peraf001,MIL,COL,COL202504080,2025-04-08,0,0,15,6,21,3,3,1
peraf001,MIL,ARI,ARI202504130,2025-04-13,0,0,16,6,25,4,4,2
peraf001,MIL,ATH,MIL202504180,2025-04-18,0,1,15,5,22,1,7,0
peraf001,MIL,SFN,SFN202504230,2025-04-23,0,0,15,3,22,2,5,3
peraf001,MIL,CHA,CHA202504290,2025-04-29,0,0,18,5,24,3,3,2
peraf001,MIL,CHN,MIL202505040,2025-05-04,0,1,18,7,21,1,4,0
peraf001,MIL,CLE,CLE202505120,2025-05-12,0,0,16,4,23,3,4,4
peraf001,MIL,MIN,MIL202505180,2025-05-18,0,1,15,5,23,2,3,1
peraf001,MIL,PIT,PIT202505230,2025-05-23,0,0,13,3,21,3,5,1
peraf001,MIL,BOS,MIL202505280,2025-05-28,0,1,15,6,24,3,6,3
peraf001,MIL,CIN,CIN202506030,2025-06-03,0,0,18,9,27,3,7,3
peraf001,MIL,SDN,MIL202506080,2025-06-08,0,1,18,3,20,2,1,0
peraf001,MIL,SLN,MIL202506130,2025-06-13,0,1,18,6,24,1,4,1
peraf001,MIL,CHN,CHN202506190,2025-06-19,0,0,15,6,20,2,2,3
peraf001,MIL,PIT,MIL202506240,2025-06-24,0,1,15,8,22,0,7,3
peraf001,MIL,NYN,NYN202507021,2025-07-02,1,0,18,6,23,1,2,2
peraf001,MIL,LAN,MIL202507070,2025-07-07,0,1,18,7,23,1,5,0
peraf001,MIL,WAS,MIL202507130,2025-07-13,0,1,20,7,25,1,3,1
peraf001,MIL,LAN,LAN202507190,2025-07-19,0,0,15,4,23,3,5,4
peraf001,MIL,MIA,MIL202507250,2025-07-25,0,1,15,9,22,2,5,1
peraf001,MIL,CHN,MIL202507300,2025-07-30,0,1,12,3,21,4,5,5
peraf001,MIL,ATL,ATL202508050,2025-08-05,0,0,15,7,22,3,4,1
peraf001,MIL,PIT,MIL202508120,2025-08-12,0,1,18,7,22,1,3,0
peraf001,MIL,CHN,CHN202508180,2025-08-18,0,0,18,6,22,3,1,0
peraf001,MIL,SFN,MIL202508230,2025-08-23,0,1,15,6,20,4,2,0
peraf001,MIL,TOR,TOR202508290,2025-08-29,0,0,18,8,21,1,1,0
peraf001,MIL,PHI,MIL202509040,2025-09-04,0,1,15,8,20,3,2,0
peraf001,MIL,TEX,TEX202509100,2025-09-10,0,0,15,9,23,2,6,5
peraf001,MIL,ANA,MIL202509160,2025-09-16,0,1,18,10,22,2,2,1
peraf001,MIL,SDN,SDN202509220,2025-09-22,0,0,15,6,20,1,4,2
peraf001,MIL,CIN,MIL202509280,2025-09-28,0,1,6,3,9,0,3,1
peraw002,SDN,LAN,LAN202508150,2025-08-15,0,0,4,2,4,0,0,0
peree004,MIA,PIT,PIT202506090,2025-06-09,0,0,9,5,15,2,4,4
peree004,MIA,WAS,WAS202506150,2025-06-15,0,0,12,0,19,3,4,1
peree004,MIA,ATL,MIA202506210,2025-06-21,0,1,14,6,20,2,4,3
peree004,MIA,ARI,ARI202506270,2025-06-27,0,0,13,3,18,3,2,3
peree004,MIA,MIN,MIA202507030,2025-07-03,0,1,18,7,21,1,1,0
peree004,MIA,CIN,CIN202507080,2025-07-08,0,0,15,8,17,0,2,1
peree004,MIA,BAL,BAL202507130,2025-07-13,0,0,21,6,22,0,3,0
peree004,MIA,SDN,MIA202507210,2025-07-21,0,1,15,5,22,2,5,2
peree004,MIA,MIL,MIL202507270,2025-07-27,0,0,15,6,21,2,2,1
peree004,MIA,NYA,MIA202508020,2025-08-02,0,1,18,5,21,3,2,0
peree004,MIA,ATL,ATL202508070,2025-08-07,0,0,16,1,23,2,7,5
peree004,MIA,CLE,CLE202508130,2025-08-13,0,0,15,8,19,0,3,4
peree004,MIA,SLN,MIA202508180,2025-08-18,0,1,13,6,20,4,2,1
peree004,MIA,TOR,MIA202508240,2025-08-24,0,1,18,4,22,1,3,2
peree004,MIA,NYN,NYN202508290,2025-08-29,0,0,2,0,7,2,3,5
peree004,MIA,WAS,WAS202509030,2025-09-03,0,0,12,2,20,1,8,7
peree004,MIA,WAS,MIA202509100,2025-09-10,0,1,17,7,23,0,7,3
peree004,MIA,COL,COL202509160,2025-09-16,0,0,15,6,17,0,1,0
peree004,MIA,TEX,TEX202509210,2025-09-21,0,0,12,9,16,1,2,0
peree004,MIA,NYN,MIA202509270,2025-09-27,0,1,16,11,22,3,3,3
perem004,PIT,MIA,MIA202403290,2024-03-29,0,0,13,2,21,3,6,1
perem004,PIT,WAS,WAS202404040,2024-04-04,0,0,20,6,28,2,6,2
perem004,PIT,DET,PIT202404090,2024-04-09,0,1,24,7,29,0,6,1
perem004,PIT,NYN,NYN202404150,2024-04-15,0,0,17,1,25,2,6,3
perem004,PIT,BOS,PIT202404210,2024-04-21,0,1,12,7,23,4,6,4
perem004,PIT,SFN,SFN202404270,2024-04-27,0,0,18,4,22,2,4,0
perem004,PIT,COL,PIT202405030,2024-05-03,0,1,16,4,24,0,8,3
perem004,PIT,ANA,PIT202405080,2024-05-08,0,1,15,5,22,0,8,4
perem004,PIT,MIL,MIL202405150,2024-05-15,0,0,15,4,26,1,11,9
perem004,PIT,SFN,PIT202405210,2024-05-21,0,1,13,4,22,3,5,2
perem004,PIT,ATL,PIT202405260,2024-05-26,0,1,9,2,13,2,4,1
perem004,PIT,ATL,ATL202406280,2024-06-28,0,0,12,4,21,2,8,6
perem004,PIT,SLN,PIT202407040,2024-07-04,0,1,22,2,26,1,7,1
perem004,PIT,MIL,MIL202407100,2024-07-10,0,0,14,5,25,3,9,5
perem004,PIT,PHI,PIT202407190,2024-07-19,0,1,11,4,21,2,7,6
perem004,PIT,SLN,PIT202407240,2024-07-24,0,1,18,2,25,5,4,0
perem004,SDN,COL,SDN202408030,2024-08-03,0,1,18,7,21,0,3,1
perem004,SDN,MIA,MIA202408090,2024-08-09,0,0,21,6,26,2,3,2
perem004,SDN,PIT,SDN202408140,2024-08-14,0,1,16,8,24,1,5,1
perem004,SDN,MIN,SDN202408200,2024-08-20,0,1,14,2,20,1,7,3
perem004,SDN,NYN,SDN202408250,2024-08-25,0,1,11,1,18,3,4,1
perem004,SDN,TBA,TBA202408300,2024-08-30,0,0,15,4,24,3,7,4
perem004,SDN,DET,SDN202409050,2024-09-05,0,1,19,5,24,1,5,0
perem004,SDN,SFN,SFN202409150,2024-09-15,0,0,15,2,18,1,2,1
perem004,SDN,CHA,SDN202409210,2024-09-21,0,1,16,6,22,3,2,1
perem004,SDN,ARI,ARI202409290,2024-09-29,0,0,11,3,20,2,8,6
perem004,CHA,MIN,CHA202503310,2025-03-31,0,1,18,9,22,3,0,0
perem004,CHA,DET,DET202504060,2025-04-06,0,0,19,4,24,2,4,1
perem004,CHA,BOS,CHA202504120,2025-04-12,0,1,14,5,21,4,5,2
perem004,CHA,BOS,BOS202504180,2025-04-18,0,0,9,0,16,2,5,4
perem004,CHA,ATL,ATL202508200,2025-08-20,0,0,16,5,20,0,3,0
perem004,CHA,KCA,CHA202508260,2025-08-26,0,1,21,5,22,0,1,0
perem004,CHA,NYA,CHA202508310,2025-08-31,0,1,18,7,25,2,5,2
perem004,CHA,DET,DET202509060,2025-09-06,0,0,12,0,21,3,5,6
perem004,CHA,CLE,CLE202509120,2025-09-12,0,0,20,3,24,2,4,3
perem004,CHA,BAL,CHA202509170,2025-09-17,0,1,11,2,18,2,5,3
perkj001,ATH,ARI,ATH202508030,2025-08-03,0,1,9,4,17,3,5,4
perkj001,ATH,BAL,BAL202508090,2025-08-09,0,0,18,5,22,1,3,3
perkj001,ATH,ANA,ATH202508150,2025-08-15,0,1,15,7,23,3,5,3
perkj001,ATH,MIN,MIN202508210,2025-08-21,0,0,15,2,22,4,3,2
peted003,NYN,LAN,NYN202405290,2024-05-29,0,1,15,3,22,1,7,2
peted003,NYN,WAS,WAS202406040,2024-06-04,0,0,20,2,28,2,5,2
peted003,NYN,MIA,NYN202406120,2024-06-12,0,1,15,1,24,2,8,4
peted003,NYN,TEX,TEX202406170,2024-06-17,0,0,18,6,24,3,4,2
peted003,NYN,NYA,NYN202406250,2024-06-25,0,1,13,8,23,5,3,1
peted003,NYN,WAS,WAS202407010,2024-07-01,0,0,19,2,25,1,7,2
peted003,NYN,PIT,PIT202407060,2024-07-06,0,0,13,5,20,2,5,2
peted003,NYN,WAS,NYN202407110,2024-07-11,0,1,18,5,25,3,4,0
peted003,NYN,MIA,MIA202407220,2024-07-22,0,0,15,4,23,4,6,2
peted003,NYN,ATL,NYN202407280,2024-07-28,0,1,15,7,22,3,4,4
peted003,NYN,ANA,ANA202408030,2024-08-03,0,0,18,4,24,1,5,2
peted003,NYN,COL,COL202408080,2024-08-08,0,0,15,5,22,3,4,1
peted003,NYN,OAK,NYN202408140,2024-08-14,0,1,19,4,26,4,3,0
peted003,NYN,BAL,NYN202408190,2024-08-19,0,1,21,8,27,1,6,2
peted003,NYN,SDN,SDN202408240,2024-08-24,0,0,22,2,29,2,5,1
peted003,NYN,ARI,ARI202408290,2024-08-29,0,0,21,4,26,2,7,2
peted003,NYN,BOS,NYN202409030,2024-09-03,0,1,18,11,25,1,6,1
peted003,NYN,TOR,TOR202409100,2024-09-10,0,0,13,2,24,2,8,4
peted003,NYN,PHI,PHI202409150,2024-09-15,0,0,23,6,28,1,4,1
peted003,NYN,PHI,NYN202409200,2024-09-20,0,1,11,4,19,0,8,4
peted003,NYN,MIL,MIL202409290,2024-09-29,0,0,21,8,24,3,1,0
peted003,NYN,MIA,MIA202503310,2025-03-31,0,0,18,9,25,3,5,2
peted003,NYN,TOR,NYN202504060,2025-04-06,0,1,14,3,22,5,3,1
peted003,NYN,ATH,ATH202504120,2025-04-12,0,0,18,5,24,0,7,2
peted003,NYN,SLN,NYN202504180,2025-04-18,0,1,16,9,23,0,7,3
peted003,NYN,PHI,NYN202504230,2025-04-23,0,1,16,2,25,1,8,2
peted003,NYN,ARI,NYN202504290,2025-04-29,0,1,15,2,20,0,5,1
peted003,NYN,ARI,ARI202505060,2025-05-06,0,0,18,6,28,4,4,2
peted003,NYN,PIT,NYN202505120,2025-05-12,0,1,18,7,26,3,5,2
peted003,NYN,NYA,NYA202505180,2025-05-18,0,0,18,4,26,4,3,1
peted003,NYN,LAN,NYN202505240,2025-05-24,0,1,23,7,28,2,5,2
peted003,NYN,COL,NYN202505300,2025-05-30,0,1,17,5,24,1,5,1
peted003,NYN,LAN,LAN202506050,2025-06-05,0,0,21,6,28,2,7,3
peted003,NYN,WAS,NYN202506110,2025-06-11,0,1,27,6,31,0,6,0
peted003,NYN,ATL,ATL202506170,2025-06-17,0,0,21,3,28,3,5,3
peted003,NYN,PHI,PHI202506220,2025-06-22,0,0,12,4,20,3,6,5
peted003,NYN,PIT,PIT202506270,2025-06-27,0,0,14,5,24,3,7,5
peted003,NYN,MIL,NYN202507030,2025-07-03,0,1,20,4,28,3,5,1
peted003,NYN,BAL,BAL202507101,2025-07-10,1,0,21,6,24,0,5,1
peted003,NYN,CIN,NYN202507200,2025-07-20,0,1,18,4,23,1,4,0
peted003,NYN,SFN,SFN202507260,2025-07-26,0,0,18,4,26,3,8,1
peted003,NYN,SFN,NYN202508010,2025-08-01,0,1,18,4,24,2,4,2
peted003,NYN,CLE,NYN202508060,2025-08-06,0,1,18,7,25,2,5,4
peted003,NYN,ATL,NYN202508130,2025-08-13,0,1,10,5,20,5,5,6
peted003,NYN,WAS,WAS202508190,2025-08-19,0,0,24,10,27,1,4,1
peted003,NYN,ATL,ATL202508240,2025-08-24,0,0,17,8,26,4,5,2
peted003,NYN,MIA,NYN202508300,2025-08-30,0,1,6,1,17,3,8,8
peted003,NYN,CIN,CIN202509050,2025-09-05,0,0,16,4,24,1,7,4
peted003,NYN,PHI,PHI202509110,2025-09-11,0,0,15,8,22,1,7,3
peted003,NYN,SDN,NYN202509170,2025-09-17,0,1,15,1,24,3,6,6
peted003,NYN,CHN,CHN202509230,2025-09-23,0,0,4,1,11,2,5,5
pettc002,CIN,SLN,CIN202504302,2025-04-30,2,1,7,3,16,2,7,9
pettc002,CIN,HOU,HOU202505110,2025-05-11,0,0,9,4,20,6,6,4
pfaab001,ARI,COL,ARI202403310,2024-03-31,0,1,15,6,21,0,5,1
pfaab001,ARI,ATL,ATL202404060,2024-04-06,0,0,17,7,27,1,8,5
pfaab001,ARI,SLN,ARI202404120,2024-04-12,0,1,18,4,26,2,7,6
pfaab001,ARI,CHN,ARI202404170,2024-04-17,0,1,21,6,27,0,6,2
pfaab001,ARI,SLN,SLN202404220,2024-04-22,0,0,16,4,21,3,2,2
pfaab001,ARI,SEA,SEA202404280,2024-04-28,0,0,18,11,23,0,5,2
pfaab001,ARI,SDN,ARI202405040,2024-05-04,0,1,18,4,29,0,10,3
pfaab001,ARI,BAL,BAL202405100,2024-05-10,0,0,18,0,25,2,5,3
pfaab001,ARI,CIN,ARI202405150,2024-05-15,0,1,21,9,25,2,2,1
pfaab001,ARI,LAN,LAN202405210,2024-05-21,0,0,18,7,23,1,4,2
pfaab001,ARI,TEX,TEX202405280,2024-05-28,0,0,21,5,28,1,6,4
pfaab001,ARI,NYN,NYN202406020,2024-06-02,0,0,18,8,24,2,5,4
pfaab001,ARI,SDN,SDN202406070,2024-06-07,0,0,16,5,26,1,9,5
pfaab001,ARI,ANA,ARI202406130,2024-06-13,0,1,18,8,26,3,6,1
pfaab001,ARI,WAS,WAS202406190,2024-06-19,0,0,19,0,25,4,5,3
pfaab001,ARI,MIN,ARI202406250,2024-06-25,0,1,19,2,26,2,5,4
pfaab001,ARI,OAK,ARI202406300,2024-06-30,0,1,18,8,25,2,5,1
pfaab001,ARI,SDN,SDN202407060,2024-07-06,0,0,13,6,19,0,7,1
pfaab001,ARI,ATL,ARI202407110,2024-07-11,0,1,18,4,20,0,3,0
pfaab001,ARI,CHN,CHN202407210,2024-07-21,0,0,21,7,23,1,1,0
pfaab001,ARI,PIT,ARI202407270,2024-07-27,0,1,18,4,24,0,7,5
pfaab001,ARI,PIT,PIT202408020,2024-08-02,0,0,15,3,22,1,7,3
pfaab001,ARI,CLE,CLE202408071,2024-08-07,1,0,19,6,23,1,4,2
pfaab001,ARI,COL,ARI202408120,2024-08-12,0,1,21,11,29,0,8,4
pfaab001,ARI,MIA,MIA202408190,2024-08-19,0,0,16,4,26,2,9,4
pfaab001,ARI,NYN,ARI202408270,2024-08-27,0,1,14,6,24,1,8,6
pfaab001,ARI,LAN,ARI202409010,2024-09-01,0,1,17,10,27,2,8,3
pfaab001,ARI,HOU,HOU202409060,2024-09-06,0,0,14,5,23,2,8,4
pfaab001,ARI,MIL,ARI202409140,2024-09-14,0,1,5,0,14,3,7,8
pfaab001,ARI,MIL,MIL202409190,2024-09-19,0,0,21,12,23,0,2,1
pfaab001,ARI,SFN,ARI202409240,2024-09-24,0,1,8,4,16,2,6,4
pfaab001,ARI,SDN,ARI202409290,2024-09-29,0,1,16,9,20,1,3,1
pfaab001,ARI,CHN,ARI202503290,2025-03-29,0,1,18,5,25,1,6,3
pfaab001,ARI,WAS,WAS202504040,2025-04-04,0,0,18,4,23,0,6,4
pfaab001,ARI,BAL,ARI202504090,2025-04-09,0,1,18,3,21,2,4,0
pfaab001,ARI,MIA,MIA202504160,2025-04-16,0,0,17,6,24,2,5,1
pfaab001,ARI,TBA,ARI202504220,2025-04-22,0,1,18,5,22,0,4,1
pfaab001,ARI,ATL,ARI202504270,2025-04-27,0,1,18,6,27,1,9,2
pfaab001,ARI,PHI,PHI202505030,2025-05-03,0,0,14,6,27,1,9,6
pfaab001,ARI,LAN,ARI202505080,2025-05-08,0,1,19,6,26,3,4,0
pfaab001,ARI,SFN,SFN202505130,2025-05-13,0,0,12,3,21,3,6,4
pfaab001,ARI,LAN,LAN202505190,2025-05-19,0,0,18,0,22,1,3,3
pfaab001,ARI,SLN,SLN202505250,2025-05-25,0,0,17,5,23,1,5,3
pfaab001,ARI,WAS,ARI202505310,2025-05-31,0,1,0,0,8,0,6,8
pfaab001,ARI,ATL,ATL202506050,2025-06-05,0,0,9,2,17,2,6,6
pfaab001,ARI,SEA,ARI202506100,2025-06-10,0,1,15,4,24,1,9,2
pfaab001,ARI,TOR,TOR202506170,2025-06-17,0,0,15,3,23,1,4,2
pfaab001,ARI,COL,COL202506220,2025-06-22,0,0,15,7,22,1,6,4
pfaab001,ARI,MIA,ARI202506280,2025-06-28,0,1,15,7,22,1,5,2
pfaab001,ARI,SFN,ARI202507030,2025-07-03,0,1,18,8,25,2,6,4
pfaab001,ARI,SDN,SDN202507090,2025-07-09,0,0,24,4,28,0,4,2
pfaab001,ARI,SLN,ARI202507180,2025-07-18,0,1,21,6,26,0,4,0
pfaab001,ARI,HOU,ARI202507230,2025-07-23,0,1,16,5,24,2,5,2
pfaab001,ARI,DET,DET202507290,2025-07-29,0,0,14,3,25,0,11,7
pfaab001,ARI,SDN,ARI202508040,2025-08-04,0,1,17,4,26,3,5,2
pfaab001,ARI,COL,ARI202508100,2025-08-10,0,1,15,2,24,0,11,3
pfaab001,ARI,COL,COL202508150,2025-08-15,0,0,18,4,27,2,8,4
pfaab001,ARI,CLE,ARI202508200,2025-08-20,0,1,21,5,28,1,5,2
pfaab001,ARI,MIL,MIL202508260,2025-08-26,0,0,8,4,17,1,8,6
pfaab001,ARI,LAN,LAN202508310,2025-08-31,0,0,13,5,22,1,8,4
pfaab001,ARI,BOS,ARI202509060,2025-09-06,0,1,18,7,24,0,6,1
pfaab001,ARI,MIN,MIN202509120,2025-09-12,0,0,14,2,22,1,9,5
pfaab001,ARI,SFN,ARI202509170,2025-09-17,0,1,27,7,28,1,1,0
pfaab001,ARI,LAN,ARI202509230,2025-09-23,0,1,18,4,24,2,4,3
pfaab001,ARI,SDN,SDN202509280,2025-09-28,0,0,12,5,20,0,6,7
philt002,PHI,OAK,PHI202407130,2024-07-13,0,1,18,5,23,0,6,4
philt002,PHI,PIT,PIT202407210,2024-07-21,0,0,18,3,22,1,4,0
philt002,PHI,CLE,PHI202407270,2024-07-27,0,1,27,4,29,1,4,0
philt002,PHI,SEA,SEA202408020,2024-08-02,0,0,5,1,13,3,5,8
philt002,PHI,LAN,LAN202408070,2024-08-07,0,0,15,3,23,1,6,4
philt002,PHI,MIA,PHI202408140,2024-08-14,0,1,13,4,25,1,9,5
philt002,PHI,TOR,TOR202409030,2024-09-03,0,0,2,1,10,0,8,6
philt002,MIA,PHI,MIA202509070,2025-09-07,0,1,8,3,10,1,1,1
piven001,BOS,SEA,SEA202403290,2024-03-29,0,0,18,10,21,0,3,1
piven001,BOS,OAK,OAK202404030,2024-04-03,0,0,15,3,20,1,5,0
piven001,BOS,ATL,ATL202405080,2024-05-08,0,0,12,1,19,1,7,5
piven001,BOS,TBA,BOS202405140,2024-05-14,0,1,17,8,20,0,4,2
piven001,BOS,SLN,SLN202405190,2024-05-19,0,0,18,8,19,0,1,1
piven001,BOS,MIL,BOS202405250,2024-05-25,0,1,10,3,20,3,7,5
piven001,BOS,DET,BOS202405300,2024-05-30,0,1,16,9,21,2,3,2
piven001,BOS,ATL,BOS202406050,2024-06-05,0,1,21,9,24,2,1,0
piven001,BOS,PHI,BOS202406120,2024-06-12,0,1,12,4,22,4,6,4
piven001,BOS,TOR,TOR202406170,2024-06-17,0,0,21,4,29,1,9,3
piven001,BOS,CIN,CIN202406220,2024-06-22,0,0,13,5,20,1,6,3
piven001,BOS,SDN,BOS202406280,2024-06-28,0,1,12,4,20,1,7,5
piven001,BOS,MIA,MIA202407040,2024-07-04,0,0,21,10,23,2,1,0
piven001,BOS,OAK,BOS202407100,2024-07-10,0,1,20,10,28,2,6,4
piven001,BOS,LAN,LAN202407190,2024-07-19,0,0,18,8,21,1,2,0
piven001,BOS,COL,COL202407240,2024-07-24,0,0,8,6,19,0,10,7
piven001,BOS,SEA,BOS202407290,2024-07-29,0,1,20,10,27,1,6,3
piven001,BOS,TEX,TEX202408040,2024-08-04,0,0,14,5,18,1,2,2
piven001,BOS,BAL,BAL202408150,2024-08-15,0,0,15,6,19,1,3,3
piven001,BOS,HOU,HOU202408200,2024-08-20,0,0,15,2,23,3,6,5
piven001,BOS,DET,DET202408310,2024-08-31,0,0,18,6,25,1,7,2
piven001,BOS,CHA,BOS202409060,2024-09-06,0,1,18,6,25,3,5,1
piven001,BOS,BAL,BOS202409110,2024-09-11,0,1,18,9,23,1,4,1
piven001,BOS,TBA,TBA202409170,2024-09-17,0,0,14,6,19,0,5,4
piven001,BOS,MIN,BOS202409221,2024-09-22,1,1,15,4,23,3,4,0
piven001,BOS,TBA,BOS202409270,2024-09-27,0,1,20,6,24,1,4,2
piven001,SDN,ATL,SDN202503300,2025-03-30,0,1,21,4,21,0,1,0
piven001,SDN,CHN,CHN202504050,2025-04-05,0,0,9,4,19,3,6,3
piven001,SDN,COL,SDN202504110,2025-04-11,0,1,21,10,25,1,3,0
piven001,SDN,CHN,SDN202504160,2025-04-16,0,1,18,6,21,1,4,1
piven001,SDN,DET,DET202504220,2025-04-22,0,0,21,6,25,2,2,0
piven001,SDN,SFN,SDN202504290,2025-04-29,0,1,16,9,22,1,5,3
piven001,SDN,NYA,NYA202505050,2025-05-05,0,0,15,5,22,4,5,2
piven001,SDN,COL,COL202505110,2025-05-11,0,0,12,5,22,2,7,6
piven001,SDN,SEA,SDN202505170,2025-05-17,0,1,18,7,21,1,2,1
piven001,SDN,ATL,ATL202505230,2025-05-23,0,0,18,7,25,3,4,1
piven001,SDN,PIT,SDN202505300,2025-05-30,0,1,18,8,23,0,6,2
piven001,SDN,SFN,SFN202506040,2025-06-04,0,0,18,5,25,1,6,5
piven001,SDN,LAN,SDN202506090,2025-06-09,0,1,12,3,23,2,8,4
piven001,SDN,ARI,ARI202506150,2025-06-15,0,0,21,9,24,1,2,2
piven001,SDN,KCA,SDN202506200,2025-06-20,0,1,14,3,21,2,6,4
piven001,SDN,WAS,SDN202506250,2025-06-25,0,1,21,10,23,0,3,0
piven001,SDN,PHI,PHI202507021,2025-07-02,1,0,18,6,23,0,7,1
piven001,SDN,ARI,SDN202507080,2025-07-08,0,1,17,7,22,3,2,0
piven001,SDN,PHI,SDN202507130,2025-07-13,0,1,20,8,27,2,3,0
piven001,SDN,WAS,WAS202507200,2025-07-20,0,0,18,5,22,1,3,1
piven001,SDN,SLN,SLN202507250,2025-07-25,0,0,19,4,26,2,3,2
piven001,SDN,SLN,SDN202508010,2025-08-01,0,1,21,5,22,0,1,1
piven001,SDN,BOS,SDN202508080,2025-08-08,0,1,18,3,26,3,5,5
piven001,SDN,SFN,SFN202508130,2025-08-13,0,0,20,5,25,1,4,1
piven001,SDN,SFN,SDN202508190,2025-08-19,0,1,18,10,24,2,3,1
piven001,SDN,LAN,SDN202508240,2025-08-24,0,1,18,7,23,3,2,2
piven001,SDN,MIN,MIN202508300,2025-08-30,0,0,15,6,21,1,4,2
piven001,SDN,COL,COL202509050,2025-09-05,0,0,18,5,26,2,7,2
piven001,SDN,CIN,SDN202509100,2025-09-10,0,1,21,8,26,1,4,0
piven001,SDN,NYN,NYN202509170,2025-09-17,0,0,14,5,21,0,7,3
piven001,SDN,MIL,SDN202509220,2025-09-22,0,1,17,5,25,5,4,3
plesz001,ANA,MIL,ANA202406170,2024-06-17,0,1,18,1,23,2,4,3
plesz001,ANA,LAN,LAN202406220,2024-06-22,0,0,10,1,18,1,7,6
plesz001,ANA,DET,ANA202406280,2024-06-28,0,1,8,3,13,4,1,2
pomed001,CHN,CIN,CHN202505310,2025-05-31,0,1,3,1,3,0,0,0
pomed001,CHN,WAS,WAS202506050,2025-06-05,0,0,3,0,3,0,1,0
pomed001,CHN,SLN,CHN202507050,2025-07-05,0,1,1,1,4,2,1,2
pomed001,CHN,WAS,CHN202509070,2025-09-07,0,1,3,2,3,0,0,0
potec001,NYA,CLE,CLE202404132,2024-04-13,2,0,18,4,23,0,6,1
potec001,NYA,SFN,SFN202406010,2024-06-01,0,0,15,6,19,1,3,2
potec001,NYA,LAN,NYA202406070,2024-06-07,0,1,14,1,19,3,2,0
potec001,NYA,KCA,KCA202406120,2024-06-12,0,0,16,2,21,3,4,2
povic001,BAL,TOR,TOR202406060,2024-06-06,0,0,16,2,25,4,5,6
povic001,BAL,ATL,BAL202406120,2024-06-12,0,1,18,6,24,0,5,0
povic001,BAL,NYA,NYA202406190,2024-06-19,0,0,14,1,20,5,1,1
povic001,BAL,CLE,BAL202406240,2024-06-24,0,1,17,5,24,1,7,3
povic001,BAL,TEX,BAL202406290,2024-06-29,0,1,15,3,21,0,5,2
povic001,BAL,OAK,OAK202407060,2024-07-06,0,0,3,1,11,3,5,8
povic001,BAL,NYA,BAL202407120,2024-07-12,0,1,16,6,24,5,5,3
povic001,BAL,TOR,BAL202407292,2024-07-29,2,1,13,1,26,5,7,3
povic001,BAL,BOS,BAL202408170,2024-08-17,0,1,19,6,25,0,6,2
povic001,BAL,HOU,BAL202408230,2024-08-23,0,1,15,3,24,2,8,5
povic001,BAL,LAN,LAN202408290,2024-08-29,0,0,10,3,21,1,10,5
povic001,BAL,CHA,BAL202409030,2024-09-03,0,1,22,10,27,0,5,0
povic001,BAL,BOS,BOS202409090,2024-09-09,0,0,14,5,21,2,5,4
povic001,BAL,DET,DET202409150,2024-09-15,0,0,15,8,19,2,2,2
povic001,BAL,DET,BAL202409210,2024-09-21,0,1,15,7,20,3,2,2
povic001,BAL,MIN,MIN202409270,2024-09-27,0,0,17,2,20,1,2,0
povic001,BAL,BOS,BAL202503310,2025-03-31,0,1,13,8,20,2,5,3
povic001,BAL,KCA,KCA202504060,2025-04-06,0,0,18,4,28,0,12,1
povic001,BAL,TOR,BAL202504130,2025-04-13,0,1,14,2,21,1,7,2
povic001,BAL,CIN,BAL202504180,2025-04-18,0,1,10,4,20,5,6,7
povic001,BAL,WAS,WAS202504240,2025-04-24,0,0,20,5,25,1,4,1
povic001,BAL,NYA,BAL202504300,2025-04-30,0,1,14,2,20,3,3,3
povic001,BAL,MIN,MIN202505060,2025-05-06,0,0,18,4,24,0,6,5
povic001,BAL,WAS,BAL202505160,2025-05-16,0,1,17,9,21,2,3,2
povic001,BAL,BOS,BOS202505230,2025-05-23,0,0,15,6,23,3,4,1
povic001,BAL,SLN,BAL202505280,2025-05-28,0,1,14,9,24,3,8,5
povic001,BAL,SEA,SEA202506040,2025-06-04,0,0,16,5,20,1,4,2
povic001,BAL,DET,BAL202506100,2025-06-10,0,1,14,6,24,1,9,5
povic001,BAL,PHI,PHI202508040,2025-08-04,0,0,17,7,22,1,4,4
povic001,BAL,ATH,BAL202508100,2025-08-10,0,1,18,5,24,3,4,1
povic001,BAL,HOU,BAL202508220,2025-08-22,0,1,14,5,21,2,4,4
povic001,BAL,BOS,BAL202508280,2025-08-28,0,1,15,5,21,0,7,2
povic001,BAL,SDN,SDN202509030,2025-09-03,0,0,15,3,24,3,7,4
povic001,BAL,PIT,BAL202509110,2025-09-11,0,1,17,6,22,2,5,2
povic001,BAL,NYA,BAL202509180,2025-09-18,0,1,15,5,21,4,5,3
povic001,BAL,TBA,BAL202509250,2025-09-25,0,1,17,4,26,2,10,5
prieq001,PIT,BOS,PIT202404190,2024-04-19,0,1,13,2,21,1,7,4
prieq001,PIT,SFN,SFN202404260,2024-04-26,0,0,18,6,22,1,3,0
prieq001,PIT,OAK,OAK202405010,2024-05-01,0,0,18,3,28,4,5,2
prieq001,PIT,ANA,PIT202405070,2024-05-07,0,1,14,1,24,2,7,3
prieq001,PIT,MIL,MIL202405140,2024-05-14,0,0,18,5,28,2,9,4
prieq001,PIT,TOR,TOR202406020,2024-06-02,0,0,14,3,22,0,8,4
prieq001,BOS,TBA,BOS202409290,2024-09-29,0,1,15,2,20,1,4,1
prieq001,MIL,COL,COL202504100,2025-04-10,0,0,15,4,21,2,6,1
prieq001,MIL,DET,MIL202504150,2025-04-15,0,1,15,4,19,3,1,0
prieq001,MIL,SFN,SFN202504210,2025-04-21,0,0,12,3,19,4,4,2
prieq001,MIL,SLN,SLN202504260,2025-04-26,0,0,15,2,26,3,8,5
prieq001,MIL,HOU,MIL202505070,2025-05-07,0,1,15,3,23,3,3,1
prieq001,MIL,CLE,CLE202505130,2025-05-13,0,0,15,3,17,2,3,1
prieq001,MIL,PIT,PIT202505240,2025-05-24,0,0,18,7,24,1,6,1
prieq001,MIL,ATL,MIL202506100,2025-06-10,0,1,18,7,24,0,7,1
prieq001,MIL,SLN,MIL202506150,2025-06-15,0,1,18,3,22,0,4,1
prieq001,MIL,MIN,MIN202506220,2025-06-22,0,0,10,4,19,0,9,3
prieq001,MIL,COL,MIL202506280,2025-06-28,0,1,21,11,25,2,1,0
prieq001,MIL,MIA,MIA202507040,2025-07-04,0,0,14,4,24,2,7,4
prieq001,MIL,LAN,LAN202507180,2025-07-18,0,0,18,10,20,0,3,0
prieq001,MIL,SEA,SEA202507230,2025-07-23,0,0,21,6,27,2,6,2
prieq001,MIL,CHN,MIL202507290,2025-07-29,0,1,17,3,26,2,8,2
prieq001,MIL,ATL,ATL202508040,2025-08-04,0,0,21,4,26,2,2,1
prieq001,MIL,NYN,MIL202508100,2025-08-10,0,1,13,2,22,1,10,6
prieq001,MIL,CIN,CIN202508160,2025-08-16,0,0,16,5,22,1,6,2
prieq001,MIL,CHN,CHN202508210,2025-08-21,0,0,13,4,21,5,3,1
prieq001,MIL,TOR,TOR202508300,2025-08-30,0,0,18,3,22,0,5,0
prieq001,MIL,PIT,PIT202509050,2025-09-05,0,0,21,6,28,1,6,2
prieq001,MIL,SLN,MIL202509120,2025-09-12,0,1,16,5,22,1,5,2
prieq001,MIL,ANA,MIL202509180,2025-09-18,0,1,17,10,22,2,3,2
prieq001,MIL,CIN,MIL202509260,2025-09-26,0,1,15,4,23,1,9,3
puk-a001,MIA,PIT,MIA202403290,2024-03-29,0,1,6,1,14,6,3,4
puk-a001,MIA,ANA,MIA202404030,2024-04-03,0,1,12,5,21,3,5,2
puk-a001,MIA,NYA,NYA202404090,2024-04-09,0,0,14,2,23,5,4,1
puk-a001,MIA,CHN,CHN202404190,2024-04-19,0,0,9,4,19,3,7,7
quanc001,COL,ARI,ARI202403290,2024-03-29,0,0,15,1,24,1,9,5
quanc001,COL,CHN,CHN202404030,2024-04-03,0,0,12,3,19,4,4,4
quanc001,COL,ARI,COL202404090,2024-04-09,0,1,18,6,25,0,8,3
quanc001,COL,PHI,PHI202404150,2024-04-15,0,0,18,1,23,2,4,1
quanc001,COL,SEA,COL202404211,2024-04-21,1,1,18,4,27,5,3,0
quanc001,COL,HOU,COL202404270,2024-04-27,0,1,15,2,24,2,6,6
quanc001,COL,PIT,PIT202405030,2024-05-03,0,0,23,9,26,0,3,0
quanc001,COL,SFN,COL202405090,2024-05-09,0,1,18,5,24,3,5,1
quanc001,COL,SDN,SDN202405140,2024-05-14,0,0,18,5,23,3,6,1
quanc001,COL,OAK,OAK202405210,2024-05-21,0,0,18,8,22,1,3,2
quanc001,COL,PHI,COL202405260,2024-05-26,0,1,18,5,22,2,3,2
quanc001,COL,LAN,LAN202406010,2024-06-01,0,0,13,1,22,2,9,4
quanc001,COL,SLN,SLN202406060,2024-06-06,0,0,15,1,21,4,3,0
quanc001,COL,MIN,MIN202406110,2024-06-11,0,0,18,5,23,1,3,0
quanc001,COL,LAN,COL202406170,2024-06-17,0,1,15,3,26,3,7,3
quanc001,COL,WAS,COL202406220,2024-06-22,0,1,18,5,25,1,7,3
quanc001,COL,CHA,CHA202406290,2024-06-29,0,0,16,8,24,0,7,5
quanc001,COL,MIL,COL202407040,2024-07-04,0,1,15,2,22,4,5,2
quanc001,COL,CIN,CIN202407090,2024-07-09,0,0,6,4,12,1,4,5
quanc001,COL,SFN,COL202407190,2024-07-19,0,1,18,5,26,2,5,3
quanc001,COL,BOS,COL202407240,2024-07-24,0,1,18,3,24,2,6,2
quanc001,COL,ANA,ANA202407300,2024-07-30,0,0,11,4,24,2,9,7
quanc001,COL,SDN,SDN202408040,2024-08-04,0,0,13,2,21,3,5,3
quanc001,COL,SDN,COL202408160,2024-08-16,0,1,15,5,22,2,6,3
quanc001,COL,WAS,WAS202408220,2024-08-22,0,0,15,4,19,2,2,2
quanc001,COL,MIA,COL202408270,2024-08-27,0,1,17,2,27,5,7,4
quanc001,COL,CHN,COL202409150,2024-09-15,0,1,7,2,17,6,4,2
quanc001,COL,LAN,LAN202409210,2024-09-21,0,0,14,5,24,4,6,3
quanc001,COL,LAN,COL202409270,2024-09-27,0,1,10,0,18,2,7,6
quanc001,MIA,NYN,MIA202503310,2025-03-31,0,1,12,2,21,1,8,6
quanc001,MIA,ATL,ATL202504050,2025-04-05,0,0,15,4,17,0,4,0
quanc001,MIA,WAS,MIA202504130,2025-04-13,0,1,15,2,23,5,7,3
quanc001,MIA,PHI,PHI202504190,2025-04-19,0,0,10,0,21,3,8,7
quanc001,MIA,SEA,SEA202504250,2025-04-25,0,0,17,5,22,0,5,4
quanc001,MIA,LAN,LAN202504300,2025-04-30,0,0,11,3,18,1,6,4
quanc001,MIA,LAN,MIA202505060,2025-05-06,0,1,15,6,18,1,4,1
quanc001,MIA,CHN,CHN202505120,2025-05-12,0,0,13,1,18,2,4,3
quanc001,MIA,TBA,MIA202505180,2025-05-18,0,1,15,6,19,2,2,1
quanc001,MIA,ANA,ANA202505240,2025-05-24,0,0,10,2,12,0,3,1
quanc001,MIA,SFN,MIA202505300,2025-05-30,0,1,15,7,24,1,8,2
quanc001,MIA,COL,MIA202506040,2025-06-04,0,1,15,2,20,1,5,2
quanc001,MIA,PIT,PIT202506110,2025-06-11,0,0,15,6,22,2,6,3
quanc001,MIA,PHI,MIA202506170,2025-06-17,0,1,12,2,17,0,4,3
quanc001,MIA,SFN,SFN202506240,2025-06-24,0,0,14,3,20,2,4,2
quanc001,MIA,ARI,ARI202506290,2025-06-29,0,0,15,5,20,1,3,2
quanc001,MIA,MIL,MIA202507050,2025-07-05,0,1,11,6,18,1,6,2
quanc001,MIA,CIN,CIN202507100,2025-07-10,0,0,15,5,22,1,7,5
quanc001,MIA,KCA,MIA202507190,2025-07-19,0,1,18,3,19,0,2,0
quanc001,MIA,MIL,MIL202507250,2025-07-25,0,0,15,4,18,0,3,1
quanc001,MIA,SLN,SLN202507300,2025-07-30,0,0,15,3,20,2,3,0
quanc001,MIA,HOU,MIA202508050,2025-08-05,0,1,13,2,25,3,9,7
quanc001,MIA,ATL,ATL202508100,2025-08-10,0,0,12,1,15,0,3,1
quanc001,MIA,BOS,BOS202508160,2025-08-16,0,0,11,2,21,1,8,7
quanc001,ATL,NYN,ATL202508230,2025-08-23,0,1,14,3,24,5,5,3
quanc001,ATL,PHI,PHI202508280,2025-08-28,0,0,10,0,19,0,9,9
quinj001,NYN,MIL,NYN202403290,2024-03-29,0,1,14,4,21,2,6,2
quinj001,NYN,CIN,CIN202404050,2024-04-05,0,0,17,4,26,4,5,1
quinj001,NYN,ATL,ATL202404110,2024-04-11,0,0,16,4,23,2,5,3
quinj001,NYN,PIT,NYN202404160,2024-04-16,0,1,15,4,21,3,4,1
quinj001,NYN,SFN,SFN202404220,2024-04-22,0,0,15,4,24,3,7,5
quinj001,NYN,SLN,NYN202404280,2024-04-28,0,1,24,3,29,1,3,1
quinj001,NYN,TBA,TBA202405030,2024-05-03,0,0,8,2,19,1,10,8
quinj001,NYN,ATL,NYN202405100,2024-05-10,0,1,15,3,22,2,6,4
quinj001,NYN,PHI,PHI202405160,2024-05-16,0,0,16,4,21,0,4,2
quinj001,NYN,CLE,CLE202405220,2024-05-22,0,0,18,4,21,0,4,3
quinj001,NYN,LAN,NYN202405282,2024-05-28,2,1,18,3,26,0,8,3
quinj001,NYN,ARI,NYN202406020,2024-06-02,0,1,12,4,21,3,4,3
quinj001,NYN,PHI,PHI202406090,2024-06-09,0,0,11,1,18,2,6,3
quinj001,NYN,SDN,NYN202406150,2024-06-15,0,1,18,6,21,2,2,1
quinj001,NYN,CHN,CHN202406210,2024-06-21,0,0,19,8,25,1,4,0
quinj001,NYN,HOU,NYN202406280,2024-06-28,0,1,12,7,21,3,6,2
quinj001,NYN,WAS,WAS202407040,2024-07-04,0,0,21,1,28,3,4,0
quinj001,NYN,WAS,NYN202407090,2024-07-09,0,1,21,5,24,1,1,0
quinj001,NYN,COL,NYN202407140,2024-07-14,0,1,17,8,25,1,6,5
quinj001,NYN,NYA,NYA202407230,2024-07-23,0,0,15,6,22,5,3,1
quinj001,NYN,MIN,NYN202407290,2024-07-29,0,1,18,5,24,1,5,1
quinj001,NYN,ANA,ANA202408040,2024-08-04,0,0,15,4,22,4,3,3
quinj001,NYN,SEA,SEA202408090,2024-08-09,0,0,20,8,27,2,4,5
quinj001,NYN,OAK,NYN202408150,2024-08-15,0,1,12,1,23,4,7,4
quinj001,NYN,BAL,NYN202408200,2024-08-20,0,1,15,3,24,2,8,7
quinj001,NYN,SDN,SDN202408250,2024-08-25,0,0,19,0,24,2,4,0
quinj001,NYN,CHA,CHA202408310,2024-08-31,0,0,15,6,23,3,6,1
quinj001,NYN,CIN,NYN202409070,2024-09-07,0,1,20,6,25,2,5,0
quinj001,NYN,PHI,PHI202409130,2024-09-13,0,0,21,4,23,0,3,0
quinj001,NYN,WAS,NYN202409180,2024-09-18,0,1,21,4,24,2,2,0
quinj001,NYN,MIL,MIL202409280,2024-09-28,0,0,13,9,20,2,5,2
quinj001,MIL,ARI,ARI202504110,2025-04-11,0,0,21,2,22,0,4,0
quinj001,MIL,DET,MIL202504160,2025-04-16,0,1,17,4,24,3,4,1
quinj001,MIL,SFN,SFN202504220,2025-04-22,0,0,18,3,24,2,6,1
quinj001,MIL,SLN,SLN202504270,2025-04-27,0,0,15,6,23,3,5,1
quinj001,MIL,CHN,MIL202505030,2025-05-03,0,1,15,6,23,1,7,6
quinj001,MIL,TBA,TBA202505090,2025-05-09,0,0,16,3,22,2,5,1
quinj001,MIL,PHI,PHI202506010,2025-06-01,0,0,15,3,23,4,4,2
quinj001,MIL,SDN,MIL202506070,2025-06-07,0,1,15,4,23,3,5,1
quinj001,MIL,SLN,MIL202506140,2025-06-14,0,1,13,4,24,3,8,5
quinj001,MIL,MIN,MIN202506210,2025-06-21,0,0,18,1,24,4,3,0
quinj001,MIL,COL,MIL202506270,2025-06-27,0,1,17,5,26,2,7,4
quinj001,MIL,NYN,NYN202507030,2025-07-03,0,0,16,3,21,0,6,3
quinj001,MIL,LAN,MIL202507090,2025-07-09,0,1,18,4,24,4,2,1
quinj001,MIL,LAN,LAN202507200,2025-07-20,0,0,18,5,23,0,4,4
quinj001,MIL,MIA,MIL202507260,2025-07-26,0,1,15,2,23,2,7,2
quinj001,MIL,WAS,WAS202508010,2025-08-01,0,0,15,4,23,2,6,2
quinj001,MIL,ATL,ATL202508060,2025-08-06,0,0,18,7,25,0,7,3
quinj001,MIL,PIT,MIL202508110,2025-08-11,0,1,18,3,22,1,3,1
quinj001,MIL,CIN,CIN202508170,2025-08-17,0,0,19,4,25,1,5,1
quinj001,MIL,SFN,MIL202508220,2025-08-22,0,1,16,2,20,2,2,2
quinj001,MIL,ARI,MIL202508280,2025-08-28,0,1,11,2,22,4,5,6
quinj001,MIL,PHI,MIL202509030,2025-09-03,0,1,19,6,27,3,7,3
quinj001,MIL,TEX,TEX202509080,2025-09-08,0,0,20,4,26,2,4,5
quinj001,MIL,SLN,MIL202509140,2025-09-14,0,1,12,2,17,2,4,3
ragac001,KCA,MIN,KCA202403280,2024-03-28,0,1,18,9,26,3,5,2
ragac001,KCA,BAL,BAL202404030,2024-04-03,0,0,19,7,22,2,1,0
ragac001,KCA,HOU,KCA202404090,2024-04-09,0,1,15,5,26,1,10,3
ragac001,KCA,NYN,NYN202404140,2024-04-14,0,0,18,8,24,1,5,0
ragac001,KCA,BAL,KCA202404200,2024-04-20,0,1,5,4,14,0,9,7
ragac001,KCA,TOR,KCA202404250,2024-04-25,0,1,15,4,21,3,3,1
ragac001,KCA,TOR,TOR202404300,2024-04-30,0,0,20,9,26,3,4,1
ragac001,KCA,MIL,KCA202405060,2024-05-06,0,1,18,8,22,2,2,2
ragac001,KCA,ANA,ANA202405110,2024-05-11,0,0,19,3,28,1,8,7
ragac001,KCA,OAK,KCA202405170,2024-05-17,0,1,21,7,23,2,2,0
ragac001,KCA,DET,KCA202405220,2024-05-22,0,1,18,12,23,3,1,0
ragac001,KCA,MIN,MIN202405280,2024-05-28,0,0,15,7,24,1,8,2
ragac001,KCA,SDN,KCA202406020,2024-06-02,0,1,18,6,24,2,5,1
ragac001,KCA,SEA,KCA202406090,2024-06-09,0,1,18,9,22,1,3,1
ragac001,KCA,LAN,LAN202406140,2024-06-14,0,0,21,4,26,1,6,3
ragac001,KCA,OAK,OAK202406190,2024-06-19,0,0,18,7,26,4,4,2
ragac001,KCA,MIA,KCA202406240,2024-06-24,0,1,18,11,25,3,4,1
ragac001,KCA,CLE,KCA202406290,2024-06-29,0,1,14,6,21,1,6,5
ragac001,KCA,COL,COL202407050,2024-07-05,0,0,21,8,28,3,5,2
ragac001,KCA,BOS,BOS202407120,2024-07-12,0,0,21,7,25,1,4,1
ragac001,KCA,ARI,KCA202407220,2024-07-22,0,1,18,5,26,2,6,3
ragac001,KCA,CHN,KCA202407280,2024-07-28,0,1,17,7,26,1,8,4
ragac001,KCA,DET,DET202408020,2024-08-02,0,0,17,6,22,4,2,2
ragac001,KCA,BOS,KCA202408070,2024-08-07,0,1,19,7,27,2,6,1
ragac001,KCA,MIN,MIN202408140,2024-08-14,0,0,21,8,26,0,5,1
ragac001,KCA,ANA,KCA202408200,2024-08-20,0,1,15,9,22,3,3,4
ragac001,KCA,CLE,CLE202408261,2024-08-26,1,0,12,4,20,4,3,1
ragac001,KCA,HOU,HOU202408310,2024-08-31,0,0,15,10,22,2,4,5
ragac001,KCA,MIN,KCA202409060,2024-09-06,0,1,18,7,22,1,4,0
ragac001,KCA,NYA,NYA202409110,2024-09-11,0,0,18,7,23,3,3,2
ragac001,KCA,DET,KCA202409170,2024-09-17,0,1,21,6,27,4,4,1
ragac001,KCA,WAS,WAS202409240,2024-09-24,0,0,18,6,23,3,3,0
ragac001,KCA,CLE,KCA202503270,2025-03-27,0,1,15,3,22,2,5,3
ragac001,KCA,MIL,MIL202504020,2025-04-02,0,0,15,10,22,2,5,1
ragac001,KCA,MIN,KCA202504080,2025-04-08,0,1,18,11,23,0,4,1
ragac001,KCA,CLE,CLE202504130,2025-04-13,0,0,23,10,26,0,4,1
ragac001,KCA,DET,DET202504180,2025-04-18,0,0,12,8,21,3,6,5
ragac001,KCA,COL,KCA202504241,2025-04-24,1,1,9,4,14,2,3,4
ragac001,KCA,CHA,KCA202505050,2025-05-05,0,1,15,11,20,2,3,0
ragac001,KCA,BOS,KCA202505100,2025-05-10,0,1,15,8,23,2,7,4
ragac001,KCA,SLN,KCA202505160,2025-05-16,0,1,15,7,20,0,5,4
ragac001,KCA,SLN,SLN202506052,2025-06-05,2,0,9,4,18,3,5,5
ragac001,KCA,SEA,KCA202509170,2025-09-17,0,1,11,4,13,2,1,2
ragac001,KCA,ANA,ANA202509230,2025-09-23,0,0,15,10,19,1,3,2
ragac001,KCA,ATH,ATH202509280,2025-09-28,0,0,13,8,16,1,2,0
rasmd002,TBA,BAL,TBA202408100,2024-08-10,0,1,3,0,7,0,4,3
rasmd002,TBA,ARI,TBA202408180,2024-08-18,0,1,6,2,6,0,0,0
rasmd002,TBA,SEA,SEA202408280,2024-08-28,0,0,6,2,7,0,2,0
rasmd002,TBA,CLE,CLE202409140,2024-09-14,0,0,6,2,7,0,1,0
rasmd002,TBA,PIT,TBA202503310,2025-03-31,0,1,15,4,17,0,2,0
rasmd002,TBA,TEX,TEX202504060,2025-04-06,0,0,15,4,18,1,3,1
rasmd002,TBA,ATL,TBA202504120,2025-04-12,0,1,15,7,19,1,4,0
rasmd002,TBA,NYA,TBA202504180,2025-04-18,0,1,17,7,22,3,3,1
rasmd002,TBA,ARI,ARI202504240,2025-04-24,0,0,15,5,21,1,5,4
rasmd002,TBA,KCA,TBA202504300,2025-04-30,0,1,15,3,21,1,6,3
rasmd002,TBA,PHI,TBA202505060,2025-05-06,0,1,13,2,20,2,5,3
rasmd002,TBA,MIL,TBA202505110,2025-05-11,0,1,15,3,20,1,4,3
rasmd002,TBA,MIA,MIA202505170,2025-05-17,0,0,18,5,22,0,4,0
rasmd002,TBA,TOR,TBA202505230,2025-05-23,0,1,18,3,22,2,4,0
rasmd002,TBA,MIN,TBA202505280,2025-05-28,0,1,18,5,20,1,1,0
rasmd002,TBA,TEX,TBA202506030,2025-06-03,0,1,15,8,16,0,1,0
rasmd002,TBA,MIA,TBA202506080,2025-06-08,0,1,18,3,24,1,6,2
rasmd002,TBA,NYN,NYN202506140,2025-06-14,0,0,15,3,21,1,7,4
rasmd002,TBA,BAL,TBA202506190,2025-06-19,0,1,16,5,22,3,4,2
rasmd002,TBA,KCA,KCA202506250,2025-06-25,0,0,15,5,18,2,2,0
rasmd002,TBA,ATH,TBA202506300,2025-06-30,0,1,9,2,14,1,5,4
rasmd002,TBA,MIN,MIN202507060,2025-07-06,0,0,6,2,8,0,3,1
rasmd002,TBA,BOS,BOS202507110,2025-07-11,0,0,6,1,10,1,3,1
rasmd002,TBA,CHA,TBA202507220,2025-07-22,0,1,12,5,16,1,3,2
rasmd002,TBA,NYA,NYA202507280,2025-07-28,0,0,15,5,21,2,4,2
rasmd002,TBA,LAN,TBA202508020,2025-08-02,0,1,16,6,19,0,4,0
rasmd002,TBA,SEA,SEA202508080,2025-08-08,0,0,18,4,21,0,4,0
rasmd002,TBA,ATH,ATH202508130,2025-08-13,0,0,18,5,22,0,3,1
rasmd002,TBA,NYA,TBA202508200,2025-08-20,0,1,18,6,23,2,5,2
rasmd002,TBA,CLE,CLE202508270,2025-08-27,0,0,18,5,22,1,4,2
rasmd002,TBA,SEA,TBA202509020,2025-09-02,0,1,15,2,19,0,4,3
rasmd002,TBA,CLE,TBA202509070,2025-09-07,0,1,15,2,19,3,3,0
rasmd002,TBA,CHN,CHN202509130,2025-09-13,0,0,15,5,22,3,4,3
rasmd002,TBA,BOS,TBA202509190,2025-09-19,0,1,9,2,15,1,4,2
rasmd002,TBA,BAL,BAL202509250,2025-09-25,0,0,7,3,11,2,2,0
ray-r002,SFN,LAN,LAN202407240,2024-07-24,0,0,15,8,19,2,0,1
ray-r002,SFN,OAK,SFN202407300,2024-07-30,0,1,13,4,21,3,7,4
ray-r002,SFN,CIN,CIN202408040,2024-08-04,0,0,15,9,19,1,3,2
ray-r002,SFN,DET,SFN202408090,2024-08-09,0,1,18,7,25,3,5,2
ray-r002,SFN,ATL,SFN202408140,2024-08-14,0,1,2,2,8,3,1,5
ray-r002,SFN,CHA,SFN202408200,2024-08-20,0,1,20,9,24,0,3,1
ray-r002,SFN,SEA,SEA202408250,2024-08-25,0,0,9,4,13,3,1,1
ray-r002,SFN,CIN,CIN202503300,2025-03-30,0,0,16,4,20,1,3,3
ray-r002,SFN,SEA,SFN202504050,2025-04-05,0,1,18,2,24,5,4,1
ray-r002,SFN,NYA,NYA202504110,2025-04-11,0,0,12,7,18,4,2,1
ray-r002,SFN,PHI,PHI202504160,2025-04-16,0,0,12,8,23,5,6,4
ray-r002,SFN,MIL,SFN202504210,2025-04-21,0,1,15,4,22,3,5,2
ray-r002,SFN,TEX,SFN202504260,2025-04-26,0,1,21,8,27,1,5,2
ray-r002,SFN,COL,SFN202505020,2025-05-02,0,1,21,8,24,2,2,0
ray-r002,SFN,CHN,CHN202505070,2025-05-07,0,0,18,5,23,2,3,1
ray-r002,SFN,ARI,SFN202505130,2025-05-13,0,1,18,9,28,3,7,3
ray-r002,SFN,KCA,SFN202505190,2025-05-19,0,1,21,7,26,1,6,0
ray-r002,SFN,WAS,WAS202505250,2025-05-25,0,0,18,7,21,0,3,1
ray-r002,SFN,MIA,MIA202505310,2025-05-31,0,0,21,9,25,3,2,1
ray-r002,SFN,SDN,SFN202506050,2025-06-05,0,1,21,9,25,1,4,2
ray-r002,SFN,COL,COL202506110,2025-06-11,0,0,12,5,21,2,6,2
ray-r002,SFN,CLE,SFN202506170,2025-06-17,0,1,18,5,26,2,5,3
ray-r002,SFN,BOS,SFN202506220,2025-06-22,0,1,15,7,24,1,8,3
ray-r002,SFN,CHA,CHA202506280,2025-06-28,0,0,18,6,23,2,4,1
ray-r002,SFN,ARI,ARI202507030,2025-07-03,0,0,27,7,31,1,3,2
ray-r002,SFN,PHI,SFN202507080,2025-07-08,0,1,17,5,24,3,4,1
ray-r002,SFN,LAN,SFN202507130,2025-07-13,0,1,18,6,23,2,3,2
ray-r002,SFN,TOR,TOR202507200,2025-07-20,0,0,13,3,22,5,5,5
ray-r002,SFN,NYN,SFN202507260,2025-07-26,0,1,17,3,25,3,5,2
ray-r002,SFN,NYN,NYN202508010,2025-08-01,0,0,21,6,26,1,4,1
ray-r002,SFN,PIT,PIT202508060,2025-08-06,0,0,18,8,25,2,6,2
ray-r002,SFN,SDN,SFN202508120,2025-08-12,0,1,18,4,25,1,7,4
ray-r002,SFN,SDN,SDN202508180,2025-08-18,0,0,20,6,26,1,3,0
ray-r002,SFN,MIL,MIL202508240,2025-08-24,0,0,15,0,23,4,6,3
ray-r002,SFN,BAL,SFN202508290,2025-08-29,0,1,13,5,22,3,6,6
ray-r002,SFN,COL,COL202509030,2025-09-03,0,0,14,8,22,1,7,4
ray-r002,SFN,ARI,SFN202509090,2025-09-09,0,1,15,5,19,2,3,2
ray-r002,SFN,LAN,SFN202509140,2025-09-14,0,1,12,5,22,4,6,5
ray-r002,SFN,LAN,LAN202509190,2025-09-19,0,0,14,5,20,2,5,5
rea-c001,MIL,NYN,NYN202403310,2024-03-31,0,0,15,2,22,2,5,1
rea-c001,MIL,SEA,MIL202404070,2024-04-07,0,1,18,3,25,0,7,1
rea-c001,MIL,BAL,BAL202404140,2024-04-14,0,0,17,6,24,1,5,3
rea-c001,MIL,SLN,SLN202404210,2024-04-21,0,0,15,3,23,3,5,0
rea-c001,MIL,NYA,MIL202404260,2024-04-26,0,1,18,4,25,3,4,5
rea-c001,MIL,TBA,MIL202405010,2024-05-01,0,1,18,5,25,2,4,0
rea-c001,MIL,KCA,KCA202405070,2024-05-07,0,0,14,2,22,1,7,4
rea-c001,MIL,PIT,MIL202405130,2024-05-13,0,1,18,5,25,1,6,3
rea-c001,MIL,HOU,HOU202405190,2024-05-19,0,0,13,5,24,4,8,5
rea-c001,MIL,CHN,MIL202405300,2024-05-30,0,1,16,5,21,1,5,1
rea-c001,MIL,TOR,MIL202406100,2024-06-10,0,1,21,4,23,0,3,1
rea-c001,MIL,CIN,MIL202406160,2024-06-16,0,1,18,6,23,1,4,2
rea-c001,MIL,SDN,SDN202406210,2024-06-21,0,0,16,0,23,2,6,5
rea-c001,MIL,CHN,MIL202406280,2024-06-28,0,1,16,8,22,2,3,2
rea-c001,MIL,COL,COL202407030,2024-07-03,0,0,21,4,25,0,6,0
rea-c001,MIL,PIT,MIL202407090,2024-07-09,0,1,15,3,24,2,6,7
rea-c001,MIL,CHN,CHN202407230,2024-07-23,0,0,15,8,21,2,4,0
rea-c001,MIL,ATL,MIL202407290,2024-07-29,0,1,16,6,21,2,3,2
rea-c001,MIL,ATL,ATL202408060,2024-08-06,0,0,21,9,25,1,5,0
rea-c001,MIL,LAN,MIL202408130,2024-08-13,0,1,18,4,29,0,10,7
rea-c001,MIL,CLE,MIL202408180,2024-08-18,0,1,21,5,25,0,2,0
rea-c001,MIL,OAK,OAK202408240,2024-08-24,0,0,20,5,27,0,8,4
rea-c001,MIL,CIN,CIN202408301,2024-08-30,1,0,12,5,19,0,6,3
rea-c001,MIL,SLN,MIL202409040,2024-09-04,0,1,12,4,19,2,4,2
rea-c001,MIL,SFN,SFN202409110,2024-09-11,0,0,12,1,23,1,11,10
rea-c001,MIL,ARI,MIL202409200,2024-09-20,0,1,12,4,17,1,5,3
rea-c001,MIL,NYN,MIL202409290,2024-09-29,0,1,17,5,31,3,10,5
rea-c001,CHN,LAN,LAN202504130,2025-04-13,0,0,11,5,16,1,4,1
rea-c001,CHN,ARI,CHN202504180,2025-04-18,0,1,14,5,20,0,5,1
rea-c001,CHN,PHI,CHN202504250,2025-04-25,0,1,15,7,20,2,3,0
rea-c001,CHN,PIT,PIT202505010,2025-05-01,0,0,18,2,23,2,4,2
rea-c001,CHN,SFN,CHN202505060,2025-05-06,0,1,15,4,24,2,8,4
rea-c001,CHN,MIA,CHN202505120,2025-05-12,0,1,20,4,25,2,6,2
rea-c001,CHN,CHA,CHN202505180,2025-05-18,0,1,16,3,20,2,4,1
rea-c001,CHN,CIN,CIN202505240,2025-05-24,0,0,15,8,25,3,7,6
rea-c001,CHN,CIN,CHN202505300,2025-05-30,0,1,17,3,27,2,10,6
rea-c001,CHN,PHI,PHI202506100,2025-06-10,0,0,13,5,20,0,7,4
rea-c001,CHN,PIT,CHN202506150,2025-06-15,0,1,18,4,23,1,4,2
rea-c001,CHN,SEA,CHN202506220,2025-06-22,0,1,16,2,27,1,11,7
rea-c001,CHN,HOU,HOU202506280,2025-06-28,0,0,15,2,20,0,5,2
rea-c001,CHN,SLN,CHN202507040,2025-07-04,0,1,20,4,24,2,2,1
rea-c001,CHN,MIN,MIN202507100,2025-07-10,0,0,21,5,25,2,3,1
rea-c001,CHN,BOS,CHN202507180,2025-07-18,0,1,15,5,22,4,4,1
rea-c001,CHN,KCA,CHN202507230,2025-07-23,0,1,15,3,23,0,6,5
rea-c001,CHN,MIL,MIL202507290,2025-07-29,0,0,12,2,21,1,9,4
rea-c001,CHN,BAL,CHN202508030,2025-08-03,0,1,14,4,20,1,5,2
rea-c001,CHN,SLN,SLN202508090,2025-08-09,0,0,18,6,23,2,3,1
rea-c001,CHN,PIT,CHN202508150,2025-08-15,0,1,15,5,20,2,3,1
rea-c001,CHN,MIL,CHN202508200,2025-08-20,0,1,17,3,24,5,3,2
rea-c001,CHN,SFN,SFN202508270,2025-08-27,0,0,14,2,24,2,8,6
rea-c001,CHN,ATL,CHN202509010,2025-09-01,0,1,12,3,19,3,5,3
rea-c001,CHN,TBA,CHN202509130,2025-09-13,0,1,16,5,22,0,7,3
rea-c001,CHN,CIN,CIN202509180,2025-09-18,0,0,21,11,25,0,4,1
rea-c001,CHN,SLN,CHN202509260,2025-09-26,0,1,17,7,20,1,2,0
reyns002,SDN,ATL,ATL202505240,2025-05-24,0,0,8,1,14,0,6,3
richt001,TOR,BAL,TOR202406040,2024-06-04,0,1,6,4,6,0,0,0
richt001,TOR,CLE,TOR202406150,2024-06-15,0,1,7,1,8,0,1,0
rockk001,TEX,SEA,SEA202409120,2024-09-12,0,0,12,7,17,2,3,1
rockk001,TEX,TOR,TEX202409190,2024-09-19,0,1,9,5,17,4,2,1
rockk001,TEX,OAK,OAK202409260,2024-09-26,0,0,14,2,21,0,7,3
rockk001,TEX,CIN,CIN202503310,2025-03-31,0,0,9,3,18,2,7,6
rockk001,TEX,TBA,TEX202504060,2025-04-06,0,1,15,1,20,0,6,1
rockk001,TEX,SEA,SEA202504120,2025-04-12,0,0,10,2,17,2,5,3
rockk001,TEX,ANA,TEX202504170,2025-04-17,0,1,21,8,27,0,5,3
rockk001,TEX,ATH,ATH202504230,2025-04-23,0,0,5,2,13,1,7,5
rockk001,TEX,TBA,TBA202506040,2025-06-04,0,0,10,5,19,2,6,5
rockk001,TEX,CHA,TEX202506150,2025-06-15,0,1,15,6,20,1,4,0
rockk001,TEX,PIT,PIT202506210,2025-06-21,0,0,16,4,23,3,5,2
rockk001,TEX,SEA,TEX202506280,2025-06-28,0,1,18,6,24,1,4,2
rockk001,TEX,SDN,SDN202507040,2025-07-04,0,0,16,4,21,2,4,2
rockk001,TEX,ANA,ANA202507090,2025-07-09,0,0,13,2,21,1,6,6
rockk001,TEX,DET,TEX202507190,2025-07-19,0,1,19,5,23,3,1,0
rockk001,TEX,ATL,TEX202507260,2025-07-26,0,1,12,5,19,3,5,3
rockk001,TEX,SEA,SEA202507310,2025-07-31,0,0,14,3,22,2,6,3
rodoc001,NYA,HOU,HOU202403290,2024-03-29,0,0,13,4,21,3,5,1
rodoc001,NYA,ARI,ARI202404030,2024-04-03,0,0,16,3,24,2,7,2
rodoc001,NYA,MIA,NYA202404090,2024-04-09,0,1,18,6,24,2,5,2
rodoc001,NYA,TOR,TOR202404160,2024-04-16,0,0,12,5,21,4,5,3
rodoc001,NYA,OAK,NYA202404220,2024-04-22,0,1,21,4,25,2,1,0
rodoc001,NYA,MIL,MIL202404270,2024-04-27,0,0,18,8,21,1,2,1
rodoc001,NYA,BAL,BAL202405020,2024-05-02,0,0,12,6,23,0,8,6
rodoc001,NYA,HOU,NYA202405080,2024-05-08,0,1,19,7,27,0,7,2
rodoc001,NYA,MIN,MIN202405140,2024-05-14,0,0,18,6,24,0,6,1
rodoc001,NYA,CHA,NYA202405190,2024-05-19,0,1,18,6,24,2,4,2
rodoc001,NYA,SDN,SDN202405240,2024-05-24,0,0,18,2,23,3,3,0
rodoc001,NYA,ANA,ANA202405300,2024-05-30,0,0,18,5,22,1,3,3
rodoc001,NYA,MIN,NYA202406050,2024-06-05,0,1,18,9,21,0,3,2
rodoc001,NYA,KCA,KCA202406100,2024-06-10,0,0,21,3,25,0,5,1
rodoc001,NYA,BOS,BOS202406150,2024-06-15,0,0,15,7,25,3,7,5
rodoc001,NYA,ATL,NYA202406210,2024-06-21,0,1,11,3,24,2,11,7
rodoc001,NYA,TOR,TOR202406270,2024-06-27,0,0,15,8,27,1,10,8
rodoc001,NYA,CIN,NYA202407030,2024-07-03,0,1,16,8,21,2,3,3
rodoc001,NYA,TBA,TBA202407090,2024-07-09,0,0,12,5,18,2,5,4
rodoc001,NYA,BAL,BAL202407140,2024-07-14,0,0,12,7,19,3,4,2
rodoc001,NYA,TBA,NYA202407220,2024-07-22,0,1,21,10,25,2,2,1
rodoc001,NYA,BOS,BOS202407280,2024-07-28,0,0,19,7,25,1,5,2
rodoc001,NYA,TOR,NYA202408030,2024-08-03,0,1,16,8,21,2,3,3
rodoc001,NYA,TEX,NYA202408101,2024-08-10,1,1,17,6,25,5,3,0
rodoc001,NYA,DET,DET202408170,2024-08-17,0,0,10,5,18,1,7,4
rodoc001,NYA,COL,NYA202408230,2024-08-23,0,1,18,5,23,1,4,0
rodoc001,NYA,WAS,WAS202408280,2024-08-28,0,0,17,8,25,2,8,5
rodoc001,NYA,TEX,TEX202409030,2024-09-03,0,0,18,11,22,2,1,1
rodoc001,NYA,KCA,NYA202409090,2024-09-09,0,1,18,9,26,1,5,2
rodoc001,NYA,BOS,NYA202409150,2024-09-15,0,1,16,5,24,2,6,2
rodoc001,NYA,OAK,OAK202409210,2024-09-21,0,0,18,4,22,1,5,0
rodoc001,NYA,PIT,NYA202409270,2024-09-27,0,1,16,5,21,4,4,2
rodoc001,NYA,MIL,NYA202503270,2025-03-27,0,1,16,7,22,2,4,1
rodoc001,NYA,ARI,NYA202504020,2025-04-02,0,1,18,5,23,4,3,4
rodoc001,NYA,DET,DET202504070,2025-04-07,0,0,18,8,25,3,4,5
rodoc001,NYA,SFN,NYA202504130,2025-04-13,0,1,17,8,23,3,3,4
rodoc001,NYA,TBA,TBA202504180,2025-04-18,0,0,18,9,23,4,2,0
rodoc001,NYA,CLE,CLE202504230,2025-04-23,0,0,21,8,27,2,4,0
rodoc001,NYA,BAL,BAL202504290,2025-04-29,0,0,18,7,21,1,2,2
rodoc001,NYA,SDN,NYA202505050,2025-05-05,0,1,20,5,24,1,3,0
rodoc001,NYA,ATH,ATH202505100,2025-05-10,0,0,18,10,27,0,8,4
rodoc001,NYA,NYN,NYA202505160,2025-05-16,0,1,15,5,21,4,2,1
rodoc001,NYA,TEX,NYA202505220,2025-05-22,0,1,18,8,22,2,2,0
rodoc001,NYA,ANA,ANA202505270,2025-05-27,0,0,21,10,26,0,5,0
rodoc001,NYA,CLE,NYA202506030,2025-06-03,0,1,21,8,26,1,5,1
rodoc001,NYA,BOS,NYA202506080,2025-06-08,0,1,15,5,22,3,3,5
rodoc001,NYA,BOS,BOS202506140,2025-06-14,0,0,15,4,24,2,7,3
rodoc001,NYA,ANA,NYA202506190,2025-06-19,0,1,18,7,24,1,4,3
rodoc001,NYA,CIN,CIN202506240,2025-06-24,0,0,18,5,21,1,4,0
rodoc001,NYA,TOR,TOR202506300,2025-06-30,0,0,15,4,24,3,5,2
rodoc001,NYA,NYN,NYN202507050,2025-07-05,0,0,15,4,24,3,5,6
rodoc001,NYA,CHN,NYA202507110,2025-07-11,0,1,24,8,29,1,4,0
rodoc001,NYA,TOR,TOR202507210,2025-07-21,0,0,15,4,27,5,6,2
rodoc001,NYA,PHI,NYA202507270,2025-07-27,0,1,16,8,21,1,4,3
rodoc001,NYA,MIA,MIA202508010,2025-08-01,0,0,14,9,21,5,2,4
rodoc001,NYA,TEX,TEX202508060,2025-08-06,0,0,15,3,23,4,6,2
rodoc001,NYA,MIN,NYA202508120,2025-08-12,0,1,21,5,25,2,1,1
rodoc001,NYA,TBA,TBA202508190,2025-08-19,0,0,18,5,25,2,5,2
rodoc001,NYA,BOS,NYA202508240,2025-08-24,0,1,17,3,22,5,1,2
rodoc001,NYA,CHA,CHA202508290,2025-08-29,0,0,18,5,25,2,7,1
rodoc001,NYA,HOU,HOU202509040,2025-09-04,0,0,18,3,24,2,3,1
rodoc001,NYA,DET,NYA202509100,2025-09-10,0,1,18,6,25,1,5,2
rodoc001,NYA,MIN,MIN202509150,2025-09-15,0,0,18,4,23,1,5,2
rodoc001,NYA,BAL,BAL202509200,2025-09-20,0,0,21,8,26,1,4,1
rodoc001,NYA,CHA,NYA202509250,2025-09-25,0,1,18,5,24,1,4,3
rodrc003,MIL,TOR,MIL202406110,2024-06-11,0,1,11,4,19,1,7,2
rodrc003,MIL,ANA,ANA202406170,2024-06-17,0,0,14,3,21,2,6,4
rodrc003,MIL,SDN,SDN202406220,2024-06-22,0,0,12,2,17,0,6,4
rodre004,ARI,CLE,CLE202408072,2024-08-07,2,0,17,1,23,2,4,3
rodre004,ARI,COL,ARI202408130,2024-08-13,0,1,15,5,22,1,6,3
rodre004,ARI,MIA,MIA202408200,2024-08-20,0,0,16,5,23,1,6,1
rodre004,ARI,NYN,ARI202408280,2024-08-28,0,1,16,5,22,1,5,5
rodre004,ARI,LAN,ARI202409020,2024-09-02,0,1,12,1,20,2,7,3
rodre004,ARI,HOU,HOU202409070,2024-09-07,0,0,12,1,23,3,7,4
rodre004,ARI,MIL,ARI202409130,2024-09-13,0,1,15,7,22,3,5,2
rodre004,ARI,COL,COL202409180,2024-09-18,0,0,19,11,25,1,5,2
rodre004,ARI,SFN,ARI202409230,2024-09-23,0,1,14,8,24,3,7,5
rodre004,ARI,SDN,ARI202409280,2024-09-28,0,1,14,3,20,2,4,0
rodre004,ARI,CHN,ARI202503300,2025-03-30,0,1,16,5,21,3,3,3
rodre004,ARI,WAS,WAS202504050,2025-04-05,0,0,15,12,20,1,5,4
rodre004,ARI,MIL,ARI202504110,2025-04-11,0,1,19,3,27,2,6,2
rodre004,ARI,MIA,MIA202504170,2025-04-17,0,0,16,9,28,0,10,1
rodre004,ARI,TBA,ARI202504230,2025-04-23,0,1,20,5,27,1,6,4
rodre004,ARI,NYN,NYN202504290,2025-04-29,0,0,12,1,22,1,9,8
rodre004,ARI,PHI,PHI202505040,2025-05-04,0,0,16,10,25,4,5,3
rodre004,ARI,LAN,ARI202505090,2025-05-09,0,1,8,3,21,3,9,6
rodre004,ARI,SFN,SFN202505140,2025-05-14,0,0,12,4,20,3,5,4
rodre004,ARI,CIN,CIN202506060,2025-06-06,0,0,15,3,21,0,6,2
rodre004,ARI,SEA,ARI202506110,2025-06-11,0,1,19,5,25,1,6,2
rodre004,ARI,TOR,TOR202506180,2025-06-18,0,0,14,4,23,3,6,1
rodre004,ARI,CHA,CHA202506230,2025-06-23,0,0,18,10,24,2,5,0
rodre004,ARI,MIA,ARI202506290,2025-06-29,0,1,16,6,24,3,4,1
rodre004,ARI,KCA,ARI202507040,2025-07-04,0,1,13,7,26,0,12,8
rodre004,ARI,SDN,SDN202507100,2025-07-10,0,0,12,3,22,2,8,4
rodre004,ARI,HOU,ARI202507220,2025-07-22,0,1,19,3,27,3,6,0
rodre004,ARI,DET,DET202507280,2025-07-28,0,0,18,5,27,2,8,5
rodre004,ARI,ATH,ATH202508030,2025-08-03,0,0,15,5,23,3,6,2
rodre004,ARI,COL,ARI202508090,2025-08-09,0,1,16,2,27,5,6,5
rodre004,ARI,COL,COL202508140,2025-08-14,0,0,21,6,27,1,6,1
rodre004,ARI,CLE,ARI202508190,2025-08-19,0,1,20,4,28,3,5,4
rodre004,ARI,MIL,MIL202508250,2025-08-25,0,0,7,1,14,1,6,5
rodre004,ARI,LAN,LAN202508300,2025-08-30,0,0,18,4,24,4,4,0
rodre004,ARI,BOS,ARI202509050,2025-09-05,0,1,18,4,23,2,4,1
rodre004,ARI,SFN,SFN202509100,2025-09-10,0,0,19,6,23,2,2,0
rodre004,ARI,SFN,ARI202509160,2025-09-16,0,1,15,2,23,1,8,5
rodre004,ARI,PHI,ARI202509210,2025-09-21,0,1,18,5,27,3,6,0
rodre004,ARI,SDN,SDN202509270,2025-09-27,0,0,18,6,25,1,6,5
rodre005,MIL,KCA,MIL202503310,2025-03-31,0,1,12,3,19,1,6,4
rodre005,MIL,CIN,MIL202504050,2025-04-05,0,1,15,2,23,1,8,7
rodrg003,BAL,ANA,BAL202403300,2024-03-30,0,1,18,9,22,1,4,1
rodrg003,BAL,PIT,PIT202404050,2024-04-05,0,0,19,7,27,2,6,2
rodrg003,BAL,BOS,BOS202404110,2024-04-11,0,0,17,5,25,2,6,2
rodrg003,BAL,MIN,BAL202404160,2024-04-16,0,1,18,6,23,3,4,2
rodrg003,BAL,ANA,ANA202404230,2024-04-23,0,0,13,7,24,1,11,7
rodrg003,BAL,NYA,BAL202404290,2024-04-29,0,1,17,3,25,3,5,0
rodrg003,BAL,SEA,BAL202405180,2024-05-18,0,1,18,7,22,3,1,0
rodrg003,BAL,CHA,CHA202405230,2024-05-23,0,0,15,7,24,5,3,2
rodrg003,BAL,BOS,BAL202405280,2024-05-28,0,1,18,10,27,1,7,4
rodrg003,BAL,TOR,TOR202406030,2024-06-03,0,0,20,4,27,0,7,1
rodrg003,BAL,TBA,TBA202406090,2024-06-09,0,0,17,6,20,1,2,2
rodrg003,BAL,PHI,BAL202406150,2024-06-15,0,1,21,6,28,1,7,2
rodrg003,BAL,HOU,HOU202406210,2024-06-21,0,0,15,8,26,2,9,7
rodrg003,BAL,CLE,BAL202406260,2024-06-26,0,1,21,4,26,0,5,2
rodrg003,BAL,SEA,SEA202407020,2024-07-02,0,0,19,8,24,4,2,0
rodrg003,BAL,OAK,OAK202407070,2024-07-07,0,0,18,8,26,1,6,3
rodrg003,BAL,NYA,BAL202407130,2024-07-13,0,1,15,7,24,1,8,6
rodrg003,BAL,TEX,TEX202407200,2024-07-20,0,0,18,8,23,2,3,2
rodrg003,BAL,SDN,BAL202407260,2024-07-26,0,1,15,2,20,0,7,2
rodrg003,BAL,TOR,BAL202407310,2024-07-31,0,1,18,8,28,3,6,3
rodrr010,SFN,CHN,SFN202406250,2024-06-25,0,1,8,5,11,2,1,1
rodry003,TOR,COL,TOR202404130,2024-04-13,0,1,11,6,16,2,4,1
rodry003,TOR,SDN,SDN202404190,2024-04-19,0,0,12,7,16,1,3,1
rodry003,TOR,KCA,KCA202404240,2024-04-24,0,0,12,2,20,2,6,3
rodry003,TOR,KCA,TOR202404290,2024-04-29,0,1,11,1,20,3,6,2
rodry003,TOR,CLE,CLE202406210,2024-06-21,0,0,4,1,9,3,2,4
rodry003,TOR,BOS,BOS202406260,2024-06-26,0,0,3,0,4,1,0,0
rodry003,TOR,HOU,TOR202407010,2024-07-01,0,1,20,6,23,2,2,1
rodry003,TOR,SEA,SEA202407060,2024-07-06,0,0,18,6,20,2,1,0
rodry003,TOR,ARI,ARI202407120,2024-07-12,0,0,12,7,19,3,4,2
rodry003,TOR,TBA,TOR202407240,2024-07-24,0,1,17,6,20,1,2,2
rodry003,TOR,BAL,BAL202407291,2024-07-29,1,0,2,1,9,4,1,3
rodry003,TOR,NYA,NYA202408040,2024-08-04,0,0,14,4,19,1,4,0
rodry003,TOR,OAK,TOR202408100,2024-08-10,0,1,17,5,23,1,5,1
rodry003,TOR,CHN,CHN202408160,2024-08-16,0,0,15,5,21,2,4,4
rodry003,TOR,CIN,TOR202408210,2024-08-21,0,1,13,6,19,2,6,5
rodry003,TOR,BOS,BOS202408270,2024-08-27,0,0,15,3,24,1,8,6
rodry003,TOR,MIN,MIN202409010,2024-09-01,0,0,9,3,13,2,3,0
rodry003,TOR,ATL,ATL202409080,2024-09-08,0,0,15,6,17,1,2,1
rodry003,TOR,SLN,TOR202409150,2024-09-15,0,1,13,2,17,1,3,1
rodry003,TOR,TBA,TBA202409210,2024-09-21,0,0,12,3,18,3,4,3
rodry003,TOR,MIA,TOR202409280,2024-09-28,0,1,15,5,21,2,4,3
rodry003,TOR,BOS,TOR202504300,2025-04-30,0,1,3,1,6,2,2,2
roget003,MIA,PIT,MIA202403310,2024-03-31,0,1,15,6,26,4,7,4
roget003,MIA,SLN,SLN202404060,2024-04-06,0,0,15,3,23,3,5,2
roget003,MIA,ATL,MIA202404120,2024-04-12,0,1,15,5,23,1,8,2
roget003,MIA,SFN,MIA202404170,2024-04-17,0,1,17,6,21,0,4,1
roget003,MIA,ATL,ATL202404230,2024-04-23,0,0,17,4,26,1,7,3
roget003,MIA,WAS,MIA202404290,2024-04-29,0,1,15,3,22,3,4,3
roget003,MIA,OAK,OAK202405040,2024-05-04,0,0,7,1,18,3,8,8
roget003,MIA,PHI,MIA202405100,2024-05-10,0,1,10,3,21,2,9,4
roget003,MIA,DET,DET202405150,2024-05-15,0,0,15,6,21,2,3,0
roget003,MIA,MIL,MIA202405210,2024-05-21,0,1,11,4,21,4,6,4
roget003,MIA,SDN,SDN202405270,2024-05-27,0,0,16,3,23,2,6,1
roget003,MIA,TEX,MIA202406020,2024-06-02,0,1,18,3,25,2,6,4
roget003,MIA,CLE,MIA202406090,2024-06-09,0,1,15,5,20,4,2,1
roget003,MIA,WAS,WAS202406150,2024-06-15,0,0,21,3,27,0,6,2
roget003,MIA,SEA,MIA202406210,2024-06-21,0,1,19,5,23,1,4,2
roget003,MIA,PHI,PHI202406270,2024-06-27,0,0,18,4,28,4,6,3
roget003,MIA,BOS,MIA202407030,2024-07-03,0,1,9,6,17,3,5,2
roget003,MIA,HOU,HOU202407090,2024-07-09,0,0,16,5,24,2,6,2
roget003,MIA,CIN,CIN202407140,2024-07-14,0,0,17,4,21,3,2,2
roget003,MIA,NYN,MIA202407210,2024-07-21,0,1,14,5,22,2,5,1
roget003,MIA,MIL,MIL202407260,2024-07-26,0,0,16,1,20,0,6,2
roget003,BAL,CLE,CLE202408010,2024-08-01,0,0,13,3,22,3,6,5
roget003,BAL,TOR,TOR202408070,2024-08-07,0,0,15,2,23,2,7,2
roget003,BAL,WAS,BAL202408130,2024-08-13,0,1,15,2,23,2,7,5
roget003,BAL,NYN,NYN202408190,2024-08-19,0,0,14,5,22,3,5,3
roget003,BAL,BOS,BOS202505242,2025-05-24,2,0,19,5,22,0,2,0
roget003,BAL,TBA,TBA202506180,2025-06-18,0,0,7,4,15,3,5,3
roget003,BAL,TEX,BAL202506230,2025-06-23,0,1,24,4,27,0,3,0
roget003,BAL,TEX,TEX202506300,2025-06-30,0,0,16,5,22,3,3,2
roget003,BAL,ATL,ATL202507060,2025-07-06,0,0,20,6,24,2,4,0
roget003,BAL,MIA,BAL202507120,2025-07-12,0,1,20,8,24,2,2,1
roget003,BAL,TBA,TBA202507200,2025-07-20,0,0,18,3,26,2,5,2
roget003,BAL,COL,BAL202507260,2025-07-26,0,1,21,5,22,1,1,0
roget003,BAL,CHN,CHN202508010,2025-08-01,0,0,24,8,28,0,4,1
roget003,BAL,PHI,PHI202508060,2025-08-06,0,0,18,6,27,2,8,1
roget003,BAL,SEA,BAL202508130,2025-08-13,0,1,21,6,25,0,4,1
roget003,BAL,BOS,BOS202508180,2025-08-18,0,0,21,7,25,1,4,1
roget003,BAL,HOU,BAL202508240,2025-08-24,0,1,21,9,28,3,5,1
roget003,BAL,SFN,SFN202508300,2025-08-30,0,0,21,5,26,0,5,1
roget003,BAL,LAN,BAL202509060,2025-09-06,0,1,16,6,24,1,8,2
roget003,BAL,TOR,TOR202509120,2025-09-12,0,0,15,6,22,4,3,0
roget003,BAL,NYA,BAL202509190,2025-09-19,0,1,18,7,21,2,1,0
roget003,BAL,NYA,NYA202509260,2025-09-26,0,0,9,3,15,3,3,6
rolir001,COL,NYN,COL202506060,2025-06-06,0,1,3,1,4,0,1,0
rosek001,ANA,OAK,ANA202407250,2024-07-25,0,1,10,1,16,1,6,6
rossj002,MIL,MIN,MIL202404030,2024-04-03,0,1,11,3,18,5,2,0
rossj002,MIL,CIN,CIN202404090,2024-04-09,0,0,19,7,26,1,5,2
rossj002,MIL,SDN,MIL202404150,2024-04-15,0,1,14,4,26,2,9,6
rossj002,MIL,PIT,PIT202404220,2024-04-22,0,0,16,4,21,1,6,1
rossj002,MIL,NYA,MIL202404270,2024-04-27,0,1,15,5,28,3,8,6
rossj002,MIL,CHN,CHN202405030,2024-05-03,0,0,18,4,23,0,6,1
rossj002,MIL,KCA,KCA202405080,2024-05-08,0,0,15,2,20,2,3,3
rossj002,MIL,PIT,MIL202405140,2024-05-14,0,1,15,6,19,1,2,2
rossj002,MIL,MIA,MIA202405200,2024-05-20,0,0,3,0,4,1,1,0
rossj002,MIL,ATL,MIL202407300,2024-07-30,0,1,15,4,24,2,8,5
rossj002,PHI,PIT,PIT202506060,2025-06-06,0,0,6,2,9,1,3,1
roupl001,SFN,MIL,SFN202409100,2024-09-10,0,1,15,3,19,0,5,2
roupl001,SFN,SDN,SFN202409150,2024-09-15,0,1,15,4,18,2,2,0
roupl001,SFN,KCA,KCA202409210,2024-09-21,0,0,15,3,21,3,3,0
roupl001,SFN,SLN,SFN202409270,2024-09-27,0,1,11,4,22,2,9,6
roupl001,SFN,HOU,HOU202504020,2025-04-02,0,0,12,8,20,4,4,3
roupl001,SFN,CIN,SFN202504080,2025-04-08,0,1,18,4,23,0,7,1
roupl001,SFN,PHI,PHI202504140,2025-04-14,0,0,15,8,24,3,6,4
roupl001,SFN,ANA,ANA202504190,2025-04-19,0,0,21,9,26,1,5,2
roupl001,SFN,MIL,SFN202504240,2025-04-24,0,1,11,2,20,3,6,3
roupl001,SFN,SDN,SDN202504300,2025-04-30,0,0,13,4,22,3,7,4
roupl001,SFN,CHN,CHN202505050,2025-05-05,0,0,15,4,22,0,5,2
roupl001,SFN,MIN,MIN202505110,2025-05-11,0,0,15,3,21,0,5,2
roupl001,SFN,ATH,SFN202505170,2025-05-17,0,1,18,5,25,2,5,0
roupl001,SFN,WAS,WAS202505230,2025-05-23,0,0,18,2,24,2,5,0
roupl001,SFN,DET,DET202505280,2025-05-28,0,0,12,7,21,2,5,1
roupl001,SFN,SDN,SFN202506030,2025-06-03,0,1,19,5,24,2,4,0
roupl001,SFN,ATL,SFN202506080,2025-06-08,0,1,18,2,25,2,5,3
roupl001,SFN,LAN,LAN202506140,2025-06-14,0,0,5,0,13,5,4,6
roupl001,SFN,BOS,SFN202506210,2025-06-21,0,1,18,7,23,3,3,0
roupl001,SFN,CHA,CHA202506270,2025-06-27,0,0,16,4,26,2,7,0
roupl001,SFN,ARI,ARI202507020,2025-07-02,0,0,12,4,20,4,5,2
roupl001,SFN,PHI,SFN202507070,2025-07-07,0,1,15,3,21,2,4,1
roupl001,SFN,LAN,SFN202507120,2025-07-12,0,1,18,8,25,1,7,1
roupl001,SFN,ATL,ATL202507220,2025-07-22,0,0,15,6,22,1,4,0
roupl001,SFN,TBA,SFN202508150,2025-08-15,0,1,9,5,15,1,5,5
roupl001,SFN,SDN,SDN202508200,2025-08-20,0,0,7,2,14,2,5,5
rutlj002,WAS,MIL,MIL202407120,2024-07-12,0,0,14,6,20,2,3,2
ryanj002,MIN,KCA,KCA202403300,2024-03-30,0,0,16,5,20,1,3,1
ryanj002,MIN,CLE,MIN202404060,2024-04-06,0,1,18,7,24,0,5,3
ryanj002,MIN,DET,DET202404131,2024-04-13,1,0,18,12,26,1,6,1
ryanj002,MIN,DET,MIN202404190,2024-04-19,0,1,16,6,23,1,7,3
ryanj002,MIN,CHA,MIN202404240,2024-04-24,0,1,18,8,23,1,4,3
ryanj002,MIN,CHA,CHA202404290,2024-04-29,0,0,18,3,23,1,6,2
ryanj002,MIN,BOS,MIN202405050,2024-05-05,0,1,18,5,23,1,4,3
ryanj002,MIN,TOR,TOR202405100,2024-05-10,0,0,21,7,27,0,6,1
ryanj002,MIN,NYA,MIN202405160,2024-05-16,0,1,16,5,23,1,6,4
ryanj002,MIN,WAS,WAS202405210,2024-05-21,0,0,21,6,25,2,3,0
ryanj002,MIN,KCA,MIN202405270,2024-05-27,0,1,21,9,25,0,4,1
ryanj002,MIN,HOU,HOU202406010,2024-06-01,0,0,15,4,23,2,8,5
ryanj002,MIN,PIT,PIT202406070,2024-06-07,0,0,21,8,25,2,2,2
ryanj002,MIN,OAK,MIN202406130,2024-06-13,0,1,21,5,25,1,3,2
ryanj002,MIN,TBA,MIN202406190,2024-06-19,0,1,18,5,24,1,6,1
ryanj002,MIN,ARI,ARI202406250,2024-06-25,0,0,18,5,24,0,6,4
ryanj002,MIN,SEA,SEA202406300,2024-06-30,0,0,17,10,27,0,6,1
ryanj002,MIN,HOU,MIN202407060,2024-07-06,0,1,17,8,24,1,5,3
ryanj002,MIN,SFN,SFN202407120,2024-07-12,0,0,16,6,25,3,6,5
ryanj002,MIN,MIL,MIN202407210,2024-07-21,0,1,18,6,25,0,7,4
ryanj002,MIN,DET,DET202407270,2024-07-27,0,0,18,8,23,1,3,2
ryanj002,MIN,CHA,MIN202408020,2024-08-02,0,1,19,7,24,3,3,2
ryanj002,MIN,CHN,CHN202408070,2024-08-07,0,0,6,2,7,0,1,1
ryanj002,MIN,SLN,SLN202503290,2025-03-29,0,0,15,5,21,0,5,1
ryanj002,MIN,HOU,MIN202504030,2025-04-03,0,1,15,6,21,0,5,4
ryanj002,MIN,KCA,KCA202504090,2025-04-09,0,0,21,4,22,0,2,0
ryanj002,MIN,NYN,MIN202504140,2025-04-14,0,1,15,8,20,2,3,1
ryanj002,MIN,ATL,ATL202504200,2025-04-20,0,0,15,5,25,1,8,6
ryanj002,MIN,ANA,MIN202504270,2025-04-27,0,1,21,11,25,1,4,0
ryanj002,MIN,BOS,BOS202505020,2025-05-02,0,0,18,8,24,1,4,1
ryanj002,MIN,SFN,MIN202505100,2025-05-10,0,1,18,7,20,0,2,1
ryanj002,MIN,MIL,MIL202505160,2025-05-16,0,0,18,9,22,1,2,0
ryanj002,MIN,TBA,TBA202505270,2025-05-27,0,0,18,5,23,1,5,1
ryanj002,MIN,ATH,ATH202506020,2025-06-02,0,0,15,4,26,3,6,4
ryanj002,MIN,TOR,MIN202506080,2025-06-08,0,1,15,6,22,3,4,2
ryanj002,MIN,HOU,HOU202506140,2025-06-14,0,0,21,7,25,2,2,2
ryanj002,MIN,MIL,MIN202506200,2025-06-20,0,1,16,7,20,3,3,3
ryanj002,MIN,SEA,MIN202506250,2025-06-25,0,1,18,8,22,0,3,0
ryanj002,MIN,MIA,MIA202507010,2025-07-01,0,0,21,4,26,0,5,1
ryanj002,MIN,TBA,MIN202507060,2025-07-06,0,1,18,8,23,1,6,2
ryanj002,MIN,PIT,MIN202507110,2025-07-11,0,1,15,5,22,2,5,1
ryanj002,MIN,COL,COL202507200,2025-07-20,0,0,21,11,24,0,5,1
ryanj002,MIN,WAS,MIN202507260,2025-07-26,0,1,15,5,22,1,6,4
ryanj002,MIN,CLE,CLE202508010,2025-08-01,0,0,18,4,24,1,5,2
ryanj002,MIN,KCA,MIN202508080,2025-08-08,0,1,15,5,19,0,4,1
ryanj002,MIN,NYA,NYA202508130,2025-08-13,0,0,20,7,26,2,4,1
ryanj002,MIN,ATH,MIN202508190,2025-08-19,0,1,12,6,20,1,7,5
ryanj002,MIN,TOR,TOR202508250,2025-08-25,0,0,15,7,23,1,7,6
ryanj002,MIN,SDN,MIN202508310,2025-08-31,0,1,21,8,28,1,5,0
ryanj002,MIN,KCA,KCA202509060,2025-09-06,0,0,6,2,14,4,4,5
ryanj002,MIN,ARI,MIN202509130,2025-09-13,0,1,12,4,18,2,4,2
ryanj002,MIN,CLE,MIN202509201,2025-09-20,1,1,15,5,22,2,6,4
ryanj002,MIN,PHI,PHI202509260,2025-09-26,0,0,15,9,21,1,4,1
ryanr003,LAN,SFN,LAN202407220,2024-07-22,0,1,16,2,22,3,4,0
ryanr003,LAN,HOU,HOU202407280,2024-07-28,0,0,17,8,21,3,2,1
ryanr003,LAN,OAK,OAK202408040,2024-08-04,0,0,14,4,21,3,5,2
ryanr003,LAN,PIT,LAN202408100,2024-08-10,0,1,14,4,17,0,4,0
salec001,ATL,PHI,PHI202403310,2024-03-31,0,0,16,7,22,2,5,2
salec001,ATL,ARI,ATL202404070,2024-04-07,0,1,16,6,20,0,4,2
salec001,ATL,MIA,MIA202404130,2024-04-13,0,0,21,7,29,3,6,5
salec001,ATL,TEX,ATL202404190,2024-04-19,0,1,21,7,27,1,5,3
salec001,ATL,CLE,ATL202404260,2024-04-26,0,1,21,6,25,1,2,1
salec001,ATL,SEA,SEA202405010,2024-05-01,0,0,15,9,22,0,6,1
salec001,ATL,BOS,ATL202405080,2024-05-08,0,1,18,10,25,1,6,0
salec001,ATL,CHN,ATL202405140,2024-05-14,0,1,21,9,25,0,2,0
salec001,ATL,SDN,ATL202405202,2024-05-20,2,1,21,9,26,0,5,0
salec001,ATL,PIT,PIT202405260,2024-05-26,0,0,21,8,26,1,4,1
salec001,ATL,OAK,ATL202406010,2024-06-01,0,1,12,4,22,1,9,8
salec001,ATL,WAS,WAS202406070,2024-06-07,0,0,21,10,27,1,5,2
salec001,ATL,TBA,ATL202406140,2024-06-14,0,1,21,7,27,2,5,2
salec001,ATL,NYA,NYA202406210,2024-06-21,0,0,15,8,18,3,1,1
salec001,ATL,CHA,CHA202406270,2024-06-27,0,0,21,11,24,1,4,1
salec001,ATL,SFN,ATL202407030,2024-07-03,0,1,18,9,23,2,3,1
salec001,ATL,ARI,ARI202407090,2024-07-09,0,0,16,9,24,3,5,2
salec001,ATL,SDN,SDN202407140,2024-07-14,0,0,15,4,20,2,4,1
salec001,ATL,NYN,NYN202407250,2024-07-25,0,0,22,9,24,1,2,2
salec001,ATL,MIL,MIL202407310,2024-07-31,0,0,17,6,25,3,6,2
salec001,ATL,MIL,ATL202408070,2024-08-07,0,1,14,10,25,2,9,2
salec001,ATL,SFN,SFN202408120,2024-08-12,0,0,21,12,25,0,4,0
salec001,ATL,ANA,ANA202408170,2024-08-17,0,0,18,10,25,2,6,2
salec001,ATL,WAS,ATL202408230,2024-08-23,0,1,21,4,28,1,9,2
salec001,ATL,MIN,MIN202408280,2024-08-28,0,0,18,6,24,1,6,1
salec001,ATL,COL,ATL202409030,2024-09-03,0,1,21,9,27,0,6,0
salec001,ATL,TOR,ATL202409080,2024-09-08,0,1,18,7,23,1,2,0
salec001,ATL,LAN,ATL202409140,2024-09-14,0,1,18,6,23,2,5,1
salec001,ATL,CIN,CIN202409190,2024-09-19,0,0,15,6,21,2,5,2
salec001,ATL,SDN,SDN202503270,2025-03-27,0,0,15,7,22,1,6,3
salec001,ATL,LAN,LAN202504010,2025-04-01,0,0,15,5,21,0,4,3
salec001,ATL,PHI,ATL202504080,2025-04-08,0,1,14,5,23,0,9,5
salec001,ATL,TBA,TBA202504130,2025-04-13,0,0,13,7,22,3,6,3
salec001,ATL,MIN,ATL202504190,2025-04-19,0,1,13,8,22,3,6,2
salec001,ATL,ARI,ARI202504250,2025-04-25,0,0,15,4,22,2,5,1
salec001,ATL,COL,COL202504300,2025-04-30,0,0,21,10,25,0,5,2
salec001,ATL,CIN,ATL202505060,2025-05-06,0,1,20,10,28,2,5,0
salec001,ATL,PIT,PIT202505110,2025-05-11,0,0,17,8,27,2,8,2
salec001,ATL,BOS,BOS202505160,2025-05-16,0,0,21,8,25,2,5,1
salec001,ATL,SDN,ATL202505230,2025-05-23,0,1,21,6,25,1,4,1
salec001,ATL,PHI,PHI202505292,2025-05-29,2,0,18,8,24,3,2,0
salec001,ATL,ARI,ATL202506040,2025-06-04,0,1,18,10,25,4,3,1
salec001,ATL,MIL,MIL202506090,2025-06-09,0,0,21,11,27,2,5,1
salec001,ATL,NYN,ATL202506180,2025-06-18,0,1,26,7,32,1,5,0
salec001,ATL,PHI,PHI202508300,2025-08-30,0,0,18,9,21,1,3,1
salec001,ATL,SEA,ATL202509050,2025-09-05,0,1,20,9,24,0,4,1
salec001,ATL,CHN,ATL202509100,2025-09-10,0,1,15,9,23,1,7,3
salec001,ATL,WAS,WAS202509162,2025-09-16,2,0,24,9,27,0,3,0
salec001,ATL,WAS,ATL202509220,2025-09-22,0,1,15,6,23,2,3,5
sancc002,PHI,CIN,PHI202404010,2024-04-01,0,1,15,8,20,1,5,2
sancc002,PHI,WAS,WAS202404070,2024-04-07,0,0,13,1,22,3,6,3
sancc002,PHI,PIT,PHI202404120,2024-04-12,0,1,18,6,26,3,4,1
sancc002,PHI,COL,PHI202404170,2024-04-17,0,1,18,10,24,1,6,1
sancc002,PHI,CIN,CIN202404230,2024-04-23,0,0,9,3,18,3,4,1
sancc002,PHI,ANA,ANA202404290,2024-04-29,0,0,15,1,22,2,7,4
sancc002,PHI,TOR,PHI202405070,2024-05-07,0,1,21,5,27,2,6,1
sancc002,PHI,NYN,NYN202405130,2024-05-13,0,0,17,5,27,3,7,3
sancc002,PHI,WAS,PHI202405180,2024-05-18,0,1,21,8,26,0,8,2
sancc002,PHI,COL,COL202405240,2024-05-24,0,0,16,2,24,1,7,1
sancc002,PHI,SFN,SFN202405290,2024-05-29,0,0,18,7,24,1,4,0
sancc002,PHI,MIL,PHI202406040,2024-06-04,0,1,18,3,21,1,4,1
sancc002,PHI,BOS,BOS202406120,2024-06-12,0,0,12,2,19,2,7,4
sancc002,PHI,SDN,PHI202406170,2024-06-17,0,1,21,5,25,1,6,1
sancc002,PHI,ARI,PHI202406230,2024-06-23,0,1,21,4,22,0,3,0
sancc002,PHI,MIA,PHI202406280,2024-06-28,0,1,27,9,29,0,3,0
sancc002,PHI,CHN,CHN202407040,2024-07-04,0,0,12,3,22,3,7,7
sancc002,PHI,LAN,PHI202407100,2024-07-10,0,1,18,5,24,1,5,2
sancc002,PHI,PIT,PIT202407200,2024-07-20,0,0,17,2,23,0,8,2
sancc002,PHI,CLE,PHI202407260,2024-07-26,0,1,18,2,29,2,8,3
sancc002,PHI,NYA,PHI202407310,2024-07-31,0,1,17,7,25,1,8,6
sancc002,PHI,LAN,LAN202408060,2024-08-06,0,0,18,2,25,1,5,1
sancc002,PHI,ARI,ARI202408110,2024-08-11,0,0,14,4,27,2,12,7
sancc002,PHI,WAS,PHI202408170,2024-08-17,0,1,27,4,29,0,2,1
sancc002,PHI,ATL,ATL202408220,2024-08-22,0,0,18,8,27,1,9,3
sancc002,PHI,ATL,PHI202408290,2024-08-29,0,1,17,8,26,1,7,2
sancc002,PHI,TOR,TOR202409040,2024-09-04,0,0,21,7,27,0,6,2
sancc002,PHI,TBA,PHI202409090,2024-09-09,0,1,18,4,23,1,4,0
sancc002,PHI,NYN,PHI202409150,2024-09-15,0,1,21,7,27,1,6,1
sancc002,PHI,NYN,NYN202409200,2024-09-20,0,0,15,7,22,5,3,2
sancc002,PHI,CHN,PHI202409250,2024-09-25,0,1,14,4,22,1,5,3
sancc002,PHI,COL,PHI202503310,2025-03-31,0,1,16,7,22,2,4,1
sancc002,PHI,LAN,PHI202504060,2025-04-06,0,1,17,9,25,1,6,4
sancc002,PHI,SLN,SLN202504120,2025-04-12,0,0,19,3,26,2,8,1
sancc002,PHI,SFN,PHI202504170,2025-04-17,0,1,21,12,28,1,4,2
sancc002,PHI,NYN,NYN202504220,2025-04-22,0,0,6,2,11,2,4,2
sancc002,PHI,WAS,PHI202504300,2025-04-30,0,1,15,6,23,3,5,2
sancc002,PHI,TBA,TBA202505070,2025-05-07,0,0,18,5,22,3,1,0
sancc002,PHI,SLN,PHI202505120,2025-05-12,0,1,18,8,26,3,4,2
sancc002,PHI,COL,COL202505190,2025-05-19,0,0,18,7,24,0,5,3
sancc002,PHI,ATH,ATH202505240,2025-05-24,0,0,14,6,23,3,8,3
sancc002,PHI,ATL,PHI202505291,2025-05-29,1,1,17,5,24,2,7,2
sancc002,PHI,TOR,TOR202506030,2025-06-03,0,0,18,4,26,4,4,1
sancc002,PHI,PIT,PIT202506080,2025-06-08,0,0,21,9,28,2,6,2
sancc002,PHI,TOR,PHI202506140,2025-06-14,0,1,21,5,27,0,5,2
sancc002,PHI,MIA,MIA202506190,2025-06-19,0,0,24,4,28,0,5,1
sancc002,PHI,HOU,HOU202506260,2025-06-26,0,0,18,11,24,0,5,1
sancc002,PHI,SDN,PHI202507022,2025-07-02,2,1,21,5,25,0,5,1
sancc002,PHI,SFN,SFN202507070,2025-07-07,0,0,21,8,29,1,7,1
sancc002,PHI,SDN,SDN202507130,2025-07-13,0,0,22,6,29,3,6,1
sancc002,PHI,BOS,PHI202507220,2025-07-22,0,1,27,12,31,0,4,1
sancc002,PHI,CHA,CHA202507280,2025-07-28,0,0,20,5,28,1,7,4
sancc002,PHI,DET,PHI202508030,2025-08-03,0,1,24,6,29,1,5,0
sancc002,PHI,TEX,TEX202508080,2025-08-08,0,0,18,6,26,1,6,1
sancc002,PHI,CIN,CIN202508130,2025-08-13,0,0,18,6,25,1,7,3
sancc002,PHI,SEA,PHI202508190,2025-08-19,0,1,19,12,27,2,6,2
sancc002,PHI,NYN,NYN202508250,2025-08-25,0,0,16,4,27,3,8,6
sancc002,PHI,ATL,PHI202508300,2025-08-30,0,1,21,8,26,0,7,1
sancc002,PHI,MIA,MIA202509050,2025-09-05,0,0,21,5,27,1,6,1
sancc002,PHI,NYN,PHI202509100,2025-09-10,0,1,18,6,22,1,4,1
sancc002,PHI,LAN,LAN202509160,2025-09-16,0,0,21,6,27,0,7,4
sancc002,PHI,MIA,PHI202509230,2025-09-23,0,1,21,6,24,1,3,0
sancc002,PHI,MIN,PHI202509280,2025-09-28,0,1,17,8,18,0,2,0
sancs001,MIA,ATL,ATL202404240,2024-04-24,0,0,8,3,13,1,5,3
sancs001,MIA,COL,MIA202404300,2024-04-30,0,1,12,3,19,0,7,5
sancs001,MIA,OAK,OAK202405050,2024-05-05,0,0,12,2,19,3,3,2
sancs001,MIA,DET,DET202405130,2024-05-13,0,0,14,2,21,2,5,0
sancs001,MIA,NYN,MIA202405190,2024-05-19,0,1,12,2,20,2,6,4
sancs001,MIA,ARI,ARI202405250,2024-05-25,0,0,15,2,21,2,5,3
sancs001,MIA,TEX,MIA202405310,2024-05-31,0,1,12,0,15,1,4,2
sandc001,MIN,TBA,MIN202507050,2025-07-05,0,1,3,2,3,0,0,0
sandc001,MIN,PIT,MIN202507120,2025-07-12,0,1,6,0,6,0,0,0
sandc001,MIN,WAS,MIN202507270,2025-07-27,0,1,6,2,9,0,3,1
sandn001,CLE,KCA,CLE202408261,2024-08-26,1,1,3,2,5,2,0,0
sandp002,ANA,BAL,BAL202403280,2024-03-28,0,0,5,2,14,2,6,3
sandp002,ANA,MIA,MIA202404030,2024-04-03,0,0,17,7,23,2,4,2
sandp002,ANA,TBA,ANA202404090,2024-04-09,0,1,15,6,24,3,5,3
sandp002,ANA,TBA,TBA202404150,2024-04-15,0,0,15,3,21,2,4,1
sandp002,ANA,CIN,CIN202404200,2024-04-20,0,0,12,6,21,5,6,7
sandp002,ANA,MIN,ANA202404260,2024-04-26,0,1,17,4,24,0,9,3
sandp002,ANA,PHI,ANA202405010,2024-05-01,0,1,15,10,21,2,4,2
sandp002,ANA,PIT,PIT202405070,2024-05-07,0,0,21,7,25,1,3,0
sandp002,ANA,KCA,ANA202405120,2024-05-12,0,1,18,3,29,0,11,4
sandp002,ANA,TEX,TEX202405180,2024-05-18,0,0,18,5,23,3,3,1
sandp002,ANA,CLE,ANA202405240,2024-05-24,0,1,11,4,22,4,6,8
sandp002,ANA,NYA,ANA202405300,2024-05-30,0,1,18,7,22,3,2,2
sandp002,ANA,SDN,ANA202406040,2024-06-04,0,1,18,7,24,1,4,1
sandp002,ANA,HOU,ANA202406090,2024-06-09,0,1,17,4,26,3,8,5
sandp002,ANA,SFN,SFN202406150,2024-06-15,0,0,15,5,24,2,8,3
sandp002,ANA,LAN,LAN202406210,2024-06-21,0,0,7,1,10,2,2,0
santt001,CIN,CHN,CIN202407300,2024-07-30,0,1,3,0,4,1,0,0
sasar001,LAN,CHN,CHN202503190,2025-03-19,0,0,9,3,14,5,1,1
sasar001,LAN,DET,LAN202503290,2025-03-29,0,1,5,2,12,4,3,2
sasar001,LAN,PHI,PHI202504050,2025-04-05,0,0,12,4,17,2,3,1
sasar001,LAN,CHN,LAN202504120,2025-04-12,0,1,15,3,21,2,4,1
sasar001,LAN,TEX,TEX202504190,2025-04-19,0,0,18,4,22,3,2,2
sasar001,LAN,PIT,LAN202504260,2025-04-26,0,1,17,4,24,2,5,3
sasar001,LAN,ATL,ATL202505030,2025-05-03,0,0,15,4,24,2,6,3
sasar001,LAN,ARI,ARI202505090,2025-05-09,0,0,12,0,20,2,5,5
sauem001,LAN,ATH,LAN202505150,2025-05-15,0,1,12,2,16,2,2,2
schem001,TEX,KCA,TEX202406230,2024-06-23,0,1,15,4,16,0,1,0
schem001,TEX,BAL,BAL202406280,2024-06-28,0,0,16,4,22,2,4,2
schem001,TEX,SDN,TEX202407040,2024-07-04,0,1,19,3,24,1,6,3
schem001,TEX,ANA,ANA202407090,2024-07-09,0,0,20,6,27,0,8,3
schem001,TEX,HOU,HOU202407140,2024-07-14,0,0,12,6,17,1,4,1
schem001,TEX,BAL,TEX202407200,2024-07-20,0,1,6,1,14,2,5,4
schem001,TEX,CHA,TEX202407250,2024-07-25,0,1,18,9,21,1,3,1
schem001,TEX,SLN,SLN202407300,2024-07-30,0,0,12,5,17,1,4,3
schem001,TEX,SEA,SEA202409140,2024-09-14,0,0,12,2,19,2,5,2
schem001,TOR,BAL,TOR202503290,2025-03-29,0,1,9,1,11,0,3,2
schem001,TOR,CLE,CLE202506250,2025-06-25,0,0,15,4,22,3,6,3
schem001,TOR,NYA,TOR202506300,2025-06-30,0,1,15,7,18,0,3,2
schem001,TOR,ANA,TOR202507050,2025-07-05,0,1,12,4,19,3,5,2
schem001,TOR,ATH,ATH202507110,2025-07-11,0,0,18,8,24,1,5,3
schem001,TOR,NYA,TOR202507220,2025-07-22,0,1,15,4,21,1,5,4
schem001,TOR,DET,DET202507270,2025-07-27,0,0,21,11,24,0,3,3
schem001,TOR,KCA,TOR202508020,2025-08-02,0,1,18,5,24,0,5,1
schem001,TOR,LAN,LAN202508080,2025-08-08,0,0,18,5,26,3,6,2
schem001,TOR,CHN,TOR202508140,2025-08-14,0,1,21,3,27,1,5,1
schem001,TOR,PIT,PIT202508190,2025-08-19,0,0,18,4,24,3,4,1
schem001,TOR,MIN,TOR202508250,2025-08-25,0,1,18,5,23,1,4,4
schem001,TOR,MIL,TOR202508310,2025-08-31,0,1,12,1,19,0,9,4
schem001,TOR,NYA,NYA202509070,2025-09-07,0,0,13,8,20,4,3,4
schem001,TOR,BAL,TOR202509130,2025-09-13,0,1,15,5,21,2,4,2
schem001,TOR,KCA,KCA202509190,2025-09-19,0,0,2,2,10,1,7,7
schem001,TOR,BOS,TOR202509240,2025-09-24,0,1,15,5,25,0,10,4
schlc001,NYA,SEA,NYA202507090,2025-07-09,0,1,16,7,21,2,4,3
schlc001,NYA,TOR,TOR202507220,2025-07-22,0,0,15,3,24,3,7,2
schlc001,NYA,TBA,NYA202507280,2025-07-28,0,1,13,5,23,4,7,3
schlc001,NYA,MIA,MIA202508020,2025-08-02,0,0,15,6,20,2,4,2
schlc001,NYA,HOU,NYA202508080,2025-08-08,0,1,15,3,23,1,7,2
schlc001,NYA,MIN,NYA202508130,2025-08-13,0,1,15,6,19,2,2,1
schlc001,NYA,TBA,TBA202508200,2025-08-20,0,0,20,8,23,2,1,0
schlc001,NYA,WAS,NYA202508250,2025-08-25,0,1,18,8,22,3,4,0
schlc001,NYA,CHA,CHA202508300,2025-08-30,0,0,18,8,24,1,4,1
schlc001,NYA,TOR,NYA202509050,2025-09-05,0,1,5,2,13,2,5,4
schlc001,NYA,DET,NYA202509110,2025-09-11,0,1,18,7,24,2,5,1
schlc001,NYA,MIN,MIN202509160,2025-09-16,0,0,14,6,22,5,3,4
schlc001,NYA,BAL,BAL202509210,2025-09-21,0,0,16,6,20,1,3,1
schlc001,NYA,BAL,NYA202509270,2025-09-27,0,1,21,9,26,1,2,0
schmc002,NYA,HOU,HOU202403310,2024-03-31,0,0,16,5,21,0,7,3
schmc002,NYA,TOR,NYA202404060,2024-04-06,0,1,13,4,22,3,6,2
schmc002,NYA,CLE,CLE202404131,2024-04-13,1,0,15,7,20,5,3,1
schmc002,NYA,TBA,NYA202404190,2024-04-19,0,1,16,7,23,0,7,1
schmc002,NYA,OAK,NYA202404240,2024-04-24,0,1,16,6,22,2,4,3
schmc002,NYA,BAL,BAL202404290,2024-04-29,0,0,17,5,22,3,3,1
schmc002,NYA,DET,NYA202405040,2024-05-04,0,1,15,7,20,0,4,3
schmc002,NYA,TBA,TBA202405100,2024-05-10,0,0,20,6,24,2,5,0
schmc002,NYA,MIN,MIN202405160,2024-05-16,0,0,24,8,30,0,3,0
schmc002,NYA,SEA,NYA202405210,2024-05-21,0,1,15,6,20,2,4,2
schmc002,NYA,SDN,SDN202405260,2024-05-26,0,0,15,6,23,3,3,1
schmc002,NYA,CHN,CHN202409070,2024-09-07,0,0,14,2,17,1,4,0
schmc002,NYA,BOS,NYA202409130,2024-09-13,0,1,17,5,22,1,5,2
schmc002,NYA,SEA,SEA202409190,2024-09-19,0,0,15,7,26,3,6,1
schmc002,NYA,BAL,NYA202409240,2024-09-24,0,1,16,7,21,1,4,3
schmc002,NYA,PIT,NYA202409290,2024-09-29,0,1,12,5,20,4,3,4
schmc002,NYA,KCA,NYA202504160,2025-04-16,0,1,17,2,23,2,4,3
schmc002,NYA,CLE,CLE202504210,2025-04-21,0,0,12,7,22,3,7,5
schmc002,NYA,TOR,NYA202504272,2025-04-27,2,1,15,6,20,4,1,1
schmc002,NYA,SDN,NYA202505060,2025-05-06,0,1,18,4,23,1,7,2
schmc002,NYA,SEA,SEA202505120,2025-05-12,0,0,18,6,23,2,3,3
schmc002,NYA,NYN,NYA202505170,2025-05-17,0,1,18,5,25,5,3,2
schmc002,NYA,COL,COL202505230,2025-05-23,0,0,14,8,21,2,6,3
schmc002,NYA,ANA,ANA202505280,2025-05-28,0,0,18,4,22,1,4,0
schmc002,NYA,CLE,NYA202506040,2025-06-04,0,1,17,8,25,1,7,3
schmc002,NYA,KCA,KCA202506110,2025-06-11,0,0,18,7,22,3,2,0
schmc002,NYA,ANA,NYA202506160,2025-06-16,0,1,23,3,27,0,4,0
schmc002,NYA,BAL,NYA202506210,2025-06-21,0,1,21,5,24,2,0,0
schmc002,NYA,ATH,NYA202506280,2025-06-28,0,1,18,7,24,2,4,4
schmc002,NYA,TOR,TOR202507030,2025-07-03,0,0,9,1,15,2,4,3
schup002,TOR,TEX,TEX202505280,2025-05-28,0,0,8,4,9,0,1,0
schup002,TOR,MIN,MIN202506060,2025-06-06,0,0,6,1,10,0,4,3
schws001,ATL,WAS,ATL202405290,2024-05-29,0,1,15,5,22,1,5,3
schws001,ATL,BOS,BOS202406050,2024-06-05,0,0,14,4,23,2,7,6
schws001,ATL,BAL,BAL202406120,2024-06-12,0,0,18,3,23,2,4,2
schws001,ATL,DET,ATL202406180,2024-06-18,0,1,18,7,25,2,3,1
schws001,ATL,SLN,SLN202406240,2024-06-24,0,0,15,6,21,0,8,4
schws001,ATL,PIT,ATL202406300,2024-06-30,0,1,15,7,24,2,5,4
schws001,ATL,PHI,ATL202407060,2024-07-06,0,1,18,6,24,0,7,1
schws001,ATL,SDN,SDN202407120,2024-07-12,0,0,21,3,25,1,3,1
schws001,ATL,SLN,ATL202407210,2024-07-21,0,1,18,8,25,0,7,4
schws001,ATL,NYN,NYN202407270,2024-07-27,0,0,21,11,23,0,2,0
schws001,ATL,MIA,ATL202408020,2024-08-02,0,1,21,10,27,0,6,3
schws001,ATL,COL,COL202408110,2024-08-11,0,0,18,7,25,2,6,2
schws001,ATL,ANA,ANA202408160,2024-08-16,0,0,15,8,22,2,4,3
schws001,ATL,PHI,ATL202408220,2024-08-22,0,1,20,9,24,1,3,2
schws001,ATL,MIN,MIN202408270,2024-08-27,0,0,14,8,22,3,5,0
schws001,ATL,PHI,PHI202409010,2024-09-01,0,0,17,2,22,1,5,2
schws001,ATL,TOR,ATL202409070,2024-09-07,0,1,15,3,24,0,10,3
schws001,ATL,LAN,ATL202409130,2024-09-13,0,1,18,6,23,1,4,2
schws001,ATL,CIN,CIN202409180,2024-09-18,0,0,18,5,25,2,5,1
schws001,ATL,NYN,ATL202409240,2024-09-24,0,1,21,4,26,1,3,1
schws001,ATL,NYN,ATL202409301,2024-09-30,1,1,21,5,25,0,4,1
schws001,ATL,SDN,SDN202503290,2025-03-29,0,0,18,4,20,1,1,0
schws001,ATL,MIA,ATL202504040,2025-04-04,0,1,24,10,26,0,2,0
schws001,ATL,PHI,ATL202504100,2025-04-10,0,1,18,5,25,2,7,1
schws001,ATL,TOR,TOR202504150,2025-04-15,0,0,14,3,23,2,6,6
schws001,ATL,SLN,ATL202504210,2025-04-21,0,1,21,5,30,0,8,2
schws001,ATL,ARI,ARI202504270,2025-04-27,0,0,18,6,26,1,7,3
schws001,ATL,LAN,ATL202505030,2025-05-03,0,1,11,4,21,1,8,6
schws001,ATL,CIN,ATL202505080,2025-05-08,0,1,18,6,23,2,4,0
schws001,ATL,WAS,ATL202505130,2025-05-13,0,1,21,3,27,2,4,2
schws001,ATL,BOS,BOS202505180,2025-05-18,0,0,21,3,27,1,6,4
schws001,ATL,SDN,ATL202505250,2025-05-25,0,1,21,11,28,0,7,2
schws001,ATL,BOS,ATL202505310,2025-05-31,0,1,19,11,24,0,5,0
schws001,ATL,SFN,SFN202506060,2025-06-06,0,0,18,4,27,2,6,3
schws001,ATL,MIL,MIL202506110,2025-06-11,0,0,27,9,31,0,5,2
schws001,ATL,NYN,ATL202506170,2025-06-17,0,1,21,8,26,2,6,4
schws001,ATL,NYN,NYN202506230,2025-06-23,0,0,21,4,25,1,4,2
schws001,ATL,PHI,ATL202506280,2025-06-28,0,1,21,12,25,1,3,1
scotc001,NYN,TBA,TBA202405040,2024-05-04,0,0,20,6,25,1,5,1
scotc001,NYN,ATL,NYN202405110,2024-05-11,0,1,18,8,25,2,6,3
scotc001,NYN,MIA,MIA202405170,2024-05-17,0,0,12,3,21,1,7,4
scotc001,NYN,SFN,NYN202405240,2024-05-24,0,1,18,4,21,1,2,2
scotc001,NYN,ARI,NYN202405300,2024-05-30,0,1,15,4,20,1,4,2
scotc001,NYN,WAS,WAS202407030,2024-07-03,0,0,17,2,24,2,6,4
scotc001,NYN,PIT,PIT202407080,2024-07-08,0,0,17,3,19,1,1,2
scotc001,NYN,COL,NYN202407130,2024-07-13,0,1,13,5,21,1,7,3
scotc001,NYN,MIA,MIA202407210,2024-07-21,0,0,12,4,21,2,7,3
scott004,HOU,PIT,HOU202407290,2024-07-29,0,1,9,4,9,0,0,0
searj001,OAK,CLE,OAK202403300,2024-03-30,0,1,11,1,20,2,6,5
searj001,OAK,DET,DET202404050,2024-04-05,0,0,17,1,24,1,6,4
searj001,OAK,TEX,TEX202404110,2024-04-11,0,0,19,5,22,3,1,0
searj001,OAK,SLN,OAK202404160,2024-04-16,0,1,15,2,21,3,2,1
searj001,OAK,NYA,NYA202404220,2024-04-22,0,0,18,7,21,1,3,0
searj001,OAK,BAL,BAL202404270,2024-04-27,0,0,19,8,28,1,8,7
searj001,OAK,MIA,OAK202405030,2024-05-03,0,1,19,6,23,1,4,0
searj001,OAK,TEX,OAK202405081,2024-05-08,1,1,17,3,26,1,8,4
searj001,OAK,HOU,HOU202405140,2024-05-14,0,0,15,2,21,1,5,1
searj001,OAK,KCA,KCA202405190,2024-05-19,0,0,13,4,19,2,5,4
searj001,OAK,HOU,OAK202405250,2024-05-25,0,1,18,1,22,1,2,0
searj001,OAK,ATL,ATL202405310,2024-05-31,0,0,21,5,29,2,6,4
searj001,OAK,SEA,OAK202406060,2024-06-06,0,1,18,8,24,2,3,2
searj001,OAK,SDN,SDN202406110,2024-06-11,0,0,15,1,22,3,7,3
searj001,OAK,MIN,MIN202406161,2024-06-16,1,0,13,1,26,4,9,4
searj001,OAK,MIN,OAK202406220,2024-06-22,0,1,4,1,16,0,9,8
searj001,OAK,ARI,ARI202406280,2024-06-28,0,0,18,6,24,1,5,3
searj001,OAK,ANA,OAK202407040,2024-07-04,0,1,15,6,20,1,2,0
searj001,OAK,BOS,BOS202407100,2024-07-10,0,0,17,8,23,2,4,1
searj001,OAK,ANA,OAK202407190,2024-07-19,0,1,17,4,24,0,9,2
searj001,OAK,HOU,OAK202407240,2024-07-24,0,1,18,3,29,0,9,7
searj001,OAK,SFN,SFN202407300,2024-07-30,0,0,21,9,23,1,3,0
searj001,OAK,CHA,OAK202408050,2024-08-05,0,1,21,5,25,1,3,1
searj001,OAK,TOR,TOR202408110,2024-08-11,0,0,21,4,25,3,3,3
searj001,OAK,SFN,OAK202408180,2024-08-18,0,1,23,9,27,0,7,1
searj001,OAK,MIL,OAK202408230,2024-08-23,0,1,11,3,21,1,9,5
searj001,OAK,TEX,TEX202408300,2024-08-30,0,0,21,4,28,2,5,1
searj001,OAK,SEA,OAK202409040,2024-09-04,0,1,18,5,25,1,5,5
searj001,OAK,HOU,HOU202409100,2024-09-10,0,0,18,1,24,2,4,0
searj001,OAK,CHA,CHA202409150,2024-09-15,0,0,18,4,26,1,7,4
searj001,OAK,NYA,OAK202409210,2024-09-21,0,1,15,6,25,2,9,6
searj001,OAK,SEA,SEA202409270,2024-09-27,0,0,18,4,25,3,4,2
searj001,ATH,SEA,SEA202503300,2025-03-30,0,0,20,7,25,0,5,2
searj001,ATH,COL,COL202504050,2025-04-05,0,0,19,2,26,2,6,3
searj001,ATH,NYN,ATH202504110,2025-04-11,0,1,12,7,21,1,6,3
searj001,ATH,CHA,CHA202504170,2025-04-17,0,0,18,2,24,2,3,0
searj001,ATH,TEX,ATH202504230,2025-04-23,0,1,15,5,20,1,5,2
searj001,ATH,TEX,TEX202504280,2025-04-28,0,0,17,7,22,0,5,1
searj001,ATH,MIA,MIA202505040,2025-05-04,0,0,19,2,23,0,4,2
searj001,ATH,NYA,ATH202505100,2025-05-10,0,1,15,4,20,1,4,1
searj001,ATH,SFN,SFN202505160,2025-05-16,0,0,12,2,21,3,6,4
searj001,ATH,ANA,ATH202505210,2025-05-21,0,1,15,4,23,0,8,6
searj001,ATH,HOU,HOU202505270,2025-05-27,0,0,10,1,21,1,10,9
searj001,ATH,TOR,TOR202506010,2025-06-01,0,0,15,3,22,0,7,2
searj001,ATH,BAL,ATH202506060,2025-06-06,0,1,15,3,22,3,4,4
searj001,ATH,ANA,ANA202506110,2025-06-11,0,0,16,9,20,0,4,2
searj001,ATH,HOU,ATH202506170,2025-06-17,0,1,10,0,18,3,5,5
searj001,ATH,CLE,ATH202506220,2025-06-22,0,1,15,5,23,2,7,3
searj001,ATH,NYA,NYA202506280,2025-06-28,0,0,17,4,21,3,2,0
searj001,ATH,SFN,ATH202507040,2025-07-04,0,1,18,6,23,2,3,0
searj001,ATH,ATL,ATH202507100,2025-07-10,0,1,15,6,19,0,4,3
searj001,ATH,CLE,CLE202507180,2025-07-18,0,0,12,5,20,2,6,6
searj001,ATH,TEX,TEX202507230,2025-07-23,0,0,15,7,18,0,3,1
searj001,ATH,SEA,ATH202507280,2025-07-28,0,1,13,6,20,3,5,2
searj001,SDN,ARI,ARI202508040,2025-08-04,0,0,15,4,26,1,10,5
searj001,SDN,SFN,SDN202508200,2025-08-20,0,1,18,2,23,1,4,1
searj001,SDN,SEA,SEA202508250,2025-08-25,0,0,11,2,17,1,5,3
searj001,SDN,COL,SDN202509120,2025-09-12,0,1,13,8,19,1,5,4
searj001,SDN,ARI,SDN202509280,2025-09-28,0,1,17,4,26,3,7,2
sengk001,NYN,ATL,NYN202407260,2024-07-26,0,1,16,9,20,1,2,2
sengk001,NYN,MIA,MIA202504010,2025-04-01,0,0,15,8,20,1,3,2
sengk001,NYN,MIA,NYN202504070,2025-04-07,0,1,15,4,19,2,5,0
sengk001,NYN,ATH,ATH202504130,2025-04-13,0,0,21,4,26,2,4,0
sengk001,NYN,SLN,NYN202504190,2025-04-19,0,1,17,4,22,2,3,0
sengk001,NYN,WAS,WAS202504250,2025-04-25,0,0,18,5,24,2,6,2
sengk001,NYN,ARI,NYN202505010,2025-05-01,0,1,12,6,19,3,5,1
sengk001,NYN,ARI,ARI202505070,2025-05-07,0,0,18,4,22,5,2,0
sengk001,NYN,PIT,NYN202505130,2025-05-13,0,1,17,7,25,2,5,0
sengk001,NYN,BOS,BOS202505190,2025-05-19,0,0,18,5,27,3,5,3
sengk001,NYN,LAN,NYN202505250,2025-05-25,0,1,16,5,24,4,5,1
sengk001,NYN,COL,NYN202505310,2025-05-31,0,1,19,7,23,2,2,2
sengk001,NYN,COL,COL202506060,2025-06-06,0,0,18,6,23,2,5,1
sengk001,NYN,WAS,NYN202506120,2025-06-12,0,1,17,5,19,1,1,0
sengk001,NYN,KCA,KCA202507110,2025-07-11,0,0,12,4,18,2,4,0
sengk001,NYN,ANA,NYN202507210,2025-07-21,0,1,9,5,16,3,4,4
sengk001,NYN,SFN,SFN202507270,2025-07-27,0,0,15,3,24,5,4,3
sengk001,NYN,SFN,NYN202508020,2025-08-02,0,1,12,4,20,3,5,4
sengk001,NYN,MIL,MIL202508080,2025-08-08,0,0,13,2,20,3,2,1
sengk001,NYN,ATL,NYN202508140,2025-08-14,0,1,17,7,23,1,5,2
sengk001,NYN,WAS,WAS202508200,2025-08-20,0,0,15,4,24,2,6,4
sengk001,NYN,PHI,NYN202508250,2025-08-25,0,1,12,4,22,3,6,3
sengk001,NYN,MIA,NYN202508310,2025-08-31,0,1,14,6,22,2,7,5
senza001,COL,ARI,COL202409160,2024-09-16,0,1,9,2,14,2,4,2
senza001,COL,LAN,LAN202409220,2024-09-22,0,0,15,2,19,2,5,1
senza001,COL,LAN,COL202409280,2024-09-28,0,1,13,3,21,4,6,6
senza001,COL,TBA,TBA202503290,2025-03-29,0,0,13,0,21,2,9,0
senza001,COL,PHI,PHI202504030,2025-04-03,0,0,16,3,25,0,10,0
senza001,COL,MIL,COL202504090,2025-04-09,0,1,13,3,22,1,8,8
senza001,COL,LAN,LAN202504140,2025-04-14,0,0,13,1,22,1,9,4
senza001,COL,WAS,COL202504202,2025-04-20,2,1,18,2,24,1,6,1
senza001,COL,CIN,COL202504260,2025-04-26,0,1,15,4,23,0,8,4
senza001,COL,SFN,SFN202505020,2025-05-02,0,0,15,4,23,2,7,4
senza001,COL,SDN,COL202505090,2025-05-09,0,1,14,2,25,2,9,4
senza001,COL,TEX,TEX202505140,2025-05-14,0,0,14,3,25,4,8,6
senza001,COL,PHI,COL202505200,2025-05-20,0,1,18,3,29,1,10,4
senza001,COL,NYA,COL202505250,2025-05-25,0,1,13,4,20,1,6,4
senza001,COL,NYN,NYN202505310,2025-05-31,0,0,12,2,22,2,8,7
senza001,COL,SFN,COL202506120,2025-06-12,0,1,12,2,24,3,9,7
senza001,COL,WAS,WAS202506170,2025-06-17,0,0,15,0,21,3,3,0
senza001,COL,ARI,COL202506220,2025-06-22,0,1,16,5,21,1,4,2
senza001,COL,MIL,MIL202506280,2025-06-28,0,0,13,2,25,3,8,5
senza001,COL,CHA,COL202507040,2025-07-04,0,1,17,4,26,1,7,3
senza001,COL,BOS,BOS202507090,2025-07-09,0,0,15,3,23,1,8,4
senza001,COL,MIN,COL202507190,2025-07-19,0,1,21,3,26,1,6,3
senza001,COL,BAL,BAL202507260,2025-07-26,0,0,12,3,19,2,6,6
senza001,COL,PIT,COL202508010,2025-08-01,0,1,2,0,10,2,7,8
senza001,COL,ARI,COL202508170,2025-08-17,0,1,15,2,20,1,4,0
senza001,COL,PIT,PIT202508220,2025-08-22,0,0,12,4,23,3,8,5
sevel001,NYN,MIL,NYN202403300,2024-03-30,0,1,15,6,27,0,11,3
sevel001,NYN,CIN,CIN202404060,2024-04-06,0,0,15,7,21,2,3,1
sevel001,NYN,KCA,NYN202404120,2024-04-12,0,1,15,4,20,4,1,1
sevel001,NYN,PIT,NYN202404170,2024-04-17,0,1,18,4,24,3,5,0
sevel001,NYN,SFN,SFN202404230,2024-04-23,0,0,18,5,24,0,5,3
sevel001,NYN,CHN,NYN202404290,2024-04-29,0,1,24,5,27,2,1,1
sevel001,NYN,TBA,TBA202405050,2024-05-05,0,0,15,6,26,6,4,4
sevel001,NYN,ATL,NYN202405120,2024-05-12,0,1,15,4,22,3,4,2
sevel001,NYN,MIA,MIA202405180,2024-05-18,0,0,20,3,28,3,6,5
sevel001,NYN,SFN,NYN202405250,2024-05-25,0,1,21,6,26,3,2,1
sevel001,NYN,ARI,NYN202405310,2024-05-31,0,1,16,4,25,1,6,4
sevel001,NYN,WAS,WAS202406050,2024-06-05,0,0,24,4,27,0,7,1
sevel001,NYN,MIA,NYN202406130,2024-06-13,0,1,18,2,26,3,7,1
sevel001,NYN,TEX,TEX202406180,2024-06-18,0,0,19,1,28,1,8,6
sevel001,NYN,CHN,CHN202406230,2024-06-23,0,0,18,10,22,0,3,0
sevel001,NYN,HOU,NYN202406300,2024-06-30,0,1,21,3,28,1,8,4
sevel001,NYN,PIT,PIT202407050,2024-07-05,0,0,18,3,28,2,9,7
sevel001,NYN,WAS,NYN202407100,2024-07-10,0,1,19,4,27,3,4,2
sevel001,NYN,MIA,MIA202407200,2024-07-20,0,0,18,7,25,3,2,0
sevel001,NYN,ATL,NYN202407250,2024-07-25,0,1,15,6,23,2,7,2
sevel001,NYN,MIN,NYN202407310,2024-07-31,0,1,9,2,16,2,6,6
sevel001,NYN,COL,COL202408060,2024-08-06,0,0,15,5,24,0,8,4
sevel001,NYN,SEA,SEA202408110,2024-08-11,0,0,15,8,22,2,6,4
sevel001,NYN,MIA,NYN202408170,2024-08-17,0,1,27,8,32,1,4,0
sevel001,NYN,SDN,SDN202408220,2024-08-22,0,0,15,5,23,4,5,1
sevel001,NYN,ARI,ARI202408280,2024-08-28,0,0,14,9,23,1,8,4
sevel001,NYN,BOS,NYN202409020,2024-09-02,0,1,21,5,26,2,6,1
sevel001,NYN,CIN,NYN202409080,2024-09-08,0,1,20,8,25,2,5,1
sevel001,NYN,PHI,PHI202409140,2024-09-14,0,0,18,5,22,1,3,3
sevel001,NYN,PHI,NYN202409190,2024-09-19,0,1,18,7,24,2,5,3
sevel001,NYN,ATL,ATL202409240,2024-09-24,0,0,12,5,20,1,7,4
sevel001,ATH,SEA,SEA202503270,2025-03-27,0,0,18,6,25,4,3,0
sevel001,ATH,CHN,ATH202504010,2025-04-01,0,1,18,6,28,3,6,5
sevel001,ATH,SDN,ATH202504070,2025-04-07,0,1,21,3,29,0,8,5
sevel001,ATH,NYN,ATH202504130,2025-04-13,0,1,17,6,24,3,4,1
sevel001,ATH,MIL,MIL202504190,2025-04-19,0,0,24,1,27,0,3,1
sevel001,ATH,CHA,ATH202504250,2025-04-25,0,1,18,7,25,2,6,3
sevel001,ATH,TEX,TEX202504300,2025-04-30,0,0,15,4,24,1,8,1
sevel001,ATH,SEA,ATH202505050,2025-05-05,0,1,18,5,26,4,5,4
sevel001,ATH,NYA,ATH202505110,2025-05-11,0,1,12,2,24,2,9,8
sevel001,ATH,SFN,SFN202505170,2025-05-17,0,0,18,5,23,1,4,0
sevel001,ATH,ANA,ATH202505220,2025-05-22,0,1,18,5,25,0,7,2
sevel001,ATH,HOU,HOU202505280,2025-05-28,0,0,18,4,25,2,3,1
sevel001,ATH,MIN,ATH202506020,2025-06-02,0,1,17,1,28,1,9,8
sevel001,ATH,BAL,ATH202506070,2025-06-07,0,1,17,5,28,4,8,5
sevel001,ATH,KCA,KCA202506130,2025-06-13,0,0,23,1,30,2,6,1
sevel001,ATH,HOU,ATH202506180,2025-06-18,0,1,15,5,25,1,9,2
sevel001,ATH,DET,DET202506240,2025-06-24,0,0,15,2,24,1,7,7
sevel001,ATH,NYA,NYA202506290,2025-06-29,0,0,11,3,22,3,5,5
sevel001,ATH,SFN,ATH202507050,2025-07-05,0,1,13,2,22,2,5,5
sevel001,ATH,TOR,ATH202507110,2025-07-11,0,1,14,8,24,2,7,1
sevel001,ATH,CLE,CLE202507190,2025-07-19,0,0,15,3,19,2,3,2
sevel001,ATH,HOU,HOU202507240,2025-07-24,0,0,21,8,24,0,4,2
sevel001,ATH,SEA,ATH202507290,2025-07-29,0,1,15,6,22,2,5,1
sevel001,ATH,WAS,WAS202508050,2025-08-05,0,0,18,5,25,2,5,3
sevel001,ATH,SLN,SLN202509020,2025-09-02,0,0,15,4,16,1,3,0
sevel001,ATH,ANA,ANA202509070,2025-09-07,0,0,15,7,22,1,4,3
sevel001,ATH,CIN,ATH202509130,2025-09-13,0,1,15,2,23,2,6,5
sevel001,ATH,PIT,PIT202509190,2025-09-19,0,0,15,3,24,1,7,1
sevel001,ATH,HOU,ATH202509240,2025-09-24,0,1,19,5,22,1,3,0
seymc001,SFN,BAL,SFN202508300,2025-08-30,0,1,9,2,16,2,5,4
seymc001,SFN,SLN,SLN202509050,2025-09-05,0,0,15,2,18,1,2,1
seymc001,SFN,ARI,SFN202509100,2025-09-10,0,1,4,1,10,0,6,4
seymi001,TBA,CLE,CLE202508250,2025-08-25,0,0,15,8,17,1,1,0
seymi001,TBA,WAS,WAS202508310,2025-08-31,0,0,15,8,21,1,4,1
seymi001,TBA,CHA,CHA202509110,2025-09-11,0,0,16,5,22,2,4,2
seymi001,TBA,TOR,TBA202509170,2025-09-17,0,1,21,3,26,1,4,0
seymi001,TBA,TOR,TOR202509280,2025-09-28,0,0,10,7,19,2,7,6
sheee001,LAN,SDN,LAN202506180,2025-06-18,0,1,12,6,15,0,3,1
sheee001,LAN,HOU,LAN202507060,2025-07-06,0,1,15,4,21,1,5,1
sheee001,LAN,MIL,LAN202507190,2025-07-19,0,1,9,3,15,1,7,5
sheee001,LAN,BOS,BOS202507250,2025-07-25,0,0,15,5,20,2,3,2
sheee001,LAN,SLN,LAN202508050,2025-08-05,0,1,15,5,20,1,4,0
sheee001,LAN,ANA,ANA202508120,2025-08-12,0,0,15,6,22,2,5,5
sheee001,LAN,COL,COL202508190,2025-08-19,0,0,18,7,25,2,6,4
sheee001,LAN,CIN,LAN202508250,2025-08-25,0,1,21,10,25,1,2,0
sheee001,LAN,PIT,PIT202509030,2025-09-03,0,0,14,6,21,2,5,2
sheee001,LAN,COL,LAN202509090,2025-09-09,0,1,21,9,24,1,3,1
sheee001,LAN,SFN,LAN202509210,2025-09-21,0,1,21,10,24,0,1,0
sheee001,LAN,SEA,SEA202509260,2025-09-26,0,0,3,3,5,0,1,0
shusj001,CHA,CLE,CLE202407040,2024-07-04,0,0,6,2,10,0,4,2
shusj001,CHA,PIT,CHA202407140,2024-07-14,0,1,5,0,7,1,1,0
shusj001,CHA,CLE,CHA202409090,2024-09-09,0,1,8,5,13,0,5,3
shusj001,CHA,ANA,ANA202409180,2024-09-18,0,0,9,1,10,0,1,0
shusj001,CHA,BAL,BAL202505300,2025-05-30,0,0,3,0,5,0,1,0
shusj001,CHA,DET,CHA202506040,2025-06-04,0,1,3,1,9,1,5,4
silsc001,ANA,MIA,MIA202404010,2024-04-01,0,0,9,5,18,2,5,3
silsc001,ANA,BOS,ANA202404070,2024-04-07,0,1,15,7,20,2,3,3
singb001,KCA,MIN,KCA202403310,2024-03-31,0,1,21,10,27,1,3,0
singb001,KCA,CHA,KCA202404050,2024-04-05,0,1,19,4,21,1,2,1
singb001,KCA,HOU,KCA202404110,2024-04-11,0,1,15,4,22,2,5,1
singb001,KCA,CHA,CHA202404171,2024-04-17,1,0,15,5,20,3,3,2
singb001,KCA,TOR,KCA202404220,2024-04-22,0,1,18,5,26,3,5,5
singb001,KCA,DET,DET202404270,2024-04-27,0,0,15,6,23,3,4,1
singb001,KCA,TEX,KCA202405030,2024-05-03,0,1,18,8,22,0,4,1
singb001,KCA,MIL,KCA202405080,2024-05-08,0,1,16,4,22,2,5,1
singb001,KCA,SEA,SEA202405130,2024-05-13,0,0,15,6,25,1,9,4
singb001,KCA,OAK,KCA202405190,2024-05-19,0,1,18,9,26,1,6,1
singb001,KCA,TBA,TBA202405250,2024-05-25,0,0,15,3,22,2,4,1
singb001,KCA,CLE,CLE202406060,2024-06-06,0,0,11,2,21,1,9,2
singb001,KCA,NYA,KCA202406110,2024-06-11,0,1,17,6,27,1,7,6
singb001,KCA,LAN,LAN202406160,2024-06-16,0,0,18,4,24,2,5,3
singb001,KCA,TEX,TEX202406210,2024-06-21,0,0,15,4,21,2,3,1
singb001,KCA,MIA,KCA202406260,2024-06-26,0,1,22,5,27,1,5,1
singb001,KCA,TBA,KCA202407020,2024-07-02,0,1,15,4,20,3,3,1
singb001,KCA,COL,COL202407070,2024-07-07,0,0,21,7,27,2,6,1
singb001,KCA,BOS,BOS202407140,2024-07-14,0,0,8,3,16,1,8,4
singb001,KCA,CHA,KCA202407200,2024-07-20,0,1,21,7,27,2,5,0
singb001,KCA,CHN,KCA202407260,2024-07-26,0,1,21,5,24,2,2,0
singb001,KCA,CHA,CHA202407310,2024-07-31,0,0,21,4,27,0,6,3
singb001,KCA,BOS,KCA202408050,2024-08-05,0,1,17,6,27,1,10,4
singb001,KCA,MIN,MIN202408120,2024-08-12,0,0,15,9,25,2,8,6
singb001,KCA,CIN,CIN202408180,2024-08-18,0,0,18,6,23,1,5,0
singb001,KCA,PHI,KCA202408240,2024-08-24,0,1,15,5,25,0,11,5
singb001,KCA,HOU,HOU202408290,2024-08-29,0,0,18,6,24,1,5,2
singb001,KCA,CLE,KCA202409030,2024-09-03,0,1,17,3,24,2,5,2
singb001,KCA,NYA,NYA202409090,2024-09-09,0,0,15,3,22,3,5,3
singb001,KCA,PIT,PIT202409150,2024-09-15,0,0,15,6,25,4,6,4
singb001,KCA,SFN,KCA202409210,2024-09-21,0,1,16,6,24,1,7,6
singb001,KCA,ATL,ATL202409270,2024-09-27,0,0,18,5,26,3,4,2
singb001,CIN,TEX,CIN202503310,2025-03-31,0,1,21,8,24,2,1,0
singb001,CIN,MIL,MIL202504050,2025-04-05,0,0,15,7,25,1,9,3
singb001,CIN,PIT,CIN202504110,2025-04-11,0,1,15,3,19,3,2,3
singb001,CIN,SEA,CIN202504170,2025-04-17,0,1,13,6,22,3,6,3
singb001,CIN,MIA,MIA202504230,2025-04-23,0,0,18,8,22,0,4,2
singb001,CIN,SLN,CIN202504301,2025-04-30,1,1,18,4,23,3,2,1
singb001,CIN,ATL,ATL202505050,2025-05-05,0,0,18,2,27,2,7,4
singb001,CIN,HOU,HOU202505100,2025-05-10,0,0,7,1,16,1,9,7
singb001,CIN,CLE,CIN202505160,2025-05-16,0,1,15,4,20,3,3,3
singb001,CIN,PIT,PIT202505210,2025-05-21,0,0,15,3,23,4,5,2
singb001,CIN,KCA,KCA202505270,2025-05-27,0,0,21,3,29,1,7,2
singb001,CIN,MIL,CIN202506020,2025-06-02,0,1,15,4,21,3,4,3
singb001,CIN,ARI,CIN202506080,2025-06-08,0,1,15,3,21,3,5,2
singb001,CIN,DET,DET202506140,2025-06-14,0,0,18,4,25,3,4,1
singb001,CIN,SLN,SLN202506200,2025-06-20,0,0,18,7,24,1,4,1
singb001,CIN,NYA,CIN202506250,2025-06-25,0,1,15,9,26,3,6,4
singb001,CIN,BOS,BOS202507010,2025-07-01,0,0,9,4,14,2,3,2
singb001,CIN,MIA,CIN202507070,2025-07-07,0,1,15,3,23,1,7,2
singb001,CIN,COL,CIN202507120,2025-07-12,0,1,19,9,25,1,7,3
singb001,CIN,WAS,WAS202507210,2025-07-21,0,0,7,1,15,2,5,7
singb001,CIN,TBA,CIN202507270,2025-07-27,0,1,22,8,26,1,3,1
singb001,CIN,ATL,CIN202508010,2025-08-01,0,1,18,10,23,1,4,0
singb001,CIN,PIT,PIT202508070,2025-08-07,0,0,11,2,21,4,6,4
singb001,CIN,PHI,CIN202508120,2025-08-12,0,1,18,6,20,0,3,0
singb001,CIN,ANA,ANA202508180,2025-08-18,0,0,18,4,23,1,6,1
singb001,CIN,ARI,ARI202508240,2025-08-24,0,0,18,9,24,3,1,1
singb001,CIN,SLN,CIN202508310,2025-08-31,0,1,18,8,25,0,5,3
singb001,CIN,NYN,CIN202509060,2025-09-06,0,1,18,5,25,4,4,1
singb001,CIN,ATH,ATH202509120,2025-09-12,0,0,18,4,22,1,3,2
singb001,CIN,SLN,SLN202509170,2025-09-17,0,0,17,6,22,2,3,1
singb001,CIN,PIT,CIN202509230,2025-09-23,0,1,16,3,23,0,7,4
singb001,CIN,MIL,MIL202509280,2025-09-28,0,0,10,5,18,1,5,3
skenp001,PIT,CHN,PIT202405110,2024-05-11,0,1,12,7,20,2,6,3
skenp001,PIT,CHN,CHN202405170,2024-05-17,0,0,18,11,19,1,0,0
skenp001,PIT,SFN,PIT202405230,2024-05-23,0,1,18,3,23,1,6,1
skenp001,PIT,DET,DET202405292,2024-05-29,2,0,18,9,22,1,3,2
skenp001,PIT,LAN,PIT202406050,2024-06-05,0,1,15,8,23,1,6,3
skenp001,PIT,SLN,SLN202406110,2024-06-11,0,0,19,8,23,0,5,0
skenp001,PIT,CIN,PIT202406170,2024-06-17,0,1,18,7,24,1,6,1
skenp001,PIT,TBA,PIT202406230,2024-06-23,0,1,21,8,27,1,6,1
skenp001,PIT,ATL,ATL202406290,2024-06-29,0,0,18,9,24,2,6,1
skenp001,PIT,NYN,PIT202407050,2024-07-05,0,1,21,8,27,2,4,2
skenp001,PIT,MIL,MIL202407110,2024-07-11,0,0,21,11,23,1,0,0
skenp001,PIT,SLN,PIT202407230,2024-07-23,0,1,25,8,29,0,4,2
skenp001,PIT,HOU,HOU202407290,2024-07-29,0,0,18,6,25,3,5,1
skenp001,PIT,ARI,PIT202408040,2024-08-04,0,1,16,4,22,3,5,2
skenp001,PIT,LAN,LAN202408100,2024-08-10,0,0,18,8,25,1,6,4
skenp001,PIT,SEA,PIT202408160,2024-08-16,0,1,18,6,25,4,3,2
skenp001,PIT,CIN,PIT202408220,2024-08-22,0,1,18,9,19,1,2,0
skenp001,PIT,CHN,PIT202408280,2024-08-28,0,1,15,6,21,1,5,2
skenp001,PIT,CHN,CHN202409030,2024-09-03,0,0,15,6,23,4,4,0
skenp001,PIT,MIA,PIT202409090,2024-09-09,0,1,18,9,24,1,6,1
skenp001,PIT,SLN,SLN202409160,2024-09-16,0,0,18,7,22,1,4,1
skenp001,PIT,CIN,CIN202409220,2024-09-22,0,0,15,9,18,0,2,0
skenp001,PIT,NYA,NYA202409280,2024-09-28,0,0,6,3,6,0,0,0
skenp001,PIT,MIA,MIA202503270,2025-03-27,0,0,16,7,20,2,3,2
skenp001,PIT,TBA,TBA202504020,2025-04-02,0,0,21,6,24,0,3,0
skenp001,PIT,SLN,PIT202504080,2025-04-08,0,1,18,7,26,1,6,5
skenp001,PIT,WAS,PIT202504140,2025-04-14,0,1,18,6,23,0,3,1
skenp001,PIT,CLE,PIT202504190,2025-04-19,0,1,21,4,25,1,6,2
skenp001,PIT,LAN,LAN202504250,2025-04-25,0,0,19,9,24,0,5,0
skenp001,PIT,CHN,PIT202505010,2025-05-01,0,1,15,2,23,4,5,3
skenp001,PIT,SLN,SLN202505060,2025-05-06,0,0,18,6,25,4,3,2
skenp001,PIT,NYN,NYN202505120,2025-05-12,0,0,18,6,25,3,6,1
skenp001,PIT,PHI,PHI202505180,2025-05-18,0,0,24,9,28,1,3,1
skenp001,PIT,MIL,PIT202505230,2025-05-23,0,1,18,8,24,2,4,1
skenp001,PIT,ARI,ARI202505280,2025-05-28,0,0,20,7,26,0,4,0
skenp001,PIT,HOU,PIT202506030,2025-06-03,0,1,24,8,27,1,3,1
skenp001,PIT,PHI,PIT202506080,2025-06-08,0,1,23,7,25,1,2,0
skenp001,PIT,CHN,CHN202506130,2025-06-13,0,0,15,5,20,2,4,0
skenp001,PIT,DET,DET202506192,2025-06-19,2,0,18,9,25,5,3,2
skenp001,PIT,MIL,MIL202506250,2025-06-25,0,0,12,4,19,2,4,4
skenp001,PIT,SLN,PIT202507010,2025-07-01,0,1,15,5,20,1,5,0
skenp001,PIT,SEA,SEA202507060,2025-07-06,0,0,15,10,20,0,5,0
skenp001,PIT,MIN,MIN202507110,2025-07-11,0,0,15,6,20,0,5,2
skenp001,PIT,DET,PIT202507210,2025-07-21,0,1,18,6,23,1,3,0
skenp001,PIT,ARI,PIT202507270,2025-07-27,0,1,18,9,23,1,3,0
skenp001,PIT,COL,COL202508020,2025-08-02,0,0,15,8,22,2,5,4
skenp001,PIT,CIN,PIT202508070,2025-08-07,0,1,18,8,24,0,7,0
skenp001,PIT,MIL,MIL202508120,2025-08-12,0,0,12,4,20,2,6,4
skenp001,PIT,TOR,PIT202508180,2025-08-18,0,1,18,8,24,1,5,2
skenp001,PIT,COL,PIT202508240,2025-08-24,0,1,21,7,24,0,3,0
skenp001,PIT,BOS,BOS202508290,2025-08-29,0,0,18,6,25,1,7,1
skenp001,PIT,LAN,PIT202509040,2025-09-04,0,1,18,8,21,1,2,0
skenp001,PIT,BAL,BAL202509100,2025-09-10,0,0,15,8,16,0,2,0
skenp001,PIT,CHN,PIT202509160,2025-09-16,0,1,11,6,20,3,7,3
skenp001,PIT,CIN,CIN202509240,2025-09-24,0,0,18,7,22,0,4,0
skubt001,DET,CHA,CHA202403280,2024-03-28,0,0,18,6,21,0,3,0
skubt001,DET,OAK,DET202404050,2024-04-05,0,1,19,9,25,2,4,4
skubt001,DET,MIN,DET202404120,2024-04-12,0,1,15,5,19,2,2,0
skubt001,DET,TEX,DET202404170,2024-04-17,0,1,19,6,27,1,5,2
skubt001,DET,TBA,TBA202404220,2024-04-22,0,0,18,9,20,0,3,0
skubt001,DET,KCA,DET202404280,2024-04-28,0,1,21,6,26,1,4,1
skubt001,DET,NYA,NYA202405050,2024-05-05,0,0,18,12,24,0,6,2
skubt001,DET,HOU,DET202405110,2024-05-11,0,1,19,7,28,2,7,2
skubt001,DET,ARI,ARI202405170,2024-05-17,0,0,18,6,19,0,1,0
skubt001,DET,KCA,KCA202405220,2024-05-22,0,0,15,6,22,2,6,4
skubt001,DET,PIT,DET202405291,2024-05-29,1,1,21,8,25,1,3,0
skubt001,DET,TEX,TEX202406030,2024-06-03,0,0,18,6,26,2,7,1
skubt001,DET,MIL,DET202406090,2024-06-09,0,1,20,10,27,2,5,1
skubt001,DET,HOU,HOU202406140,2024-06-14,0,0,19,2,27,1,6,4
skubt001,DET,ATL,ATL202406190,2024-06-19,0,0,12,7,23,2,7,4
skubt001,DET,PHI,DET202406250,2024-06-25,0,1,21,7,26,1,3,0
skubt001,DET,MIN,MIN202407020,2024-07-02,0,0,18,7,23,1,4,3
skubt001,DET,CIN,CIN202407070,2024-07-07,0,0,21,13,25,0,3,1
skubt001,DET,LAN,DET202407120,2024-07-12,0,1,18,8,22,1,2,2
skubt001,DET,CLE,CLE202407220,2024-07-22,0,0,21,6,31,1,10,1
skubt001,DET,MIN,DET202407270,2024-07-27,0,1,21,8,28,2,5,2
skubt001,DET,KCA,DET202408020,2024-08-02,0,1,19,8,28,2,7,5
skubt001,DET,SEA,SEA202408070,2024-08-07,0,0,21,9,26,2,3,2
skubt001,DET,SEA,DET202408130,2024-08-13,0,1,18,9,23,1,3,1
skubt001,DET,NYA,DET202408180,2024-08-18,0,1,18,5,23,4,3,1
skubt001,DET,CHA,CHA202408240,2024-08-24,0,0,15,8,22,0,8,3
skubt001,DET,BOS,DET202408310,2024-08-31,0,1,24,8,27,0,4,1
skubt001,DET,OAK,OAK202409060,2024-09-06,0,0,17,7,24,0,9,2
skubt001,DET,COL,DET202409120,2024-09-12,0,1,18,6,22,0,4,1
skubt001,DET,KCA,KCA202409180,2024-09-18,0,0,15,7,21,1,3,1
skubt001,DET,TBA,DET202409240,2024-09-24,0,1,21,7,23,1,2,0
skubt001,DET,LAN,LAN202503270,2025-03-27,0,0,15,2,22,1,6,4
skubt001,DET,SEA,SEA202504020,2025-04-02,0,0,17,8,25,3,6,3
skubt001,DET,NYA,DET202504080,2025-04-08,0,1,18,6,22,0,4,0
skubt001,DET,MIL,MIL202504140,2025-04-14,0,0,21,9,25,0,4,0
skubt001,DET,KCA,DET202504200,2025-04-20,0,1,15,4,22,1,7,2
skubt001,DET,BAL,DET202504270,2025-04-27,0,1,18,11,23,0,4,0
skubt001,DET,ANA,ANA202505020,2025-05-02,0,0,18,8,21,0,4,1
skubt001,DET,TEX,DET202505090,2025-05-09,0,1,21,12,24,0,2,1
skubt001,DET,BOS,DET202505140,2025-05-14,0,1,19,11,27,1,7,5
skubt001,DET,SLN,SLN202505200,2025-05-20,0,0,17,8,23,1,5,3
skubt001,DET,CLE,DET202505250,2025-05-25,0,1,27,13,29,0,2,0
skubt001,DET,KCA,KCA202505310,2025-05-31,0,0,21,7,22,0,2,0
skubt001,DET,CHN,DET202506060,2025-06-06,0,1,23,6,29,0,8,1
skubt001,DET,BAL,BAL202506120,2025-06-12,0,0,21,6,25,2,3,0
skubt001,DET,PIT,DET202506191,2025-06-19,1,1,17,6,26,3,6,2
skubt001,DET,ATH,DET202506240,2025-06-24,0,1,18,8,25,1,6,4
skubt001,DET,MIN,DET202506290,2025-06-29,0,1,21,13,23,1,1,0
skubt001,DET,CLE,CLE202507060,2025-07-06,0,0,21,10,24,0,3,0
skubt001,DET,SEA,DET202507110,2025-07-11,0,1,15,5,21,2,4,4
skubt001,DET,TEX,TEX202507200,2025-07-20,0,0,20,11,24,0,4,1
skubt001,DET,TOR,DET202507260,2025-07-26,0,1,18,7,24,3,5,0
skubt001,DET,PHI,PHI202508020,2025-08-02,0,0,21,10,26,0,5,3
skubt001,DET,ANA,DET202508080,2025-08-08,0,1,14,6,21,2,6,4
skubt001,DET,MIN,MIN202508140,2025-08-14,0,0,21,3,28,2,6,3
skubt001,DET,HOU,DET202508190,2025-08-19,0,1,21,10,24,2,3,0
skubt001,DET,ATH,ATH202508250,2025-08-25,0,0,20,12,28,0,7,1
skubt001,DET,KCA,KCA202508310,2025-08-31,0,0,21,4,26,2,4,0
skubt001,DET,CHA,DET202509060,2025-09-06,0,1,21,6,23,1,2,0
skubt001,DET,MIA,MIA202509120,2025-09-12,0,0,10,2,15,0,4,4
skubt001,DET,CLE,DET202509180,2025-09-18,0,1,18,9,27,2,7,1
skubt001,DET,CLE,CLE202509230,2025-09-23,0,0,18,8,24,3,4,1
smita001,ATL,CHN,CHN202405230,2024-05-23,0,0,13,4,18,2,3,0
smita001,ATL,SDN,SDN202503300,2025-03-30,0,0,12,4,21,3,6,2
smita001,ATL,MIA,ATL202504050,2025-04-05,0,1,14,6,23,3,7,3
smita001,ATL,TBA,TBA202504120,2025-04-12,0,0,15,7,21,2,6,2
smita001,ATL,COL,COL202504290,2025-04-29,0,0,16,5,21,1,4,2
smita001,ATL,CIN,ATL202505050,2025-05-05,0,1,24,5,28,4,1,0
smita001,ATL,PIT,PIT202505100,2025-05-10,0,0,17,7,24,2,5,1
smita001,ATL,WAS,ATL202505150,2025-05-15,0,1,18,6,23,2,2,0
smita001,ATL,WAS,WAS202505220,2025-05-22,0,0,9,1,20,3,8,7
smita001,ATL,PHI,PHI202505291,2025-05-29,1,0,8,1,11,1,3,2
smits003,CHA,MIN,CHA202504010,2025-04-01,0,1,17,3,22,4,2,2
smits003,CHA,CLE,CLE202504080,2025-04-08,0,0,18,6,22,1,2,0
smits003,CHA,BOS,CHA202504130,2025-04-13,0,1,18,3,24,2,5,2
smits003,CHA,BOS,BOS202504190,2025-04-19,0,0,14,3,22,1,4,3
smits003,CHA,MIN,MIN202504240,2025-04-24,0,0,15,7,19,1,4,0
smits003,CHA,MIL,CHA202504300,2025-04-30,0,1,15,4,24,3,6,1
smits003,CHA,KCA,KCA202505050,2025-05-05,0,0,15,5,23,3,5,2
smits003,CHA,MIA,CHA202505100,2025-05-10,0,1,18,7,21,0,4,0
smits003,CHA,CHN,CHN202505160,2025-05-16,0,0,15,5,25,1,7,1
smits003,CHA,SEA,CHA202505210,2025-05-21,0,1,15,6,21,2,2,3
smits003,CHA,NYN,NYN202505280,2025-05-28,0,0,11,5,19,5,2,3
smits003,CHA,DET,CHA202506030,2025-06-03,0,1,16,6,20,2,3,0
smits003,CHA,HOU,HOU202506100,2025-06-10,0,0,18,4,24,2,7,1
smits003,CHA,SLN,CHA202506170,2025-06-17,0,1,13,2,24,3,6,5
smits003,CHA,ARI,CHA202506230,2025-06-23,0,1,6,2,13,2,4,5
smits003,CHA,LAN,LAN202507010,2025-07-01,0,0,14,6,23,3,6,6
smits003,CHA,COL,COL202507060,2025-07-06,0,0,13,2,20,2,5,5
smits003,CHA,CLE,CHA202507111,2025-07-11,1,1,9,5,11,0,2,2
smits003,CHA,ANA,ANA202508010,2025-08-01,0,0,13,4,18,4,2,2
smits003,CHA,SEA,SEA202508070,2025-08-07,0,0,15,8,20,1,4,2
smits003,CHA,DET,CHA202508130,2025-08-13,0,1,15,5,20,3,2,0
smits003,CHA,ATL,ATL202508190,2025-08-19,0,0,18,4,27,2,7,4
smits003,CHA,KCA,CHA202508250,2025-08-25,0,1,21,3,23,1,1,0
smits003,CHA,NYA,CHA202508300,2025-08-30,0,1,19,7,25,2,3,2
smits003,CHA,DET,DET202509050,2025-09-05,0,0,15,6,20,2,3,4
smits003,CHA,TBA,CHA202509110,2025-09-11,0,1,17,4,21,1,4,0
smits003,CHA,BAL,CHA202509160,2025-09-16,0,1,13,7,23,1,9,6
smits003,CHA,NYA,NYA202509230,2025-09-23,0,0,15,8,23,4,5,1
smits003,CHA,WAS,WAS202509280,2025-09-28,0,0,18,8,19,0,1,0
snelb001,SFN,WAS,SFN202404080,2024-04-08,0,1,9,5,14,2,3,3
snelb001,SFN,TBA,TBA202404140,2024-04-14,0,0,12,4,20,2,6,7
snelb001,SFN,ARI,SFN202404190,2024-04-19,0,1,14,3,24,1,9,5
snelb001,SFN,PIT,PIT202405220,2024-05-22,0,0,10,5,19,4,4,4
snelb001,SFN,PHI,SFN202405270,2024-05-27,0,1,12,7,20,2,5,3
snelb001,SFN,NYA,SFN202406020,2024-06-02,0,1,14,7,22,3,5,3
snelb001,SFN,TOR,SFN202407090,2024-07-09,0,1,15,3,18,3,1,0
snelb001,SFN,MIN,SFN202407140,2024-07-14,0,1,21,8,21,0,1,0
snelb001,SFN,LAN,LAN202407220,2024-07-22,0,0,18,4,23,2,4,2
snelb001,SFN,COL,SFN202407271,2024-07-27,1,1,18,15,22,2,2,0
snelb001,SFN,CIN,CIN202408020,2024-08-02,0,0,27,11,29,3,0,0
snelb001,SFN,WAS,WAS202408070,2024-08-07,0,0,18,8,23,1,4,3
snelb001,SFN,ATL,SFN202408120,2024-08-12,0,1,19,11,23,3,2,0
snelb001,SFN,OAK,OAK202408180,2024-08-18,0,0,21,10,28,2,6,1
snelb001,SFN,SEA,SEA202408240,2024-08-24,0,0,9,5,15,6,0,2
snelb001,SFN,MIA,SFN202408300,2024-08-30,0,1,21,8,26,1,4,1
snelb001,SFN,ARI,SFN202409050,2024-09-05,0,1,3,2,8,2,2,1
snelb001,SFN,MIL,SFN202409110,2024-09-11,0,1,15,8,21,2,4,1
snelb001,SFN,BAL,BAL202409170,2024-09-17,0,0,18,12,21,2,1,0
snelb001,SFN,KCA,KCA202409220,2024-09-22,0,0,18,9,21,1,2,0
snelb001,LAN,DET,LAN202503270,2025-03-27,0,1,15,2,24,4,5,2
snelb001,LAN,ATL,LAN202504020,2025-04-02,0,1,12,2,22,4,5,0
snelb001,LAN,TBA,TBA202508020,2025-08-02,0,0,15,8,20,0,5,3
snelb001,LAN,TOR,LAN202508090,2025-08-09,0,1,15,10,21,3,3,0
snelb001,LAN,SDN,LAN202508160,2025-08-16,0,1,18,3,22,2,5,0
snelb001,LAN,SDN,SDN202508220,2025-08-22,0,0,21,5,26,2,6,2
snelb001,LAN,ARI,LAN202508290,2025-08-29,0,1,16,8,23,3,4,3
snelb001,LAN,PIT,PIT202509040,2025-09-04,0,0,15,6,26,3,9,5
snelb001,LAN,COL,LAN202509100,2025-09-10,0,1,18,11,22,2,2,0
snelb001,LAN,PHI,LAN202509170,2025-09-17,0,1,21,12,25,2,2,0
snelb001,LAN,ARI,ARI202509240,2025-09-24,0,0,18,5,23,1,5,1
sorij002,ANA,TBA,ANA202404100,2024-04-10,0,1,12,6,18,0,6,4
sorij002,ANA,TBA,TBA202404160,2024-04-16,0,0,15,6,20,5,1,1
sorij002,ANA,CIN,CIN202404210,2024-04-21,0,0,18,7,25,3,3,0
sorij002,ANA,MIN,ANA202404270,2024-04-27,0,1,5,1,12,3,3,4
sorij002,ANA,CLE,CLE202405030,2024-05-03,0,0,18,3,24,1,5,0
sorij002,ANA,PIT,PIT202405080,2024-05-08,0,0,14,6,22,2,6,4
sorij002,ANA,SLN,ANA202405130,2024-05-13,0,1,16,6,20,3,2,0
sorij002,ANA,TEX,TEX202405190,2024-05-19,0,0,23,5,30,2,5,1
sorij002,ANA,CLE,ANA202405250,2024-05-25,0,1,18,8,23,1,4,4
sorij002,ANA,SEA,SEA202405310,2024-05-31,0,0,18,3,27,2,7,4
sorij002,ANA,SDN,ANA202406050,2024-06-05,0,1,18,1,23,1,6,1
sorij002,ANA,ARI,ARI202406120,2024-06-12,0,0,24,5,27,2,5,2
sorij002,ANA,OAK,OAK202407020,2024-07-02,0,0,12,4,17,1,3,4
sorij002,ANA,CHN,CHN202407070,2024-07-07,0,0,15,3,21,1,6,3
sorij002,ANA,SEA,ANA202407130,2024-07-13,0,1,18,5,26,4,5,1
sorij002,ANA,SEA,SEA202407230,2024-07-23,0,0,23,5,29,3,3,1
sorij002,ANA,OAK,ANA202407280,2024-07-28,0,1,8,2,15,2,5,3
sorij002,ANA,NYN,ANA202408030,2024-08-03,0,1,18,6,25,2,5,0
sorij002,ANA,WAS,WAS202408090,2024-08-09,0,0,18,7,23,1,4,1
sorij002,ANA,ATL,ANA202408160,2024-08-16,0,1,10,5,16,3,3,2
sorij002,ANA,CHA,CHA202503290,2025-03-29,0,0,21,5,23,2,2,0
sorij002,ANA,CLE,ANA202504040,2025-04-04,0,1,16,9,23,3,5,5
sorij002,ANA,TBA,TBA202504100,2025-04-10,0,0,23,4,28,3,5,1
sorij002,ANA,TEX,TEX202504160,2025-04-16,0,0,17,2,28,2,10,3
sorij002,ANA,PIT,ANA202504220,2025-04-22,0,1,10,2,21,4,8,5
sorij002,ANA,MIN,MIN202504270,2025-04-27,0,0,15,4,22,1,5,3
sorij002,ANA,DET,ANA202505020,2025-05-02,0,1,18,5,23,1,6,0
sorij002,ANA,TOR,ANA202505080,2025-05-08,0,1,15,6,26,4,8,3
sorij002,ANA,SDN,SDN202505130,2025-05-13,0,0,21,5,27,3,4,0
sorij002,ANA,ATH,ATH202505190,2025-05-19,0,0,18,4,28,4,6,3
sorij002,ANA,MIA,ANA202505240,2025-05-24,0,1,14,1,23,3,7,3
sorij002,ANA,CLE,CLE202505300,2025-05-30,0,0,18,2,23,4,4,0
sorij002,ANA,BOS,BOS202506040,2025-06-04,0,0,11,3,22,3,8,7
sorij002,ANA,ATH,ANA202506100,2025-06-10,0,1,21,12,25,2,2,1
sorij002,ANA,NYA,NYA202506160,2025-06-16,0,0,21,6,27,1,6,0
sorij002,ANA,HOU,ANA202506210,2025-06-21,0,1,20,10,26,3,3,1
sorij002,ANA,WAS,ANA202506270,2025-06-27,0,1,12,4,22,2,9,8
sorij002,ANA,ATL,ATL202507030,2025-07-03,0,0,21,7,26,2,3,0
sorij002,ANA,TEX,ANA202507080,2025-07-08,0,1,12,4,19,5,3,5
sorij002,ANA,ARI,ANA202507130,2025-07-13,0,1,15,3,25,3,5,1
sorij002,ANA,PHI,PHI202507200,2025-07-20,0,0,21,5,28,2,6,2
sorij002,ANA,SEA,ANA202507250,2025-07-25,0,1,18,5,24,1,4,2
sorij002,ANA,TEX,ANA202507300,2025-07-30,0,1,21,7,27,2,5,1
sorij002,ANA,TBA,ANA202508050,2025-08-05,0,1,12,4,21,1,7,7
sorij002,ANA,LAN,ANA202508110,2025-08-11,0,1,18,6,21,2,2,0
sorij002,ANA,ATH,ATH202508170,2025-08-17,0,0,17,5,26,1,8,5
sorij002,ANA,TEX,TEX202508250,2025-08-25,0,0,17,6,20,1,4,0
sorij002,ANA,HOU,HOU202508310,2025-08-31,0,0,21,8,24,3,1,0
sorij002,ANA,ATH,ANA202509050,2025-09-05,0,1,7,4,17,5,5,8
sorij002,ANA,SEA,SEA202509110,2025-09-11,0,0,12,4,22,3,5,3
sorij002,ANA,MIL,MIL202509170,2025-09-17,0,0,4,0,7,2,2,3
sorom001,CHA,DET,CHA202403300,2024-03-30,0,1,15,0,24,3,7,4
sorom001,CHA,KCA,KCA202404040,2024-04-04,0,0,18,2,22,0,6,2
sorom001,CHA,CLE,CLE202404090,2024-04-09,0,0,11,4,18,3,4,4
sorom001,CHA,CIN,CHA202404140,2024-04-14,0,1,14,4,25,6,5,5
sorom001,CHA,PHI,PHI202404200,2024-04-20,0,0,14,2,23,3,6,5
sorom001,CHA,MIN,MIN202404250,2024-04-25,0,0,15,1,21,2,4,2
sorom001,CHA,MIN,CHA202404300,2024-04-30,0,1,13,3,18,2,3,2
sorom001,CHA,TBA,TBA202405070,2024-05-07,0,0,15,4,21,4,3,3
sorom001,CHA,CLE,CHA202405120,2024-05-12,0,1,16,4,21,1,4,4
sorom001,WAS,TOR,TOR202503310,2025-03-31,0,0,15,3,21,1,5,4
sorom001,WAS,CLE,WAS202505070,2025-05-07,0,1,15,8,22,2,5,4
sorom001,WAS,ATL,ATL202505130,2025-05-13,0,0,12,4,16,1,4,2
sorom001,WAS,BAL,BAL202505180,2025-05-18,0,0,17,8,25,0,7,3
sorom001,WAS,SFN,WAS202505250,2025-05-25,0,1,18,2,24,1,5,3
sorom001,WAS,ARI,ARI202505310,2025-05-31,0,0,16,3,23,1,6,4
sorom001,WAS,TEX,WAS202506060,2025-06-06,0,1,18,7,22,1,2,0
sorom001,WAS,NYN,NYN202506120,2025-06-12,0,0,15,5,22,3,3,4
sorom001,WAS,COL,WAS202506170,2025-06-17,0,1,18,9,27,2,5,3
sorom001,WAS,LAN,LAN202506220,2025-06-22,0,0,16,10,21,2,2,3
sorom001,WAS,ANA,ANA202506280,2025-06-28,0,0,18,5,20,1,2,1
sorom001,WAS,BOS,WAS202507040,2025-07-04,0,1,12,6,24,2,9,7
sorom001,WAS,SLN,SLN202507100,2025-07-10,0,0,12,4,18,2,4,2
sorom001,WAS,SDN,WAS202507180,2025-07-18,0,1,15,3,19,2,3,1
sorom001,WAS,CIN,WAS202507230,2025-07-23,0,1,17,6,24,3,2,1
sorom001,WAS,HOU,HOU202507290,2025-07-29,0,0,10,4,15,0,4,2
sorom001,CHN,CIN,CHN202508040,2025-08-04,0,1,6,3,8,1,1,1
spenm001,OAK,KCA,KCA202405170,2024-05-17,0,0,14,4,20,1,5,1
spenm001,OAK,COL,OAK202405220,2024-05-22,0,1,9,4,17,3,5,2
spenm001,OAK,TBA,TBA202405280,2024-05-28,0,0,16,4,18,1,1,0
spenm001,OAK,SEA,OAK202406040,2024-06-04,0,1,18,3,27,1,9,4
spenm001,OAK,TOR,OAK202406090,2024-06-09,0,1,21,3,24,0,5,2
spenm001,OAK,MIN,MIN202406140,2024-06-14,0,0,17,3,24,1,9,4
spenm001,OAK,KCA,OAK202406200,2024-06-20,0,1,18,7,25,1,6,2
spenm001,OAK,ANA,ANA202406250,2024-06-25,0,0,16,6,26,1,8,6
spenm001,OAK,ANA,OAK202407020,2024-07-02,0,1,16,5,23,1,6,1
spenm001,OAK,BAL,OAK202407070,2024-07-07,0,1,18,5,27,1,7,4
spenm001,OAK,PHI,PHI202407130,2024-07-13,0,0,11,6,21,5,5,6
spenm001,OAK,ANA,OAK202407200,2024-07-20,0,1,16,3,24,3,5,2
spenm001,OAK,ANA,ANA202407270,2024-07-27,0,0,18,3,23,2,3,1
spenm001,OAK,LAN,OAK202408030,2024-08-03,0,1,17,6,24,3,5,2
spenm001,OAK,TOR,TOR202408090,2024-08-09,0,0,17,2,24,0,8,2
spenm001,OAK,NYN,NYN202408150,2024-08-15,0,0,8,1,16,3,4,5
spenm001,OAK,TBA,OAK202408210,2024-08-21,0,1,21,10,29,1,7,4
spenm001,OAK,CIN,CIN202408270,2024-08-27,0,0,16,3,23,3,5,1
spenm001,OAK,TEX,TEX202409010,2024-09-01,0,0,15,5,21,3,5,2
spenm001,OAK,DET,OAK202409060,2024-09-06,0,1,13,6,21,0,8,1
spenm001,OAK,HOU,HOU202409120,2024-09-12,0,0,21,2,28,0,7,2
spenm001,OAK,CHN,CHN202409170,2024-09-17,0,0,15,6,22,1,7,2
spenm001,OAK,TEX,OAK202409240,2024-09-24,0,1,14,2,24,2,7,3
spenm001,OAK,SEA,SEA202409290,2024-09-29,0,0,13,5,21,0,7,6
spenm001,ATH,MIN,ATH202506050,2025-06-05,0,1,15,4,18,1,3,1
spenm001,ATH,ANA,ANA202506100,2025-06-10,0,0,15,4,18,0,3,0
spenm001,ATH,HOU,ATH202506160,2025-06-16,0,1,15,2,21,1,7,1
spenm001,ATH,CLE,ATH202506210,2025-06-21,0,1,14,3,23,1,8,4
spenm001,ATH,NYA,NYA202506270,2025-06-27,0,0,15,5,23,4,3,2
spenm001,ATH,TBA,TBA202507020,2025-07-02,0,0,15,5,21,0,7,4
spenm001,ATH,ATL,ATH202507090,2025-07-09,0,1,18,3,28,1,9,8
spenm001,ATH,PIT,PIT202509210,2025-09-21,0,0,10,1,21,2,9,6
spiec001,CIN,PIT,PIT202406170,2024-06-17,0,0,18,5,26,1,7,4
spiec001,CIN,PIT,CIN202406240,2024-06-24,0,1,18,5,26,1,7,3
spiec001,CIN,SLN,SLN202406290,2024-06-29,0,0,18,4,23,1,3,1
spiec001,CIN,DET,CIN202407050,2024-07-05,0,1,14,3,24,2,8,4
spiec001,CIN,MIA,CIN202407120,2024-07-12,0,1,15,9,21,0,6,3
spiec001,CIN,CHN,CIN202407290,2024-07-29,0,1,15,4,18,2,1,0
spiec001,CIN,SFN,CIN202408040,2024-08-04,0,1,17,5,21,0,5,3
spiec001,CIN,MIL,MIL202408090,2024-08-09,0,0,15,7,27,4,7,8
spiec001,CIN,TOR,TOR202408200,2024-08-20,0,0,13,3,28,2,13,9
spiec001,CIN,CLE,CLE202409240,2024-09-24,0,0,12,2,18,2,5,3
spiec001,CIN,TEX,CIN202504010,2025-04-01,0,1,18,5,23,2,3,1
spiec001,CIN,MIL,MIL202504060,2025-04-06,0,0,10,3,16,1,5,4
sprij001,TBA,MIA,TBA202407300,2024-07-30,0,1,11,3,18,1,6,2
sprij001,TBA,SLN,SLN202408060,2024-08-06,0,0,15,3,24,3,6,4
sprij001,TBA,BAL,TBA202408110,2024-08-11,0,1,15,8,21,0,6,1
sprij001,TBA,ARI,TBA202408170,2024-08-17,0,1,15,7,20,1,4,1
sprij001,TBA,OAK,OAK202408220,2024-08-22,0,0,10,3,18,2,7,3
sprij001,TBA,SEA,SEA202408270,2024-08-27,0,0,15,9,17,2,1,0
sprij001,TBA,MIN,TBA202409030,2024-09-03,0,1,18,4,24,2,4,1
sprij001,ATH,SEA,SEA202503280,2025-03-28,0,0,18,9,21,1,3,0
sprij001,ATH,CHN,ATH202504020,2025-04-02,0,1,9,3,19,4,5,4
sprij001,ATH,SDN,ATH202504080,2025-04-08,0,1,18,4,28,2,7,3
sprij001,ATH,CHA,CHA202504150,2025-04-15,0,0,15,4,21,3,3,3
sprij001,ATH,MIL,MIL202504200,2025-04-20,0,0,7,3,15,4,5,4
sprij001,ATH,CHA,ATH202504260,2025-04-26,0,1,18,4,28,2,7,5
sprij001,ATH,TEX,TEX202505010,2025-05-01,0,0,18,1,21,1,2,0
sprij001,ATH,SEA,ATH202505060,2025-05-06,0,1,15,4,22,2,5,2
sprij001,ATH,LAN,LAN202505130,2025-05-13,0,0,21,4,28,2,6,1
sprij001,ATH,SFN,SFN202505180,2025-05-18,0,0,20,5,22,0,2,1
sprij001,ATH,PHI,ATH202505240,2025-05-24,0,1,18,6,25,2,4,3
sprij001,ATH,TOR,TOR202505300,2025-05-30,0,0,6,2,18,6,6,6
sprij001,ATH,KCA,KCA202506150,2025-06-15,0,0,18,2,24,0,7,2
sprij001,ATH,CLE,ATH202506200,2025-06-20,0,1,22,6,26,1,3,1
sprij001,ATH,DET,DET202506260,2025-06-26,0,0,15,3,21,2,4,1
sprij001,ATH,TBA,TBA202507010,2025-07-01,0,0,16,4,22,3,4,2
sprij001,ATH,ATL,ATH202507080,2025-07-08,0,1,18,2,24,1,6,1
sprij001,ATH,TOR,ATH202507130,2025-07-13,0,1,20,5,23,0,3,3
sprij001,ATH,CLE,CLE202507200,2025-07-20,0,0,12,4,21,0,9,5
sprij001,ATH,HOU,HOU202507250,2025-07-25,0,0,18,5,22,1,4,2
sprij001,ATH,SEA,ATH202507300,2025-07-30,0,1,18,7,21,1,2,1
sprij001,ATH,WAS,WAS202508060,2025-08-06,0,0,18,5,19,0,1,1
sprij001,ATH,TBA,ATH202508110,2025-08-11,0,1,10,2,17,1,7,4
sprij001,ATH,ANA,ATH202508170,2025-08-17,0,1,14,5,26,3,8,5
sprij001,ATH,SEA,SEA202508230,2025-08-23,0,0,16,3,20,2,2,1
sprij001,ATH,TEX,ATH202508290,2025-08-29,0,1,17,5,24,2,7,3
sprij001,ATH,SLN,SLN202509030,2025-09-03,0,0,18,4,22,1,5,2
sprij001,ATH,BOS,ATH202509090,2025-09-09,0,1,15,6,23,0,8,5
sprij001,ATH,BOS,BOS202509160,2025-09-16,0,0,12,3,19,3,5,0
sprij001,ATH,HOU,ATH202509230,2025-09-23,0,1,15,3,20,2,3,1
sprob001,NYN,CIN,CIN202509070,2025-09-07,0,0,18,7,24,4,3,3
sprob001,NYN,TEX,NYN202509130,2025-09-13,0,1,18,3,23,0,6,0
sprob001,NYN,WAS,NYN202509190,2025-09-19,0,1,12,5,17,2,4,4
sprob001,NYN,MIA,MIA202509260,2025-09-26,0,0,14,2,20,1,5,4
steej002,CHN,TEX,TEX202403280,2024-03-28,0,0,14,6,18,1,3,1
steej002,CHN,SDN,CHN202405060,2024-05-06,0,1,14,2,18,1,3,0
steej002,CHN,PIT,PIT202405110,2024-05-11,0,0,12,3,20,2,6,6
steej002,CHN,PIT,CHN202405160,2024-05-16,0,1,17,7,25,1,6,4
steej002,CHN,ATL,CHN202405220,2024-05-22,0,1,19,5,27,1,6,5
steej002,CHN,MIL,MIL202405270,2024-05-27,0,0,21,8,25,1,3,0
steej002,CHN,CIN,CHN202406010,2024-06-01,0,1,15,5,27,4,7,1
steej002,CHN,CIN,CIN202406070,2024-06-07,0,0,21,7,28,1,5,1
steej002,CHN,TBA,TBA202406130,2024-06-13,0,0,18,5,22,1,3,0
steej002,CHN,SFN,CHN202406180,2024-06-18,0,1,20,8,26,2,4,2
steej002,CHN,SFN,SFN202406240,2024-06-24,0,0,22,9,29,1,6,2
steej002,CHN,MIL,MIL202406290,2024-06-29,0,0,18,5,24,0,7,3
steej002,CHN,ANA,CHN202407050,2024-07-05,0,1,27,7,32,2,2,1
steej002,CHN,BAL,BAL202407110,2024-07-11,0,0,21,4,24,0,3,0
steej002,CHN,ARI,CHN202407190,2024-07-19,0,1,14,6,25,2,9,5
steej002,CHN,MIL,CHN202407240,2024-07-24,0,1,16,4,24,3,6,2
steej002,CHN,CIN,CIN202407300,2024-07-30,0,0,15,7,25,4,6,5
steej002,CHN,SLN,CHN202408040,2024-08-04,0,1,20,6,26,2,4,2
steej002,CHN,CHA,CHA202408100,2024-08-10,0,0,18,8,27,2,6,0
steej002,CHN,TOR,CHN202408170,2024-08-17,0,1,6,3,8,1,0,0
steej002,CHN,DET,CHN202408220,2024-08-22,0,1,21,10,24,0,4,2
steej002,CHN,PIT,PIT202408270,2024-08-27,0,0,15,6,23,2,6,2
steej002,CHN,OAK,CHN202409180,2024-09-18,0,1,8,1,12,3,2,0
steej002,CHN,PHI,PHI202409240,2024-09-24,0,0,12,3,16,0,4,2
steej002,CHN,LAN,CHN202503190,2025-03-19,0,1,12,5,17,1,5,5
steej002,CHN,ARI,ARI202503270,2025-03-27,0,0,15,2,22,1,6,3
steej002,CHN,ATH,ATH202504010,2025-04-01,0,0,20,6,28,1,7,4
steej002,CHN,TEX,CHN202504070,2025-04-07,0,1,21,8,25,2,3,0
sterj001,ATH,MIN,ATH202506040,2025-06-04,0,1,3,1,4,0,1,1
stong001,LAN,SLN,LAN202403310,2024-03-31,0,1,15,6,23,1,7,3
stong001,LAN,CHN,CHN202404070,2024-04-07,0,0,9,5,18,3,6,5
stong001,LAN,SDN,LAN202404130,2024-04-13,0,1,20,4,25,1,5,2
stong001,LAN,NYN,LAN202404200,2024-04-20,0,1,10,1,18,5,4,2
stong001,LAN,TOR,TOR202404260,2024-04-26,0,0,21,2,25,2,2,1
stong001,LAN,ATL,LAN202405030,2024-05-03,0,1,18,5,23,1,5,1
stong001,LAN,MIA,LAN202405080,2024-05-08,0,1,21,4,26,0,6,1
stong001,LAN,SFN,SFN202405140,2024-05-14,0,0,18,2,25,3,5,1
stong001,LAN,ARI,LAN202405210,2024-05-21,0,1,18,5,26,1,8,4
stong001,LAN,NYN,NYN202405282,2024-05-28,2,0,21,7,24,0,3,0
stong001,LAN,COL,LAN202406020,2024-06-02,0,1,15,6,20,2,4,0
stong001,LAN,NYA,NYA202406080,2024-06-08,0,0,17,6,27,2,8,2
stong001,LAN,KCA,LAN202406140,2024-06-14,0,1,21,3,26,2,4,3
stong001,LAN,COL,COL202406200,2024-06-20,0,0,16,7,23,2,4,2
stong001,LAN,CHA,CHA202406260,2024-06-26,0,0,27,7,30,0,4,0
stong001,LAN,ARI,LAN202407030,2024-07-03,0,1,9,3,19,3,7,4
stong001,LAN,PHI,PHI202407100,2024-07-10,0,0,14,3,21,0,9,4
stong001,LAN,BOS,LAN202407190,2024-07-19,0,1,15,3,21,0,6,1
stong001,LAN,HOU,HOU202407260,2024-07-26,0,0,18,3,29,2,9,4
stong001,LAN,OAK,OAK202408020,2024-08-02,0,0,12,5,21,1,8,5
stong001,LAN,PHI,LAN202408070,2024-08-07,0,1,14,2,20,1,6,3
stong001,LAN,MIL,MIL202408130,2024-08-13,0,0,15,6,19,0,3,1
stong001,LAN,SEA,LAN202408190,2024-08-19,0,1,21,10,24,2,2,0
stong001,LAN,TBA,LAN202408250,2024-08-25,0,1,21,7,26,2,3,1
stong001,LAN,ARI,ARI202408310,2024-08-31,0,0,15,4,21,1,5,5
strir001,OAK,CLE,OAK202403290,2024-03-29,0,1,15,6,24,2,7,4
strir001,OAK,BOS,OAK202404030,2024-04-03,0,1,21,3,26,0,8,1
strir001,OAK,TEX,TEX202404100,2024-04-10,0,0,18,5,29,3,11,6
strir001,OAK,SLN,OAK202404150,2024-04-15,0,1,17,4,25,2,6,3
strir001,OAK,CLE,CLE202404210,2024-04-21,0,0,15,4,21,1,5,3
strir001,OAK,BAL,BAL202404260,2024-04-26,0,0,17,3,23,0,6,2
strir001,OAK,PIT,OAK202405010,2024-05-01,0,1,18,2,23,0,3,0
strir001,OAK,TEX,OAK202405070,2024-05-07,0,1,5,2,18,2,10,5
strir001,OAK,HOU,HOU202405130,2024-05-13,0,0,15,1,20,2,4,2
strir001,OAK,KCA,KCA202405180,2024-05-18,0,0,15,2,24,0,9,4
strir001,OAK,HOU,OAK202405240,2024-05-24,0,1,11,3,19,0,8,6
strir001,OAK,ANA,ANA202407250,2024-07-25,0,0,17,3,24,2,6,5
strir001,OAK,SFN,SFN202407310,2024-07-31,0,0,17,0,22,1,4,1
strir001,OAK,CHA,OAK202408060,2024-08-06,0,1,16,2,22,1,5,4
stris002,ATL,PHI,PHI202403290,2024-03-29,0,0,15,8,20,2,3,2
stris002,ATL,ARI,ATL202404050,2024-04-05,0,1,12,4,22,3,7,5
stris002,ATL,TOR,TOR202504160,2025-04-16,0,0,15,5,21,1,5,2
stris002,ATL,WAS,WAS202505200,2025-05-20,0,0,13,3,19,1,6,4
stris002,ATL,PHI,PHI202505270,2025-05-27,0,0,14,7,20,4,1,1
stris002,ATL,ARI,ATL202506030,2025-06-03,0,1,15,4,22,2,6,5
stris002,ATL,SFN,SFN202506080,2025-06-08,0,0,18,5,25,3,3,3
stris002,ATL,COL,ATL202506140,2025-06-14,0,1,18,13,22,1,3,0
stris002,ATL,NYN,ATL202506190,2025-06-19,0,1,18,8,24,1,5,1
stris002,ATL,NYN,NYN202506240,2025-06-24,0,0,15,8,21,4,2,3
stris002,ATL,PHI,ATL202506290,2025-06-29,0,1,21,4,28,3,5,2
stris002,ATL,BAL,ATL202507040,2025-07-04,0,1,18,6,26,1,7,3
stris002,ATL,ATH,ATH202507100,2025-07-10,0,0,20,11,27,3,5,3
stris002,ATL,NYA,ATL202507180,2025-07-18,0,1,18,8,22,3,3,0
stris002,ATL,SFN,ATL202507230,2025-07-23,0,1,15,7,24,3,5,3
stris002,ATL,KCA,KCA202507280,2025-07-28,0,0,15,3,25,2,7,2
stris002,ATL,MIL,ATL202508060,2025-08-06,0,1,14,6,24,1,11,5
stris002,ATL,NYN,NYN202508120,2025-08-12,0,0,12,2,22,2,8,8
stris002,ATL,CHA,ATL202508180,2025-08-18,0,1,9,2,19,1,10,7
stris002,ATL,MIA,MIA202508250,2025-08-25,0,0,21,3,25,2,3,1
stris002,ATL,CHN,CHN202509010,2025-09-01,0,0,15,1,22,3,5,3
stris002,ATL,CHN,ATL202509090,2025-09-09,0,1,18,8,26,3,6,2
stris002,ATL,WAS,WAS202509150,2025-09-15,0,0,21,6,25,2,4,1
stris002,ATL,DET,DET202509210,2025-09-21,0,0,15,6,23,3,6,0
stris002,ATL,PIT,ATL202509270,2025-09-27,0,1,18,5,27,2,8,3
strom001,NYA,HOU,HOU202403300,2024-03-30,0,0,18,4,25,2,4,0
strom001,NYA,TOR,NYA202404050,2024-04-05,0,1,18,6,23,1,3,0
strom001,NYA,MIA,NYA202404100,2024-04-10,0,1,15,7,21,4,4,4
strom001,NYA,TOR,TOR202404170,2024-04-17,0,0,16,2,22,2,6,2
strom001,NYA,OAK,NYA202404230,2024-04-23,0,1,16,9,24,1,7,3
strom001,NYA,MIL,MIL202404280,2024-04-28,0,0,12,4,23,5,6,4
strom001,NYA,DET,NYA202405030,2024-05-03,0,1,16,3,23,5,3,1
strom001,NYA,HOU,NYA202405090,2024-05-09,0,1,17,5,26,2,9,4
strom001,NYA,MIN,MIN202405150,2024-05-15,0,0,18,2,24,3,2,0
strom001,NYA,SEA,NYA202405200,2024-05-20,0,1,22,6,25,1,3,1
strom001,NYA,SDN,SDN202405250,2024-05-25,0,0,18,5,23,1,3,0
strom001,NYA,SFN,SFN202405310,2024-05-31,0,0,22,2,26,2,5,1
strom001,NYA,MIN,NYA202406060,2024-06-06,0,1,14,2,24,2,6,5
strom001,NYA,KCA,KCA202406110,2024-06-11,0,0,17,1,24,3,4,0
strom001,NYA,BOS,BOS202406160,2024-06-16,0,0,15,3,24,4,7,4
strom001,NYA,ATL,NYA202406220,2024-06-22,0,1,20,6,24,2,3,3
strom001,NYA,TOR,TOR202406280,2024-06-28,0,0,13,3,22,3,5,3
strom001,NYA,CIN,NYA202407040,2024-07-04,0,1,15,6,23,2,5,5
strom001,NYA,TBA,TBA202407100,2024-07-10,0,0,13,2,21,2,7,1
strom001,NYA,TBA,NYA202407210,2024-07-21,0,1,16,5,20,0,5,2
strom001,NYA,BOS,BOS202407270,2024-07-27,0,0,10,0,19,1,9,3
strom001,NYA,TOR,NYA202408020,2024-08-02,0,1,8,3,17,1,8,7
strom001,NYA,TEX,NYA202408110,2024-08-11,0,1,15,1,20,3,4,1
strom001,NYA,DET,DET202408180,2024-08-18,0,0,18,5,24,2,4,0
strom001,NYA,COL,NYA202408250,2024-08-25,0,1,15,5,23,3,5,3
strom001,NYA,SLN,NYA202408300,2024-08-30,0,1,21,5,27,0,9,2
strom001,NYA,TEX,TEX202409040,2024-09-04,0,0,11,3,21,1,9,5
strom001,NYA,KCA,NYA202409100,2024-09-10,0,1,16,4,24,2,7,3
strom001,NYA,BAL,NYA202409250,2024-09-25,0,1,10,1,19,0,10,6
strom001,NYA,MIL,NYA202503300,2025-03-30,0,1,14,3,20,1,5,3
strom001,NYA,PIT,PIT202504050,2025-04-05,0,0,12,3,18,3,3,4
strom001,NYA,SFN,NYA202504110,2025-04-11,0,1,2,1,9,3,4,5
strom001,NYA,ATH,NYA202506290,2025-06-29,0,1,15,1,19,2,3,1
strom001,NYA,NYN,NYN202507040,2025-07-04,0,0,15,4,23,1,7,3
strom001,NYA,SEA,NYA202507100,2025-07-10,0,1,15,3,23,2,6,2
strom001,NYA,ATL,ATL202507200,2025-07-20,0,0,18,4,22,0,5,1
strom001,NYA,PHI,NYA202507260,2025-07-26,0,1,11,4,20,4,5,4
strom001,NYA,TBA,NYA202507310,2025-07-31,0,1,15,3,21,0,6,4
suara001,BAL,MIN,BAL202404170,2024-04-17,0,1,17,4,21,0,3,0
suara001,BAL,ANA,ANA202404220,2024-04-22,0,0,17,5,22,2,4,0
suara001,BAL,OAK,BAL202404280,2024-04-28,0,1,12,6,20,1,7,4
suara001,BAL,CHA,CHA202405250,2024-05-25,0,0,12,3,15,2,2,0
suara001,BAL,TBA,BAL202405310,2024-05-31,0,1,15,5,21,2,4,1
suara001,BAL,TOR,TOR202406050,2024-06-05,0,0,15,4,21,1,5,2
suara001,BAL,ATL,BAL202406110,2024-06-11,0,1,16,4,23,3,4,0
suara001,BAL,NYA,NYA202406180,2024-06-18,0,0,11,3,23,5,6,3
suara001,BAL,HOU,HOU202406230,2024-06-23,0,0,15,3,27,3,10,5
suara001,BAL,TEX,BAL202406280,2024-06-28,0,1,18,2,21,0,3,0
suara001,BAL,OAK,OAK202407050,2024-07-05,0,0,18,6,23,1,4,2
suara001,BAL,CHN,BAL202407110,2024-07-11,0,1,15,4,23,2,6,4
suara001,BAL,MIA,MIA202407230,2024-07-23,0,0,6,3,15,1,8,6
suara001,BAL,SDN,BAL202407280,2024-07-28,0,1,14,2,20,3,5,3
suara001,BAL,TOR,TOR202408060,2024-08-06,0,0,15,6,18,2,2,0
suara001,BAL,TBA,TBA202408110,2024-08-11,0,0,20,5,25,1,4,0
suara001,BAL,BOS,BAL202408180,2024-08-18,0,1,18,6,25,0,7,0
suara001,BAL,HOU,BAL202408240,2024-08-24,0,1,17,3,22,2,4,2
suara001,BAL,COL,COL202408300,2024-08-30,0,0,21,4,27,0,8,2
suara001,BAL,CHA,BAL202409040,2024-09-04,0,1,13,2,22,2,8,6
suara001,BAL,BOS,BOS202409100,2024-09-10,0,0,18,8,24,2,4,1
suara001,BAL,SFN,BAL202409170,2024-09-17,0,1,10,3,18,2,6,4
suara001,BAL,DET,BAL202409220,2024-09-22,0,1,15,6,21,1,5,4
suara001,BAL,MIN,MIN202409290,2024-09-29,0,0,18,4,22,1,4,2
suara001,BAL,TOR,TOR202509140,2025-09-14,0,0,9,5,12,1,2,1
suarj001,ANA,ARI,ARI202406110,2024-06-11,0,0,8,3,14,1,6,4
suarj001,ANA,HOU,HOU202409190,2024-09-19,0,0,15,5,21,2,3,0
suarj001,ANA,CHA,CHA202409250,2024-09-25,0,0,15,5,22,2,5,3
suarj001,ATL,WAS,WAS202509161,2025-09-16,1,0,21,9,29,2,6,2
suarr001,PHI,ATL,PHI202403310,2024-03-31,0,1,15,7,18,1,3,3
suarr001,PHI,WAS,WAS202404060,2024-04-06,0,0,18,4,23,0,4,2
suarr001,PHI,PIT,PHI202404110,2024-04-11,0,1,18,8,22,2,2,0
suarr001,PHI,COL,PHI202404160,2024-04-16,0,1,27,8,32,1,7,0
suarr001,PHI,CIN,CIN202404220,2024-04-22,0,0,21,5,23,1,2,0
suarr001,PHI,SDN,SDN202404270,2024-04-27,0,0,24,8,26,0,3,1
suarr001,PHI,SFN,PHI202405040,2024-05-04,0,1,18,6,27,1,7,3
suarr001,PHI,MIA,MIA202405100,2024-05-10,0,0,21,9,25,2,3,0
suarr001,PHI,NYN,PHI202405150,2024-05-15,0,1,15,3,23,2,4,0
suarr001,PHI,TEX,PHI202405210,2024-05-21,0,1,21,10,27,2,5,1
suarr001,PHI,COL,COL202405260,2024-05-26,0,0,18,9,25,4,3,4
suarr001,PHI,SLN,PHI202406010,2024-06-01,0,1,6,2,6,0,0,0
suarr001,PHI,NYN,NYN202406080,2024-06-08,0,0,17,6,27,1,8,2
suarr001,PHI,BAL,BAL202406140,2024-06-14,0,0,20,6,27,2,6,1
suarr001,PHI,SDN,PHI202406190,2024-06-19,0,1,18,4,23,0,6,1
suarr001,PHI,DET,DET202406250,2024-06-25,0,0,18,4,26,0,8,2
suarr001,PHI,MIA,PHI202406300,2024-06-30,0,1,14,0,26,2,10,6
suarr001,PHI,ATL,ATL202407060,2024-07-06,0,0,15,7,24,2,6,5
suarr001,PHI,OAK,PHI202407120,2024-07-12,0,1,18,6,27,3,6,4
suarr001,PHI,MIN,MIN202407220,2024-07-22,0,0,16,4,24,1,7,3
suarr001,PHI,KCA,KCA202408240,2024-08-24,0,0,15,6,19,1,4,1
suarr001,PHI,ATL,PHI202408300,2024-08-30,0,1,12,6,18,1,5,4
suarr001,PHI,MIA,MIA202409050,2024-09-05,0,0,15,4,19,2,3,0
suarr001,PHI,TBA,PHI202409100,2024-09-10,0,1,16,2,29,2,12,4
suarr001,PHI,MIL,MIL202409160,2024-09-16,0,0,15,5,22,3,4,3
suarr001,PHI,NYN,NYN202409210,2024-09-21,0,0,15,4,23,3,5,2
suarr001,PHI,WAS,WAS202409270,2024-09-27,0,0,6,2,15,2,7,6
suarr001,PHI,ARI,PHI202505040,2025-05-04,0,1,11,6,20,2,7,7
suarr001,PHI,CLE,CLE202505100,2025-05-10,0,0,21,5,23,1,3,0
suarr001,PHI,PIT,PHI202505160,2025-05-16,0,1,21,6,28,1,6,3
suarr001,PHI,COL,COL202505220,2025-05-22,0,0,20,6,29,3,6,0
suarr001,PHI,ATL,PHI202505270,2025-05-27,0,1,18,8,26,3,4,0
suarr001,PHI,MIL,PHI202506010,2025-06-01,0,1,18,2,25,0,7,1
suarr001,PHI,PIT,PIT202506070,2025-06-07,0,0,21,5,26,1,5,2
suarr001,PHI,TOR,PHI202506130,2025-06-13,0,1,21,6,26,1,5,0
suarr001,PHI,MIA,MIA202506180,2025-06-18,0,0,21,8,26,2,4,1
suarr001,PHI,HOU,HOU202506240,2025-06-24,0,0,23,7,27,2,4,1
suarr001,PHI,ATL,ATL202506290,2025-06-29,0,0,21,8,26,1,4,1
suarr001,PHI,CIN,PHI202507050,2025-07-05,0,1,15,6,22,2,5,1
suarr001,PHI,SDN,SDN202507110,2025-07-11,0,0,20,5,28,3,7,3
suarr001,PHI,ANA,PHI202507200,2025-07-20,0,1,13,4,26,4,9,6
suarr001,PHI,NYA,NYA202507260,2025-07-26,0,0,17,8,26,1,7,1
suarr001,PHI,DET,PHI202508010,2025-08-01,0,1,21,5,25,0,4,3
suarr001,PHI,BAL,PHI202508060,2025-08-06,0,1,19,3,28,0,9,5
suarr001,PHI,CIN,CIN202508120,2025-08-12,0,0,16,3,28,2,10,6
suarr001,PHI,SEA,PHI202508180,2025-08-18,0,1,20,10,25,0,4,2
suarr001,PHI,WAS,PHI202508240,2025-08-24,0,1,21,11,24,0,3,0
suarr001,PHI,ATL,PHI202508290,2025-08-29,0,1,15,2,23,1,10,1
suarr001,PHI,MIL,MIL202509040,2025-09-04,0,0,18,4,25,2,6,0
suarr001,PHI,NYN,PHI202509090,2025-09-09,0,1,18,12,21,3,1,0
suarr001,PHI,LAN,LAN202509150,2025-09-15,0,0,18,5,26,2,7,3
suarr001,PHI,ARI,ARI202509210,2025-09-21,0,0,12,2,21,1,8,6
suarr001,PHI,MIN,PHI202509270,2025-09-27,0,1,13,4,21,0,9,3
sugat001,BAL,TOR,TOR202503300,2025-03-30,0,0,12,1,18,2,4,2
sugat001,BAL,KCA,KCA202504050,2025-04-05,0,0,16,4,23,1,5,1
sugat001,BAL,TOR,BAL202504120,2025-04-12,0,1,14,0,21,2,8,3
sugat001,BAL,CLE,BAL202504170,2025-04-17,0,1,21,3,25,0,5,2
sugat001,BAL,WAS,WAS202504230,2025-04-23,0,0,21,1,26,0,5,3
sugat001,BAL,NYA,BAL202504280,2025-04-28,0,1,15,8,22,1,5,0
sugat001,BAL,KCA,BAL202505030,2025-05-03,0,1,18,4,23,2,4,2
sugat001,BAL,ANA,ANA202505090,2025-05-09,0,0,22,5,25,0,3,1
sugat001,BAL,MIN,BAL202505150,2025-05-15,0,1,19,3,25,1,6,4
sugat001,BAL,MIL,MIL202505210,2025-05-21,0,0,18,3,24,1,5,2
sugat001,BAL,SLN,BAL202505270,2025-05-27,0,1,16,3,24,0,8,3
sugat001,BAL,SEA,SEA202506030,2025-06-03,0,0,21,5,25,1,5,1
sugat001,BAL,ATH,ATH202506080,2025-06-08,0,0,13,2,22,1,8,3
sugat001,BAL,ANA,BAL202506140,2025-06-14,0,1,14,4,24,2,6,3
sugat001,BAL,NYA,NYA202506200,2025-06-20,0,0,11,4,21,3,7,3
sugat001,BAL,TBA,BAL202506270,2025-06-27,0,1,15,2,25,1,9,7
sugat001,BAL,TEX,TEX202507020,2025-07-02,0,0,14,5,24,1,10,6
sugat001,BAL,NYN,BAL202507102,2025-07-10,2,1,18,2,25,3,4,3
sugat001,BAL,CLE,CLE202507210,2025-07-21,0,0,11,4,23,4,6,3
sugat001,BAL,COL,BAL202507270,2025-07-27,0,1,18,8,23,2,4,1
sugat001,BAL,CHN,CHN202508020,2025-08-02,0,0,15,5,22,1,5,3
sugat001,BAL,ATH,BAL202508080,2025-08-08,0,1,21,4,28,2,5,1
sugat001,BAL,SEA,BAL202508140,2025-08-14,0,1,16,2,20,1,3,1
sugat001,BAL,BOS,BOS202508190,2025-08-19,0,0,15,3,20,0,5,0
sugat001,BAL,BOS,BAL202508250,2025-08-25,0,1,18,6,26,2,6,4
sugat001,BAL,SFN,SFN202508310,2025-08-31,0,0,10,4,20,1,10,7
sugat001,BAL,LAN,BAL202509070,2025-09-07,0,1,9,1,16,0,7,3
sugat001,BAL,TOR,TOR202509130,2025-09-13,0,0,18,4,20,0,4,1
sugat001,BAL,NYA,BAL202509200,2025-09-20,0,1,9,3,17,1,6,4
sugat001,BAL,NYA,NYA202509270,2025-09-27,0,0,13,3,18,0,5,4
sulsc001,TBA,MIN,TBA202409040,2024-09-04,0,1,6,1,7,0,1,0
sulsc001,TBA,PHI,PHI202409090,2024-09-09,0,0,3,0,5,2,0,0
suteb001,CIN,LAN,LAN202405160,2024-05-16,0,0,2,0,3,1,0,0
suteb001,CIN,LAN,CIN202405260,2024-05-26,0,1,2,0,3,0,1,0
suteb001,CIN,CLE,CIN202406110,2024-06-11,0,1,3,0,4,0,1,0
suteb001,CIN,BAL,BAL202504200,2025-04-20,0,0,9,1,13,0,3,0
suteb001,CIN,CLE,CIN202505170,2025-05-17,0,1,9,1,11,0,4,0
suteb001,CIN,SLN,SLN202506210,2025-06-21,0,0,6,2,8,1,2,2
tailj001,CHN,MIA,CHN202404190,2024-04-19,0,1,15,4,18,0,3,1
tailj001,CHN,HOU,CHN202404240,2024-04-24,0,1,17,4,26,2,7,1
tailj001,CHN,NYN,NYN202404290,2024-04-29,0,0,22,1,27,1,4,1
tailj001,CHN,MIL,CHN202405040,2024-05-04,0,1,18,7,23,2,2,0
tailj001,CHN,ATL,ATL202405140,2024-05-14,0,0,12,2,23,3,7,2
tailj001,CHN,PIT,CHN202405190,2024-05-19,0,1,14,4,21,2,6,3
tailj001,CHN,SLN,SLN202405250,2024-05-25,0,0,17,3,26,1,9,3
tailj001,CHN,MIL,MIL202405300,2024-05-30,0,0,18,4,24,1,6,3
tailj001,CHN,CHA,CHN202406050,2024-06-05,0,1,15,6,25,1,10,5
tailj001,CHN,TBA,TBA202406110,2024-06-11,0,0,18,5,23,1,4,0
tailj001,CHN,SLN,CHN202406160,2024-06-16,0,1,18,3,26,2,7,2
tailj001,CHN,NYN,CHN202406220,2024-06-22,0,1,21,10,27,0,6,1
tailj001,CHN,MIL,MIL202406280,2024-06-28,0,0,18,5,24,1,4,3
tailj001,CHN,PHI,CHN202407040,2024-07-04,0,1,21,7,25,0,4,2
tailj001,CHN,BAL,BAL202407090,2024-07-09,0,0,18,7,22,1,4,2
tailj001,CHN,SLN,SLN202407140,2024-07-14,0,0,17,3,23,0,7,3
tailj001,CHN,MIL,CHN202407230,2024-07-23,0,1,22,3,26,3,4,1
tailj001,CHN,CIN,CIN202407290,2024-07-29,0,0,13,4,20,1,6,6
tailj001,CHN,SLN,CHN202408030,2024-08-03,0,1,18,4,24,0,6,1
tailj001,CHN,CHA,CHA202408090,2024-08-09,0,0,15,4,24,0,9,5
tailj001,CHN,CLE,CLE202408140,2024-08-14,0,0,18,6,25,2,5,4
tailj001,CHN,DET,CHN202408210,2024-08-21,0,1,15,5,23,2,6,4
tailj001,CHN,PIT,PIT202408260,2024-08-26,0,0,20,3,27,0,8,4
tailj001,CHN,PIT,CHN202409020,2024-09-02,0,1,21,3,26,1,3,0
tailj001,CHN,NYA,CHN202409080,2024-09-08,0,1,18,6,25,1,6,1
tailj001,CHN,COL,COL202409140,2024-09-14,0,0,18,6,24,1,5,2
tailj001,CHN,WAS,CHN202409200,2024-09-20,0,1,18,4,23,2,2,0
tailj001,CHN,CIN,CHN202409270,2024-09-27,0,1,21,2,25,2,4,0
tailj001,CHN,ARI,ARI202503280,2025-03-28,0,0,13,1,22,0,9,6
tailj001,CHN,ATH,ATH202504020,2025-04-02,0,0,18,7,25,3,4,2
tailj001,CHN,TEX,CHN202504080,2025-04-08,0,1,18,6,24,1,5,3
tailj001,CHN,SDN,SDN202504140,2025-04-14,0,0,16,4,21,1,4,2
tailj001,CHN,ARI,CHN202504200,2025-04-20,0,1,15,6,20,2,3,1
tailj001,CHN,PHI,CHN202504270,2025-04-27,0,1,21,2,25,0,5,1
tailj001,CHN,MIL,MIL202505030,2025-05-03,0,0,18,5,22,1,3,2
tailj001,CHN,NYN,NYN202505090,2025-05-09,0,0,12,4,22,1,9,5
tailj001,CHN,MIA,CHN202505140,2025-05-14,0,1,18,7,22,0,4,3
tailj001,CHN,MIA,MIA202505200,2025-05-20,0,0,21,2,27,3,4,1
tailj001,CHN,COL,CHN202505260,2025-05-26,0,1,19,7,23,0,4,1
tailj001,CHN,CIN,CHN202506010,2025-06-01,0,1,19,2,23,1,3,2
tailj001,CHN,DET,DET202506070,2025-06-07,0,0,21,5,25,1,4,1
tailj001,CHN,PIT,CHN202506120,2025-06-12,0,1,19,7,24,2,4,2
tailj001,CHN,MIL,CHN202506190,2025-06-19,0,1,12,2,20,1,8,5
tailj001,CHN,SLN,SLN202506240,2025-06-24,0,0,12,3,22,2,8,8
tailj001,CHN,HOU,HOU202506290,2025-06-29,0,0,14,4,21,1,5,2
tailj001,CHN,MIL,CHN202508192,2025-08-19,2,1,18,4,24,1,5,1
tailj001,CHN,ANA,ANA202508240,2025-08-24,0,0,15,3,18,0,3,1
tailj001,CHN,ATL,ATL202509100,2025-09-10,0,0,13,2,19,2,6,2
tailj001,CHN,PIT,PIT202509150,2025-09-15,0,0,18,3,22,2,2,0
tailj001,CHN,CIN,CIN202509210,2025-09-21,0,0,21,4,26,0,5,1
tailj001,CHN,SLN,CHN202509270,2025-09-27,0,1,18,8,22,2,3,1
taylg002,CHA,TOR,TOR202506200,2025-06-20,0,0,3,1,3,0,0,0
taylg002,CHA,CHN,CHA202507270,2025-07-27,0,1,3,2,6,1,2,2
tehej001,NYN,ATL,ATL202404080,2024-04-08,0,0,8,3,16,2,6,4
tengk001,SFN,NYN,NYN202508020,2025-08-02,0,0,10,4,18,3,4,5
tengk001,SFN,SDN,SFN202508130,2025-08-13,0,1,5,0,12,4,4,6
tengk001,SFN,SDN,SDN202508190,2025-08-19,0,0,10,4,17,1,3,2
tengk001,SFN,COL,COL202509010,2025-09-01,0,0,16,8,24,0,9,2
tengk001,SFN,SLN,SLN202509070,2025-09-07,0,0,12,8,19,5,3,4
tengk001,SFN,ARI,ARI202509150,2025-09-15,0,0,12,5,16,1,2,0
tengk001,SFN,LAN,LAN202509200,2025-09-20,0,0,9,6,15,2,1,2
thomz002,SLN,LAN,LAN202403290,2024-03-29,0,0,16,4,23,2,6,5
thomz002,SLN,SDN,SDN202404030,2024-04-03,0,0,15,5,24,4,5,3
thord001,CHA,SEA,SEA202406110,2024-06-11,0,0,15,4,22,2,3,1
thord001,CHA,ARI,ARI202406160,2024-06-16,0,0,10,0,21,5,6,7
thord001,CHA,DET,DET202406220,2024-06-22,0,0,18,5,23,4,2,0
thord001,CHA,COL,CHA202406280,2024-06-28,0,1,18,4,21,1,2,2
thord001,CHA,MIA,MIA202407050,2024-07-05,0,0,19,5,24,2,3,1
thord001,CHA,MIN,CHA202407102,2024-07-10,2,1,18,1,22,1,3,2
thord001,CHA,KCA,KCA202407210,2024-07-21,0,0,18,5,23,2,3,0
thord001,CHA,SEA,CHA202407260,2024-07-26,0,1,2,1,10,2,6,8
thord001,CHA,KCA,CHA202407310,2024-07-31,0,1,15,0,24,2,7,6
tidwb001,NYN,SLN,SLN202505041,2025-05-04,1,0,11,2,23,3,9,6
tidwb001,NYN,PHI,PHI202506200,2025-06-20,0,0,11,4,17,3,4,2
tollp001,BOS,PIT,BOS202508290,2025-08-29,0,1,16,8,21,2,3,2
tollp001,BOS,ARI,ARI202509050,2025-09-05,0,0,9,2,17,4,5,5
tollp001,BOS,ATH,ATH202509100,2025-09-10,0,0,6,2,9,0,3,2
tongj001,NYN,MIA,NYN202508290,2025-08-29,0,1,15,6,23,0,6,1
tongj001,NYN,CIN,CIN202509060,2025-09-06,0,0,18,6,23,4,3,4
tongj001,NYN,TEX,NYN202509120,2025-09-12,0,1,2,1,9,3,4,6
tongj001,NYN,SDN,NYN202509180,2025-09-18,0,1,15,8,18,0,4,0
tongj001,NYN,CHN,CHN202509240,2025-09-24,0,0,6,1,14,2,7,5
topaj001,MIN,ATL,ATL202504190,2025-04-19,0,0,3,1,6,0,3,1
trivl001,LAN,SDN,SDN202506100,2025-06-10,0,0,3,0,3,0,0,0
trivl001,LAN,KCA,KCA202506290,2025-06-29,0,0,3,1,5,0,2,1
turns003,PHI,CIN,PHI202404020,2024-04-02,0,1,15,7,19,0,3,0
turns003,PHI,SLN,SLN202404080,2024-04-08,0,0,18,6,22,1,2,0
turns003,PHI,PIT,PHI202404130,2024-04-13,0,1,12,3,20,4,4,3
turns003,PHI,CHA,PHI202404190,2024-04-19,0,1,21,6,24,2,1,0
turns003,PHI,CIN,CIN202404240,2024-04-24,0,0,15,8,21,3,3,1
turns003,PHI,ANA,ANA202404300,2024-04-30,0,0,16,6,21,0,4,2
turns003,PHI,DET,DET202406260,2024-06-26,0,0,9,2,10,2,1,1
turns003,TOR,CHA,TOR202506200,2025-06-20,0,1,6,2,12,2,5,4
tylek001,MIA,SEA,MIA202406230,2024-06-23,0,1,12,2,17,3,3,2
tylek001,MIA,PHI,PHI202406280,2024-06-28,0,0,14,4,19,2,4,1
tylek001,MIA,BOS,MIA202407040,2024-07-04,0,1,16,3,21,3,3,2
tylek001,MIA,BAL,MIA202407230,2024-07-23,0,1,14,5,22,2,9,3
tylek001,MIA,MIL,MIL202407280,2024-07-28,0,0,12,5,20,2,7,4
tylek001,MIA,ATL,ATL202408030,2024-08-03,0,0,8,2,16,4,5,3
tylek001,MIA,CIN,MIA202408080,2024-08-08,0,1,13,3,20,2,5,3
urenj001,TEX,OAK,OAK202405070,2024-05-07,0,0,15,2,23,2,4,1
urenj001,TEX,COL,COL202405120,2024-05-12,0,0,20,3,27,1,6,2
urenj001,TEX,ANA,TEX202405180,2024-05-18,0,1,18,3,24,1,4,1
urenj001,TEX,MIN,MIN202405240,2024-05-24,0,0,15,6,24,1,9,3
urenj001,TEX,MIA,MIA202405310,2024-05-31,0,0,7,1,14,2,4,2
urenj001,TEX,DET,TEX202406050,2024-06-05,0,1,20,6,22,1,1,1
urenj001,TEX,BOS,TEX202408020,2024-08-02,0,1,12,2,19,0,8,7
urenj001,TEX,HOU,TEX202408070,2024-08-07,0,1,12,0,19,3,6,2
urenj001,TEX,BOS,BOS202408130,2024-08-13,0,0,14,3,23,2,7,6
urenj001,TOR,ANA,ANA202505060,2025-05-06,0,0,13,2,18,1,4,2
urenj001,TOR,SEA,SEA202505110,2025-05-11,0,0,6,0,9,1,2,1
urenj001,MIN,CLE,CLE202508030,2025-08-03,0,0,12,3,17,1,5,2
urenj001,MIN,KCA,MIN202508100,2025-08-10,0,1,9,1,15,4,3,1
urenj001,MIN,ATH,MIN202508210,2025-08-21,0,1,15,3,27,2,7,6
urenj001,ANA,MIN,ANA202509100,2025-09-10,0,1,12,3,20,4,4,1
valdf001,HOU,NYA,HOU202403280,2024-03-28,0,1,14,5,23,6,5,3
valdf001,HOU,TOR,HOU202404020,2024-04-02,0,1,23,5,27,0,6,0
valdf001,HOU,COL,COL202404280,2024-04-28,0,0,15,6,18,0,5,2
valdf001,HOU,SEA,HOU202405040,2024-05-04,0,1,16,3,25,1,9,5
valdf001,HOU,DET,DET202405100,2024-05-10,0,0,21,4,29,2,6,2
valdf001,HOU,OAK,HOU202405150,2024-05-15,0,1,21,8,24,2,2,0
valdf001,HOU,ANA,HOU202405200,2024-05-20,0,1,15,3,25,1,10,8
valdf001,HOU,SEA,SEA202405270,2024-05-27,0,0,18,4,27,3,6,3
valdf001,HOU,MIN,HOU202406010,2024-06-01,0,1,21,4,24,2,2,1
valdf001,HOU,ANA,ANA202406070,2024-06-07,0,0,27,8,31,1,4,1
valdf001,HOU,SFN,SFN202406120,2024-06-12,0,0,12,1,21,1,8,5
valdf001,HOU,CHA,CHA202406180,2024-06-18,0,0,18,5,24,5,2,2
valdf001,HOU,BAL,HOU202406230,2024-06-23,0,1,21,7,29,2,6,1
valdf001,HOU,NYN,NYN202406290,2024-06-29,0,0,14,5,26,3,8,3
valdf001,HOU,TOR,TOR202407040,2024-07-04,0,0,18,4,25,2,9,3
valdf001,HOU,MIA,HOU202407100,2024-07-10,0,1,21,10,25,1,6,1
valdf001,HOU,SEA,SEA202407200,2024-07-20,0,0,17,6,24,4,3,2
valdf001,HOU,LAN,HOU202407260,2024-07-26,0,1,19,10,25,2,4,0
valdf001,HOU,PIT,HOU202407310,2024-07-31,0,1,18,10,25,0,6,4
valdf001,HOU,TEX,TEX202408060,2024-08-06,0,0,26,5,29,3,1,2
valdf001,HOU,TBA,TBA202408120,2024-08-12,0,0,17,9,21,1,3,1
valdf001,HOU,CHA,HOU202408180,2024-08-18,0,1,21,9,23,1,3,0
valdf001,HOU,BAL,BAL202408240,2024-08-24,0,0,17,8,24,1,6,3
valdf001,HOU,KCA,HOU202408300,2024-08-30,0,1,21,7,24,3,0,0
valdf001,HOU,ARI,HOU202409060,2024-09-06,0,1,21,7,25,3,2,0
valdf001,HOU,OAK,HOU202409120,2024-09-12,0,1,19,6,26,1,5,1
valdf001,HOU,SDN,SDN202409180,2024-09-18,0,0,21,6,28,2,5,1
valdf001,HOU,SEA,HOU202409240,2024-09-24,0,1,17,4,26,2,8,3
valdf001,HOU,NYN,HOU202503270,2025-03-27,0,1,21,4,26,2,4,0
valdf001,HOU,SFN,HOU202504020,2025-04-02,0,1,15,9,23,4,4,5
valdf001,HOU,SEA,SEA202504080,2025-04-08,0,0,18,8,22,1,2,0
valdf001,HOU,SLN,SLN202504140,2025-04-14,0,0,12,3,23,1,10,7
valdf001,HOU,SDN,HOU202504200,2025-04-20,0,1,18,2,25,3,7,2
valdf001,HOU,KCA,KCA202504260,2025-04-26,0,0,24,5,29,2,3,2
valdf001,HOU,CHA,CHA202505020,2025-05-02,0,0,15,6,23,2,7,4
valdf001,HOU,MIL,MIL202505070,2025-05-07,0,0,21,7,25,2,3,1
valdf001,HOU,KCA,HOU202505130,2025-05-13,0,1,24,7,29,1,6,1
valdf001,HOU,TEX,TEX202505180,2025-05-18,0,0,21,8,28,1,6,3
valdf001,HOU,SEA,HOU202505240,2025-05-24,0,1,18,5,25,4,4,1
valdf001,HOU,TBA,HOU202505300,2025-05-30,0,1,27,9,29,1,3,1
valdf001,HOU,PIT,PIT202506050,2025-06-05,0,0,21,11,28,3,4,2
valdf001,HOU,CHA,HOU202506120,2025-06-12,0,1,15,12,24,1,7,2
valdf001,HOU,ATH,ATH202506180,2025-06-18,0,0,18,3,26,5,5,2
valdf001,HOU,PHI,HOU202506240,2025-06-24,0,1,21,3,29,4,4,0
valdf001,HOU,CHN,HOU202506290,2025-06-29,0,1,18,6,25,2,5,0
valdf001,HOU,LAN,LAN202507050,2025-07-05,0,0,18,7,28,2,7,4
valdf001,HOU,TEX,HOU202507120,2025-07-12,0,1,18,10,24,0,4,0
valdf001,HOU,ARI,ARI202507220,2025-07-22,0,0,21,4,28,1,7,1
valdf001,HOU,WAS,HOU202507280,2025-07-28,0,1,18,12,23,2,3,1
valdf001,HOU,BOS,BOS202508030,2025-08-03,0,0,18,3,26,1,7,5
valdf001,HOU,NYA,NYA202508090,2025-08-09,0,0,17,1,27,4,8,4
valdf001,HOU,BAL,HOU202508150,2025-08-15,0,1,20,6,30,1,9,3
valdf001,HOU,DET,DET202508200,2025-08-20,0,0,15,2,25,4,7,7
valdf001,HOU,COL,HOU202508270,2025-08-27,0,1,21,5,25,2,3,0
valdf001,HOU,NYA,HOU202509020,2025-09-02,0,1,15,8,24,1,8,6
valdf001,HOU,TEX,TEX202509070,2025-09-07,0,0,21,5,26,1,5,3
valdf001,HOU,ATL,ATL202509140,2025-09-14,0,0,12,2,23,4,6,5
valdf001,HOU,SEA,HOU202509200,2025-09-20,0,1,14,4,24,4,6,5
valdf001,HOU,ATH,ATH202509250,2025-09-25,0,0,21,10,30,2,7,1
varll001,MIN,MIL,MIL202404020,2024-04-02,0,0,12,4,21,2,6,3
varll001,MIN,LAN,MIN202404090,2024-04-09,0,1,15,6,24,3,7,6
varll001,MIN,BAL,BAL202404150,2024-04-15,0,0,15,6,27,0,11,4
varll001,MIN,DET,MIN202404210,2024-04-21,0,1,8,2,15,4,3,4
varll001,MIN,COL,MIN202406110,2024-06-11,0,1,15,3,18,1,1,0
varll001,MIN,CLE,MIN202408092,2024-08-09,2,1,14,4,24,0,8,3
varll001,MIN,KCA,MIN202408140,2024-08-14,0,1,18,3,26,1,8,3
varll001,TOR,BOS,TOR202509250,2025-09-25,0,1,6,3,6,0,0,0
vasim001,CHA,KCA,CHA202506080,2025-06-08,0,1,10,1,14,1,5,2
vasim001,CHA,TEX,TEX202506140,2025-06-14,0,0,12,4,18,4,2,0
vasim001,CHA,SLN,CHA202506192,2025-06-19,2,1,11,6,20,1,7,6
vasqr001,SDN,TOR,SDN202404200,2024-04-20,0,1,15,3,22,1,5,1
vasqr001,SDN,COL,COL202404250,2024-04-25,0,0,8,2,15,2,6,4
vasqr001,SDN,CHN,CHN202405070,2024-05-07,0,0,13,6,17,0,5,1
vasqr001,SDN,COL,SDN202405130,2024-05-13,0,1,11,0,20,1,8,5
vasqr001,SDN,ATL,ATL202405202,2024-05-20,2,0,18,2,26,0,10,3
vasqr001,SDN,KCA,KCA202406010,2024-06-01,0,0,15,5,20,1,4,3
vasqr001,SDN,ARI,SDN202406060,2024-06-06,0,1,20,3,27,0,6,3
vasqr001,SDN,OAK,SDN202406110,2024-06-11,0,1,15,5,22,2,7,1
vasqr001,SDN,PHI,PHI202406170,2024-06-17,0,0,13,2,24,2,12,6
vasqr001,SDN,MIL,SDN202406220,2024-06-22,0,1,15,3,20,3,5,0
vasqr001,SDN,BOS,BOS202406280,2024-06-28,0,0,12,1,18,1,5,1
vasqr001,SDN,ARI,SDN202407050,2024-07-05,0,1,19,6,25,1,6,2
vasqr001,SDN,ATL,SDN202407140,2024-07-14,0,1,15,5,19,1,4,2
vasqr001,SDN,WAS,WAS202407230,2024-07-23,0,0,18,1,22,0,5,0
vasqr001,SDN,BAL,BAL202407280,2024-07-28,0,0,6,2,14,4,4,6
vasqr001,SDN,COL,SDN202408020,2024-08-02,0,1,15,4,20,2,3,1
vasqr001,SDN,PIT,PIT202408080,2024-08-08,0,0,17,3,24,1,6,3
vasqr001,SDN,SLN,SLN202408260,2024-08-26,0,0,18,2,25,2,6,2
vasqr001,SDN,TBA,TBA202408310,2024-08-31,0,0,13,3,28,4,11,9
vasqr001,SDN,ARI,ARI202409280,2024-09-28,0,0,18,4,23,1,1,0
vasqr001,SDN,ATL,SDN202503290,2025-03-29,0,1,18,3,23,4,4,0
vasqr001,SDN,CHN,CHN202504040,2025-04-04,0,0,14,2,21,5,2,2
vasqr001,SDN,ATH,ATH202504090,2025-04-09,0,0,15,1,18,3,1,1
vasqr001,SDN,CHN,SDN202504150,2025-04-15,0,1,15,2,24,2,7,1
vasqr001,SDN,DET,DET202504210,2025-04-21,0,0,6,1,15,3,5,6
vasqr001,SDN,TBA,SDN202504270,2025-04-27,0,1,14,1,21,2,5,3
vasqr001,SDN,PIT,PIT202505030,2025-05-03,0,0,15,3,26,5,6,1
vasqr001,SDN,COL,COL202505090,2025-05-09,0,0,18,5,25,1,6,2
vasqr001,SDN,ANA,SDN202505140,2025-05-14,0,1,18,5,23,1,4,1
vasqr001,SDN,TOR,TOR202505210,2025-05-21,0,0,14,4,19,0,4,2
vasqr001,SDN,MIA,SDN202505260,2025-05-26,0,1,19,5,24,1,6,3
vasqr001,SDN,PIT,SDN202506010,2025-06-01,0,1,10,3,18,3,6,4
vasqr001,SDN,MIL,MIL202506060,2025-06-06,0,0,14,2,20,4,2,0
vasqr001,SDN,LAN,SDN202506110,2025-06-11,0,1,14,4,18,1,2,1
vasqr001,SDN,LAN,LAN202506170,2025-06-17,0,0,15,2,20,0,4,3
vasqr001,SDN,KCA,SDN202506220,2025-06-22,0,1,21,2,28,2,5,2
vasqr001,SDN,CIN,CIN202506280,2025-06-28,0,0,13,3,23,2,9,4
vasqr001,SDN,TEX,SDN202507040,2025-07-04,0,1,18,1,25,3,3,2
vasqr001,SDN,ARI,SDN202507100,2025-07-10,0,1,13,1,21,4,5,2
vasqr001,SDN,MIA,MIA202507210,2025-07-21,0,0,13,0,19,1,7,1
vasqr001,SDN,SLN,SLN202507260,2025-07-26,0,0,14,2,17,1,1,1
vasqr001,SDN,SLN,SDN202508020,2025-08-02,0,1,12,3,20,0,8,5
vasqr001,SDN,COL,COL202509060,2025-09-06,0,0,18,3,25,0,8,2
vasqr001,SDN,COL,SDN202509110,2025-09-11,0,1,18,9,22,0,4,0
vasqr001,SDN,NYN,NYN202509180,2025-09-18,0,0,7,3,12,1,4,4
vasqr001,SDN,MIL,SDN202509230,2025-09-23,0,1,21,3,24,2,1,0
venea001,MIA,TBA,TBA202506080,2025-06-08,0,0,6,2,9,0,3,0
verlj001,HOU,WAS,WAS202404190,2024-04-19,0,0,18,4,21,0,4,2
verlj001,HOU,CHN,CHN202404250,2024-04-25,0,0,13,7,20,4,3,0
verlj001,HOU,CLE,HOU202405010,2024-05-01,0,1,21,2,27,3,6,2
verlj001,HOU,NYA,NYA202405070,2024-05-07,0,0,15,2,26,3,8,7
verlj001,HOU,DET,DET202405120,2024-05-12,0,0,21,8,25,2,2,0
verlj001,HOU,MIL,HOU202405180,2024-05-18,0,1,14,3,20,2,4,4
verlj001,HOU,OAK,OAK202405240,2024-05-24,0,0,18,9,28,0,8,1
verlj001,HOU,SEA,SEA202405290,2024-05-29,0,0,21,9,25,1,3,1
verlj001,HOU,SLN,HOU202406030,2024-06-03,0,1,15,4,24,2,7,4
verlj001,HOU,ANA,ANA202406090,2024-06-09,0,0,15,3,23,0,7,4
verlj001,HOU,BOS,HOU202408210,2024-08-21,0,1,15,6,20,1,4,2
verlj001,HOU,PHI,PHI202408270,2024-08-27,0,0,15,3,22,1,7,4
verlj001,HOU,CIN,CIN202409020,2024-09-02,0,0,14,3,26,4,8,5
verlj001,HOU,ARI,HOU202409080,2024-09-08,0,1,9,0,19,1,8,8
verlj001,HOU,ANA,ANA202409140,2024-09-14,0,0,15,2,21,2,4,2
verlj001,HOU,ANA,HOU202409200,2024-09-20,0,1,14,4,24,1,8,6
verlj001,HOU,CLE,CLE202409280,2024-09-28,0,0,18,5,25,0,7,3
verlj001,SFN,CIN,CIN202503290,2025-03-29,0,0,15,5,22,1,6,2
verlj001,SFN,SEA,SFN202504040,2025-04-04,0,1,7,2,14,2,5,3
verlj001,SFN,CIN,SFN202504090,2025-04-09,0,1,17,9,26,3,5,5
verlj001,SFN,PHI,PHI202504150,2025-04-15,0,0,17,1,26,3,8,4
verlj001,SFN,ANA,ANA202504200,2025-04-20,0,0,18,6,22,2,2,1
verlj001,SFN,TEX,SFN202504250,2025-04-25,0,1,18,5,23,1,4,1
verlj001,SFN,COL,SFN202505010,2025-05-01,0,1,19,4,24,1,5,2
verlj001,SFN,CHN,CHN202505060,2025-05-06,0,0,15,3,21,2,5,3
verlj001,SFN,ARI,SFN202505120,2025-05-12,0,1,18,5,27,1,9,2
verlj001,SFN,ATH,SFN202505180,2025-05-18,0,1,12,1,20,5,3,2
verlj001,SFN,CLE,SFN202506180,2025-06-18,0,1,14,6,22,1,7,3
verlj001,SFN,MIA,SFN202506240,2025-06-24,0,1,15,5,21,1,5,3
verlj001,SFN,CHA,CHA202506290,2025-06-29,0,0,18,3,26,2,5,1
verlj001,SFN,ATH,ATH202507040,2025-07-04,0,0,9,5,18,1,7,6
verlj001,SFN,PHI,SFN202507090,2025-07-09,0,1,18,7,25,0,7,2
verlj001,SFN,TOR,TOR202507180,2025-07-18,0,0,8,0,18,2,9,4
verlj001,SFN,ATL,ATL202507230,2025-07-23,0,0,15,3,21,5,1,0
verlj001,SFN,PIT,SFN202507290,2025-07-29,0,1,15,7,22,1,6,1
verlj001,SFN,PIT,PIT202508040,2025-08-04,0,0,15,4,20,1,3,0
verlj001,SFN,WAS,SFN202508100,2025-08-10,0,1,15,6,26,1,11,5
verlj001,SFN,TBA,SFN202508160,2025-08-16,0,1,21,8,24,0,2,0
verlj001,SFN,SDN,SDN202508210,2025-08-21,0,0,13,4,21,1,6,6
verlj001,SFN,CHN,SFN202508260,2025-08-26,0,1,18,5,27,2,7,2
verlj001,SFN,BAL,SFN202508310,2025-08-31,0,1,15,10,22,4,3,0
verlj001,SFN,SLN,SLN202509060,2025-09-06,0,0,18,6,22,0,3,0
verlj001,SFN,LAN,SFN202509120,2025-09-12,0,1,21,4,29,4,4,1
verlj001,SFN,ARI,ARI202509170,2025-09-17,0,0,21,3,25,2,3,0
verlj001,SFN,SLN,SFN202509220,2025-09-22,0,1,13,3,24,2,9,4
verlj001,SFN,COL,SFN202509270,2025-09-27,0,1,18,7,24,1,5,2
vined001,ATL,HOU,HOU202404150,2024-04-15,0,0,14,4,19,3,4,1
vined001,ATL,TEX,ATL202404210,2024-04-21,0,1,15,2,22,0,7,4
wachm001,KCA,BAL,BAL202404010,2024-04-01,0,0,15,5,19,1,3,3
wachm001,KCA,CHA,KCA202404060,2024-04-06,0,1,21,8,23,1,2,0
wachm001,KCA,NYN,NYN202404120,2024-04-12,0,0,18,4,27,2,10,5
wachm001,KCA,CHA,CHA202404172,2024-04-17,2,0,18,4,24,2,4,2
wachm001,KCA,TOR,KCA202404230,2024-04-23,0,1,13,4,24,3,8,2
wachm001,KCA,DET,DET202404280,2024-04-28,0,0,17,3,26,0,9,4
wachm001,KCA,TEX,KCA202405040,2024-05-04,0,1,11,3,21,1,9,7
wachm001,KCA,ANA,ANA202405090,2024-05-09,0,0,18,6,27,5,3,2
wachm001,KCA,SEA,SEA202405140,2024-05-14,0,0,18,7,23,2,3,1
wachm001,KCA,DET,KCA202405200,2024-05-20,0,1,21,3,26,1,6,2
wachm001,KCA,TBA,TBA202405260,2024-05-26,0,0,18,7,22,1,3,2
wachm001,KCA,SDN,KCA202405310,2024-05-31,0,1,16,2,21,1,5,2
wachm001,KCA,TEX,TEX202406220,2024-06-22,0,0,15,5,19,1,3,1
wachm001,KCA,CLE,KCA202406270,2024-06-27,0,1,16,6,25,2,7,1
wachm001,KCA,TBA,KCA202407030,2024-07-03,0,1,18,8,24,3,2,1
wachm001,KCA,SLN,SLN202407102,2024-07-10,2,0,15,3,23,1,7,3
wachm001,KCA,CHA,KCA202407190,2024-07-19,0,1,21,7,24,1,4,0
wachm001,KCA,ARI,KCA202407240,2024-07-24,0,1,14,1,20,1,6,3
wachm001,KCA,CHA,CHA202407300,2024-07-30,0,0,21,5,27,2,5,2
wachm001,KCA,DET,DET202408040,2024-08-04,0,0,18,2,28,4,7,2
wachm001,KCA,SLN,KCA202408100,2024-08-10,0,1,21,6,27,2,5,2
wachm001,KCA,CIN,CIN202408170,2024-08-17,0,0,18,9,22,1,4,0
wachm001,KCA,PHI,KCA202408230,2024-08-23,0,1,18,5,24,0,6,2
wachm001,KCA,CLE,CLE202408280,2024-08-28,0,0,18,7,29,0,9,5
wachm001,KCA,CLE,KCA202409020,2024-09-02,0,1,15,3,20,1,5,2
wachm001,KCA,MIN,KCA202409080,2024-09-08,0,1,21,7,23,1,4,0
wachm001,KCA,PIT,PIT202409140,2024-09-14,0,0,15,8,22,3,4,1
wachm001,KCA,SFN,KCA202409200,2024-09-20,0,1,17,5,23,1,6,2
wachm001,KCA,WAS,WAS202409260,2024-09-26,0,0,15,2,22,1,5,3
wachm001,KCA,CLE,KCA202503300,2025-03-30,0,1,12,2,18,4,4,1
wachm001,KCA,BAL,KCA202504050,2025-04-05,0,1,17,5,23,1,6,4
wachm001,KCA,MIN,KCA202504100,2025-04-10,0,1,16,4,22,3,3,2
wachm001,KCA,NYA,NYA202504150,2025-04-15,0,0,17,4,24,2,4,3
wachm001,KCA,DET,DET202504200,2025-04-20,0,0,16,5,24,0,7,2
wachm001,KCA,HOU,KCA202504260,2025-04-26,0,1,18,6,24,2,4,0
wachm001,KCA,BAL,BAL202505020,2025-05-02,0,0,19,3,25,1,7,3
wachm001,KCA,CHA,KCA202505070,2025-05-07,0,1,21,5,25,1,3,0
wachm001,KCA,HOU,HOU202505120,2025-05-12,0,0,19,3,28,2,8,2
wachm001,KCA,SLN,KCA202505180,2025-05-18,0,1,15,6,23,0,8,1
wachm001,KCA,MIN,MIN202505240,2025-05-24,0,0,15,1,23,1,7,4
wachm001,KCA,DET,KCA202505310,2025-05-31,0,1,21,6,23,1,1,0
wachm001,KCA,CHA,CHA202506070,2025-06-07,0,0,18,5,25,1,6,3
wachm001,KCA,ATH,KCA202506130,2025-06-13,0,1,16,5,28,2,9,5
wachm001,KCA,TEX,TEX202506190,2025-06-19,0,0,18,5,23,2,2,1
wachm001,KCA,TBA,KCA202506250,2025-06-25,0,1,18,9,27,1,9,3
wachm001,KCA,SEA,SEA202506300,2025-06-30,0,0,15,1,24,2,8,5
wachm001,KCA,ARI,ARI202507050,2025-07-05,0,0,12,4,21,4,4,4
wachm001,KCA,NYN,KCA202507110,2025-07-11,0,1,15,5,20,3,2,1
wachm001,KCA,MIA,MIA202507190,2025-07-19,0,0,18,1,20,1,3,1
wachm001,KCA,CLE,KCA202507261,2025-07-26,1,1,16,5,20,1,3,1
wachm001,KCA,TOR,TOR202508010,2025-08-01,0,0,24,5,28,0,3,1
wachm001,KCA,BOS,BOS202508060,2025-08-06,0,0,18,3,22,0,5,2
wachm001,KCA,WAS,KCA202508120,2025-08-12,0,1,17,3,23,2,5,2
wachm001,KCA,TEX,KCA202508180,2025-08-18,0,1,17,3,23,0,9,2
wachm001,KCA,DET,DET202508230,2025-08-23,0,0,18,4,24,1,8,3
wachm001,KCA,DET,KCA202508310,2025-08-31,0,1,14,4,20,1,5,4
wachm001,KCA,MIN,KCA202509050,2025-09-05,0,1,17,5,23,2,4,1
wachm001,KCA,SEA,KCA202509160,2025-09-16,0,1,8,0,17,0,9,7
wachm001,KCA,TOR,KCA202509210,2025-09-21,0,1,15,4,24,1,8,6
wachm001,KCA,ATH,ATH202509270,2025-09-27,0,0,18,5,22,3,2,0
waddb001,NYN,BAL,BAL202507102,2025-07-10,2,0,9,2,15,1,4,3
waguj001,TBA,SFN,TBA202404120,2024-04-12,0,1,12,4,17,2,4,0
waldh001,ATL,WAS,WAS202406090,2024-06-09,0,0,11,1,18,4,4,7
waldh001,ATL,TBA,ATL202406160,2024-06-16,0,1,10,2,18,4,5,6
waldh001,ATL,MIA,ATL202508091,2025-08-09,1,1,18,6,22,1,4,1
waldh001,ATL,CLE,CLE202508150,2025-08-15,0,0,18,7,22,2,2,0
waldh001,ATL,CHA,ATL202508200,2025-08-20,0,1,21,7,23,1,4,0
waldh001,ATL,MIA,MIA202508260,2025-08-26,0,0,16,0,24,1,8,1
waldh001,ATL,PHI,PHI202508310,2025-08-31,0,0,17,9,25,4,4,1
waldh001,ATL,SEA,ATL202509060,2025-09-06,0,1,15,5,22,5,2,2
waldh001,ATL,HOU,ATL202509120,2025-09-12,0,1,14,4,24,2,8,8
waldh001,ATL,WAS,WAS202509170,2025-09-17,0,0,15,8,20,0,5,3
waldh001,ATL,WAS,ATL202509230,2025-09-23,0,1,18,5,25,4,5,1
waldm003,SDN,SLN,SDN202404010,2024-04-01,0,1,12,7,22,1,9,4
waldm003,SDN,SFN,SFN202404070,2024-04-07,0,0,16,5,21,1,3,0
waldm003,SDN,LAN,LAN202404130,2024-04-13,0,0,15,4,23,4,3,1
waldm003,SDN,TOR,SDN202404190,2024-04-19,0,1,14,2,22,1,7,5
waldm003,SDN,COL,COL202404240,2024-04-24,0,0,18,5,25,3,4,1
waldm003,SDN,CIN,SDN202404290,2024-04-29,0,1,18,4,24,0,6,4
waldm003,SDN,ARI,ARI202405050,2024-05-05,0,0,9,2,19,3,8,7
waldm003,SDN,LAN,SDN202405110,2024-05-11,0,1,16,6,20,2,2,2
waldm003,SDN,ATL,ATL202405170,2024-05-17,0,0,17,10,23,2,5,1
waldm003,SDN,CIN,CIN202405230,2024-05-23,0,0,15,7,22,2,6,2
waldm003,SDN,MIA,SDN202405280,2024-05-28,0,1,21,8,27,0,6,0
waldm003,SDN,ANA,ANA202406030,2024-06-03,0,0,19,4,21,0,2,1
waldm003,SDN,ARI,SDN202406080,2024-06-08,0,1,18,4,23,2,3,1
waldm003,SDN,NYN,NYN202406140,2024-06-14,0,0,21,2,26,2,3,2
waldm003,SDN,PHI,PHI202406190,2024-06-19,0,0,21,6,28,2,5,1
waldm003,SDN,WAS,SDN202406240,2024-06-24,0,1,18,8,26,2,5,2
waldm003,SDN,BOS,BOS202406300,2024-06-30,0,0,13,3,20,1,6,3
waldm003,SDN,ARI,SDN202407060,2024-07-06,0,1,18,6,25,2,5,3
waldm003,SDN,ATL,SDN202407120,2024-07-12,0,1,21,1,26,1,6,4
waldm003,SDN,CLE,CLE202407190,2024-07-19,0,0,18,5,23,0,6,1
waldm003,SDN,WAS,WAS202407240,2024-07-24,0,0,18,4,22,2,4,3
waldm003,SDN,LAN,SDN202407300,2024-07-30,0,1,12,6,18,1,5,5
waldm003,SDN,COL,SDN202408040,2024-08-04,0,1,17,7,21,2,2,1
waldm003,SDN,MIA,MIA202408100,2024-08-10,0,0,13,5,22,2,5,5
waldm003,SDN,COL,COL202408160,2024-08-16,0,0,17,6,27,1,9,7
waldm003,SDN,MIN,SDN202408210,2024-08-21,0,1,13,3,27,1,12,10
waldm003,SDN,PHI,PHI202506300,2025-06-30,0,0,14,3,25,6,6,4
walkr001,SFN,NYN,SFN202404240,2024-04-24,0,1,3,2,5,0,1,0
walkt004,PHI,SDN,SDN202404280,2024-04-28,0,0,19,4,27,2,8,6
walkt004,PHI,SFN,PHI202405050,2024-05-05,0,1,19,7,25,1,5,3
walkt004,PHI,MIA,MIA202405110,2024-05-11,0,0,18,4,25,1,8,1
walkt004,PHI,NYN,PHI202405160,2024-05-16,0,1,10,1,15,2,4,2
walkt004,PHI,TEX,PHI202405220,2024-05-22,0,1,14,5,23,4,6,3
walkt004,PHI,SFN,SFN202405270,2024-05-27,0,0,18,4,29,2,9,5
walkt004,PHI,SLN,PHI202406020,2024-06-02,0,1,15,5,23,3,5,4
walkt004,PHI,NYN,PHI202406090,2024-06-09,0,1,17,6,20,1,2,2
walkt004,PHI,BAL,BAL202406150,2024-06-15,0,0,17,4,25,2,6,3
walkt004,PHI,ARI,PHI202406210,2024-06-21,0,1,12,3,18,3,5,4
walkt004,PHI,MIA,PHI202408130,2024-08-13,0,1,12,5,19,3,4,3
walkt004,PHI,WAS,PHI202408180,2024-08-18,0,1,14,3,20,3,4,3
walkt004,PHI,KCA,KCA202408230,2024-08-23,0,0,9,2,18,1,8,6
walkt004,PHI,HOU,PHI202408280,2024-08-28,0,1,18,0,28,1,13,6
walkt004,PHI,NYN,NYN202409190,2024-09-19,0,0,10,2,19,3,6,8
walkt004,PHI,COL,PHI202504030,2025-04-03,0,1,18,4,22,1,3,0
walkt004,PHI,ATL,ATL202504090,2025-04-09,0,0,14,5,22,3,5,0
walkt004,PHI,SFN,PHI202504140,2025-04-14,0,1,15,5,22,1,6,4
walkt004,PHI,MIA,PHI202504190,2025-04-19,0,1,12,2,17,3,1,1
walkt004,PHI,CHN,CHN202504250,2025-04-25,0,0,9,4,17,2,6,2
walkt004,PHI,WAS,PHI202505010,2025-05-01,0,1,17,2,25,3,4,1
walkt004,PHI,COL,COL202505210,2025-05-21,0,0,15,2,23,2,6,3
walkt004,PHI,MIL,PHI202505300,2025-05-30,0,1,12,6,20,1,7,4
walkt004,PHI,SFN,SFN202507080,2025-07-08,0,0,12,3,15,2,2,1
walkt004,PHI,ANA,PHI202507190,2025-07-19,0,1,12,4,20,1,9,3
walkt004,PHI,NYA,NYA202507250,2025-07-25,0,0,17,3,23,0,6,3
walkt004,PHI,CHA,CHA202507300,2025-07-30,0,0,15,0,22,0,7,2
walkt004,PHI,BAL,PHI202508050,2025-08-05,0,1,18,4,22,0,4,0
walkt004,PHI,CIN,CIN202508110,2025-08-11,0,0,18,2,25,1,6,1
walkt004,PHI,WAS,WAS202508160,2025-08-16,0,0,20,3,27,2,6,2
walkt004,PHI,WAS,PHI202508220,2025-08-22,0,1,15,5,18,3,3,3
walkt004,PHI,NYN,NYN202508270,2025-08-27,0,0,15,3,24,1,10,4
walkt004,PHI,MIL,MIL202509010,2025-09-01,0,0,12,2,21,2,7,5
walkt004,PHI,MIA,MIA202509070,2025-09-07,0,0,18,1,28,2,8,4
walkt004,PHI,KCA,PHI202509130,2025-09-13,0,1,15,3,23,1,7,4
walkt004,PHI,ARI,ARI202509190,2025-09-19,0,0,12,2,17,1,5,2
walsb001,ARI,MIA,ARI202405260,2024-05-26,0,1,14,4,20,1,4,0
walsb001,ARI,SFN,ARI202406040,2024-06-04,0,1,13,2,19,4,2,2
walta001,CLE,CIN,CLE202409250,2024-09-25,0,1,5,0,5,0,0,0
waltb002,HOU,TBA,TBA202505200,2025-05-20,0,0,15,5,18,1,3,0
waltb002,HOU,CLE,CLE202506080,2025-06-08,0,0,18,5,24,0,6,2
waltb002,HOU,MIN,HOU202506150,2025-06-15,0,1,20,9,27,0,6,1
waltb002,HOU,ANA,ANA202506210,2025-06-21,0,0,18,6,30,1,9,7
waltb002,HOU,CHN,HOU202506270,2025-06-27,0,1,18,5,23,0,5,1
waltb002,HOU,COL,COL202507030,2025-07-03,0,0,15,3,23,0,8,5
waltb002,HOU,CLE,HOU202507090,2025-07-09,0,1,18,7,20,0,2,2
waltb002,HOU,SEA,SEA202507180,2025-07-18,0,0,18,7,21,1,3,1
waltb002,HOU,ARI,ARI202507230,2025-07-23,0,0,21,5,26,1,4,1
warrw001,NYA,PHI,PHI202407300,2024-07-30,0,0,16,6,23,2,4,4
warrw001,NYA,ANA,NYA202408072,2024-08-07,2,1,13,6,24,3,8,8
warrw001,NYA,CHA,CHA202408140,2024-08-14,0,0,15,5,20,0,7,2
warrw001,NYA,COL,NYA202408240,2024-08-24,0,1,9,6,18,1,7,5
warrw001,NYA,SLN,NYA202408310,2024-08-31,0,1,12,3,19,3,5,4
warrw001,NYA,ARI,NYA202504010,2025-04-01,0,1,15,4,19,4,1,2
warrw001,NYA,PIT,PIT202504060,2025-04-06,0,0,12,5,19,1,6,4
warrw001,NYA,SFN,NYA202504120,2025-04-12,0,1,15,6,19,2,2,2
warrw001,NYA,TBA,TBA202504170,2025-04-17,0,0,5,1,10,2,4,1
warrw001,NYA,CLE,CLE202504220,2025-04-22,0,0,15,5,20,1,3,2
warrw001,NYA,BAL,BAL202504280,2025-04-28,0,0,10,5,18,2,6,4
warrw001,NYA,TBA,NYA202505040,2025-05-04,0,1,14,8,26,3,7,3
warrw001,NYA,ATH,ATH202505090,2025-05-09,0,0,22,7,27,1,4,1
warrw001,NYA,SEA,SEA202505140,2025-05-14,0,0,15,9,21,1,4,2
warrw001,NYA,TEX,NYA202505200,2025-05-20,0,1,17,10,23,1,5,0
warrw001,NYA,COL,COL202505250,2025-05-25,0,0,12,7,16,2,2,2
warrw001,NYA,LAN,LAN202505310,2025-05-31,0,0,4,2,14,4,6,7
warrw001,NYA,BOS,NYA202506060,2025-06-06,0,1,16,6,23,4,3,4
warrw001,NYA,KCA,KCA202506120,2025-06-12,0,0,17,4,21,1,4,0
warrw001,NYA,ANA,NYA202506170,2025-06-17,0,1,18,11,24,0,6,3
warrw001,NYA,BAL,NYA202506220,2025-06-22,0,1,19,6,27,2,6,2
warrw001,NYA,ATH,NYA202506270,2025-06-27,0,1,15,7,21,4,2,0
warrw001,NYA,TOR,TOR202507020,2025-07-02,0,0,12,4,25,4,10,8
warrw001,NYA,SEA,NYA202507080,2025-07-08,0,1,17,4,23,2,4,0
warrw001,NYA,CHN,NYA202507130,2025-07-13,0,1,16,1,24,3,6,2
warrw001,NYA,ATL,ATL202507190,2025-07-19,0,0,11,5,18,3,5,5
warrw001,NYA,PHI,NYA202507250,2025-07-25,0,1,17,7,26,3,5,2
warrw001,NYA,TBA,NYA202507300,2025-07-30,0,1,18,4,24,1,6,1
warrw001,NYA,TEX,TEX202508050,2025-08-05,0,0,15,5,21,3,3,0
warrw001,NYA,MIN,NYA202508110,2025-08-11,0,1,20,7,23,0,3,2
warrw001,NYA,SLN,SLN202508170,2025-08-17,0,0,14,3,22,1,6,1
warrw001,NYA,BOS,NYA202508230,2025-08-23,0,1,12,3,22,3,7,5
warrw001,NYA,CHA,CHA202508280,2025-08-28,0,0,15,3,24,2,5,0
warrw001,NYA,HOU,HOU202509030,2025-09-03,0,0,15,4,19,0,5,2
warrw001,NYA,DET,NYA202509090,2025-09-09,0,1,18,5,21,1,2,2
warrw001,NYA,BOS,BOS202509140,2025-09-14,0,0,15,2,26,1,10,6
warrw001,NYA,BAL,BAL202509190,2025-09-19,0,0,16,4,23,2,4,1
warrw001,NYA,BAL,NYA202509260,2025-09-26,0,1,15,7,22,1,6,4
weatr001,MIA,PIT,MIA202403300,2024-03-30,0,1,12,5,22,2,7,3
weatr001,MIA,SLN,SLN202404040,2024-04-04,0,0,15,6,23,3,3,1
weatr001,MIA,NYA,NYA202404100,2024-04-10,0,0,15,1,20,3,3,0
weatr001,MIA,SFN,MIA202404160,2024-04-16,0,1,18,10,24,1,5,2
weatr001,MIA,ATL,ATL202404220,2024-04-22,0,0,17,1,26,3,6,3
weatr001,MIA,WAS,MIA202404280,2024-04-28,0,1,12,3,24,3,5,6
weatr001,MIA,OAK,OAK202405030,2024-05-03,0,0,18,5,24,0,5,3
weatr001,MIA,LAN,LAN202405080,2024-05-08,0,0,18,3,23,1,5,3
weatr001,MIA,DET,DET202405140,2024-05-14,0,0,24,4,26,0,3,0
weatr001,MIA,MIL,MIA202405200,2024-05-20,0,1,21,8,27,3,2,1
weatr001,MIA,ARI,ARI202405260,2024-05-26,0,0,18,7,23,1,4,0
weatr001,MIA,TEX,MIA202406010,2024-06-01,0,1,18,11,27,0,9,4
weatr001,MIA,CLE,MIA202406070,2024-06-07,0,1,7,3,9,0,4,2
weatr001,MIA,LAN,MIA202409180,2024-09-18,0,1,13,5,22,0,8,5
weatr001,MIA,MIN,MIN202409240,2024-09-24,0,0,15,2,23,2,6,1
weatr001,MIA,TOR,TOR202409290,2024-09-29,0,0,19,6,24,2,3,1
weatr001,MIA,CHN,CHN202505140,2025-05-14,0,0,15,5,18,1,2,1
weatr001,MIA,CHN,MIA202505200,2025-05-20,0,1,15,4,19,0,5,1
weatr001,MIA,SDN,SDN202505260,2025-05-26,0,0,17,6,24,3,3,0
weatr001,MIA,SFN,MIA202506010,2025-06-01,0,1,18,7,26,3,5,4
weatr001,MIA,TBA,TBA202506070,2025-06-07,0,0,9,1,15,1,3,3
weatr001,MIA,WAS,MIA202509110,2025-09-11,0,1,15,4,19,0,5,0
weatr001,MIA,COL,COL202509170,2025-09-17,0,0,12,2,22,2,8,3
weatr001,MIA,PHI,PHI202509240,2025-09-24,0,0,14,8,23,2,6,5
webbl001,SFN,SDN,SDN202403280,2024-03-28,0,0,18,5,24,2,5,2
webbl001,SFN,LAN,LAN202404020,2024-04-02,0,0,11,5,20,2,7,5
webbl001,SFN,SDN,SFN202404070,2024-04-07,0,1,21,3,29,0,10,2
webbl001,SFN,TBA,TBA202404130,2024-04-13,0,0,21,4,27,1,6,1
webbl001,SFN,ARI,SFN202404180,2024-04-18,0,1,21,5,23,1,2,0
webbl001,SFN,NYN,SFN202404230,2024-04-23,0,1,24,4,30,1,6,0
webbl001,SFN,BOS,BOS202404300,2024-04-30,0,0,11,4,22,3,9,4
webbl001,SFN,PHI,PHI202405050,2024-05-05,0,0,12,6,22,2,7,4
webbl001,SFN,CIN,SFN202405100,2024-05-10,0,1,21,6,29,2,8,2
webbl001,SFN,LAN,SFN202405150,2024-05-15,0,1,18,5,25,3,3,0
webbl001,SFN,PIT,PIT202405210,2024-05-21,0,0,18,6,24,1,6,2
webbl001,SFN,NYN,NYN202405260,2024-05-26,0,0,21,8,25,1,3,0
webbl001,SFN,NYA,SFN202406010,2024-06-01,0,1,21,6,27,1,7,4
webbl001,SFN,TEX,TEX202406070,2024-06-07,0,0,21,6,26,0,5,2
webbl001,SFN,HOU,SFN202406120,2024-06-12,0,1,18,5,24,0,7,3
webbl001,SFN,CHN,CHN202406180,2024-06-18,0,0,21,5,28,1,6,2
webbl001,SFN,SLN,SLN202406230,2024-06-23,0,0,18,8,28,2,9,4
webbl001,SFN,LAN,SFN202406280,2024-06-28,0,1,21,6,27,3,5,2
webbl001,SFN,ATL,ATL202407040,2024-07-04,0,0,21,6,26,1,7,2
webbl001,SFN,TOR,SFN202407100,2024-07-10,0,1,15,4,24,1,8,7
webbl001,SFN,COL,COL202407200,2024-07-20,0,0,18,4,27,4,8,4
webbl001,SFN,LAN,LAN202407250,2024-07-25,0,0,15,4,26,3,9,4
webbl001,SFN,OAK,SFN202407310,2024-07-31,0,1,27,6,34,1,5,0
webbl001,SFN,WAS,WAS202408050,2024-08-05,0,0,17,4,24,3,4,1
webbl001,SFN,DET,SFN202408100,2024-08-10,0,1,21,8,27,1,4,1
webbl001,SFN,ATL,SFN202408150,2024-08-15,0,1,23,7,27,1,4,0
webbl001,SFN,CHA,SFN202408210,2024-08-21,0,1,24,6,27,0,5,2
webbl001,SFN,MIL,MIL202408270,2024-08-27,0,0,15,4,23,3,4,4
webbl001,SFN,MIA,SFN202409010,2024-09-01,0,1,18,4,26,0,8,6
webbl001,SFN,SDN,SDN202409070,2024-09-07,0,0,18,3,27,2,10,3
webbl001,SFN,SDN,SFN202409130,2024-09-13,0,1,12,4,20,1,7,3
webbl001,SFN,BAL,BAL202409190,2024-09-19,0,0,15,8,21,2,4,3
webbl001,SFN,ARI,ARI202409240,2024-09-24,0,0,18,3,22,1,4,0
webbl001,SFN,CIN,CIN202503270,2025-03-27,0,0,15,5,22,3,6,3
webbl001,SFN,HOU,HOU202504010,2025-04-01,0,0,21,6,23,0,5,1
webbl001,SFN,CIN,SFN202504070,2025-04-07,0,1,21,10,24,0,4,0
webbl001,SFN,NYA,NYA202504130,2025-04-13,0,0,15,5,24,4,5,3
webbl001,SFN,ANA,ANA202504180,2025-04-18,0,0,18,12,23,0,4,1
webbl001,SFN,MIL,SFN202504230,2025-04-23,0,1,19,6,27,3,6,0
webbl001,SFN,SDN,SDN202504290,2025-04-29,0,0,15,6,24,1,9,5
webbl001,SFN,COL,SFN202505040,2025-05-04,0,1,21,6,28,2,6,1
webbl001,SFN,MIN,MIN202505100,2025-05-10,0,0,21,9,27,1,5,2
webbl001,SFN,ATH,SFN202505160,2025-05-16,0,1,24,4,30,2,5,1
webbl001,SFN,KCA,SFN202505210,2025-05-21,0,1,12,5,23,0,10,3
webbl001,SFN,DET,DET202505270,2025-05-27,0,0,18,10,26,1,7,3
webbl001,SFN,SDN,SFN202506020,2025-06-02,0,1,24,7,30,0,6,0
webbl001,SFN,ATL,SFN202506070,2025-06-07,0,1,18,10,24,0,6,2
webbl001,SFN,LAN,LAN202506130,2025-06-13,0,0,21,4,25,3,2,2
webbl001,SFN,CLE,SFN202506190,2025-06-19,0,1,21,9,28,0,7,1
webbl001,SFN,MIA,SFN202506250,2025-06-25,0,1,18,6,25,3,6,2
webbl001,SFN,ARI,ARI202506300,2025-06-30,0,0,19,7,28,1,7,3
webbl001,SFN,ATH,ATH202507050,2025-07-05,0,0,20,6,28,3,7,2
webbl001,SFN,LAN,SFN202507110,2025-07-11,0,1,16,6,24,1,6,6
webbl001,SFN,TOR,TOR202507190,2025-07-19,0,0,18,1,29,1,11,4
webbl001,SFN,NYN,SFN202507250,2025-07-25,0,1,12,4,21,1,8,6
webbl001,SFN,PIT,SFN202507300,2025-07-30,0,1,17,11,26,4,5,1
webbl001,SFN,PIT,PIT202508050,2025-08-05,0,0,18,10,25,0,7,1
webbl001,SFN,SDN,SFN202508110,2025-08-11,0,1,19,3,28,1,8,4
webbl001,SFN,TBA,SFN202508170,2025-08-17,0,1,21,7,24,0,3,0
webbl001,SFN,MIL,MIL202508230,2025-08-23,0,0,18,5,25,2,5,1
webbl001,SFN,CHN,SFN202508280,2025-08-28,0,1,21,7,25,0,7,3
webbl001,SFN,COL,COL202509020,2025-09-02,0,0,15,7,22,2,7,2
webbl001,SFN,ARI,SFN202509080,2025-09-08,0,1,18,7,26,2,5,1
webbl001,SFN,LAN,SFN202509130,2025-09-13,0,1,12,5,22,2,10,6
webbl001,SFN,LAN,LAN202509180,2025-09-18,0,0,21,5,26,1,4,1
webbl001,SFN,SLN,SFN202509230,2025-09-23,0,1,18,5,25,2,8,3
webbl001,SFN,COL,SFN202509280,2025-09-28,0,1,16,8,19,0,3,0
wellt003,BAL,ANA,BAL202403310,2024-03-31,0,1,18,7,23,0,5,3
wellt003,BAL,PIT,PIT202404060,2024-04-06,0,0,16,3,25,2,7,3
wellt003,BAL,MIL,BAL202404120,2024-04-12,0,1,12,3,19,1,6,4
wellt003,BAL,SDN,SDN202509020,2025-09-02,0,0,15,4,20,0,5,2
wellt003,BAL,PIT,BAL202509100,2025-09-10,0,1,20,6,22,1,1,1
wellt003,BAL,CHA,CHA202509170,2025-09-17,0,0,18,4,21,0,4,1
wellt003,BAL,TBA,BAL202509240,2025-09-24,0,1,12,4,19,1,7,3
wentj001,ATL,NYA,ATL202507190,2025-07-19,0,1,12,2,14,1,2,0
wentj001,ATL,TEX,TEX202507250,2025-07-25,0,0,13,6,18,1,4,3
wentj001,ATL,KCA,KCA202507300,2025-07-30,0,0,20,7,22,3,1,0
wentj001,ATL,MIL,ATL202508050,2025-08-05,0,1,16,3,24,1,7,5
wentj001,ATL,MIA,ATL202508100,2025-08-10,0,1,16,2,23,3,4,1
wentj001,ATL,CLE,CLE202508160,2025-08-16,0,0,18,5,22,2,3,1
wentj001,ATL,NYN,ATL202508220,2025-08-22,0,1,10,3,21,2,9,6
wentj001,ATL,MIA,MIA202508270,2025-08-27,0,0,20,5,25,2,4,1
wentj001,ATL,CHN,CHN202509020,2025-09-02,0,0,12,8,20,1,7,4
wentj001,ATL,SEA,ATL202509070,2025-09-07,0,1,7,2,16,1,7,6
wentj001,ATL,HOU,ATL202509140,2025-09-14,0,1,12,5,18,1,6,2
wentj001,ATL,DET,DET202509200,2025-09-20,0,0,15,7,23,2,6,2
wentj001,ATL,PIT,ATL202509260,2025-09-26,0,1,12,3,22,2,8,4
wesnh001,CHN,BOS,BOS202404280,2024-04-28,0,0,12,3,19,1,5,1
wesnh001,CHN,MIL,CHN202405030,2024-05-03,0,1,19,8,24,2,3,0
wesnh001,CHN,SDN,CHN202405080,2024-05-08,0,1,18,3,27,1,7,3
wesnh001,CHN,SFN,SFN202406260,2024-06-26,0,0,12,7,15,1,2,3
wesnh001,CHN,PHI,CHN202407020,2024-07-02,0,1,15,7,23,3,5,5
wesnh001,CHN,ANA,CHN202407070,2024-07-07,0,1,19,2,22,1,1,0
wesnh001,CHN,SLN,SLN202407131,2024-07-13,1,0,12,4,26,1,10,4
wesnh001,HOU,SFN,HOU202504010,2025-04-01,0,1,15,6,21,3,2,3
wesnh001,HOU,SEA,SEA202504070,2025-04-07,0,0,21,5,24,0,3,2
wesnh001,HOU,ANA,HOU202504130,2025-04-13,0,1,18,10,23,0,5,3
wesnh001,HOU,SDN,HOU202504190,2025-04-19,0,1,15,4,22,1,6,2
wesnh001,HOU,KCA,KCA202504250,2025-04-25,0,0,15,1,22,0,8,2
wesnh001,HOU,MIL,MIL202505060,2025-05-06,0,0,12,3,19,2,5,4
wheez001,PHI,ATL,PHI202403290,2024-03-29,0,1,18,5,23,0,5,0
wheez001,PHI,CIN,PHI202404030,2024-04-03,0,1,18,10,25,1,4,1
wheez001,PHI,SLN,SLN202404090,2024-04-09,0,0,21,5,28,1,6,3
wheez001,PHI,PIT,PHI202404140,2024-04-14,0,1,15,10,24,3,5,4
wheez001,PHI,CHA,PHI202404200,2024-04-20,0,1,22,8,26,2,1,0
wheez001,PHI,CIN,CIN202404250,2024-04-25,0,0,18,8,22,4,1,0
wheez001,PHI,ANA,ANA202405010,2024-05-01,0,0,15,6,22,1,5,1
wheez001,PHI,SFN,PHI202405060,2024-05-06,0,1,21,11,26,1,4,0
wheez001,PHI,MIA,MIA202405120,2024-05-12,0,0,12,2,21,3,6,6
wheez001,PHI,WAS,PHI202405170,2024-05-17,0,1,22,6,27,3,3,2
wheez001,PHI,TEX,PHI202405230,2024-05-23,0,1,21,5,28,2,5,2
wheez001,PHI,SFN,SFN202405280,2024-05-28,0,0,18,9,21,2,2,0
wheez001,PHI,MIL,PHI202406030,2024-06-03,0,1,21,6,26,3,5,1
wheez001,PHI,BOS,BOS202406110,2024-06-11,0,0,21,4,24,1,3,1
wheez001,PHI,BAL,BAL202406160,2024-06-16,0,0,13,4,26,2,9,8
wheez001,PHI,ARI,PHI202406220,2024-06-22,0,1,21,8,24,0,2,1
wheez001,PHI,MIA,PHI202406270,2024-06-27,0,1,20,5,27,2,7,2
wheez001,PHI,CHN,CHN202407030,2024-07-03,0,0,18,7,26,2,5,2
wheez001,PHI,LAN,PHI202407090,2024-07-09,0,1,15,7,21,2,3,1
wheez001,PHI,MIN,MIN202407230,2024-07-23,0,0,21,7,26,2,3,0
wheez001,PHI,NYA,PHI202407290,2024-07-29,0,1,15,6,23,3,7,7
wheez001,PHI,SEA,SEA202408040,2024-08-04,0,0,24,9,27,1,2,0
wheez001,PHI,ARI,ARI202408090,2024-08-09,0,0,18,8,25,2,7,2
wheez001,PHI,WAS,PHI202408150,2024-08-15,0,1,18,6,22,0,3,1
wheez001,PHI,ATL,ATL202408200,2024-08-20,0,0,18,8,24,0,6,2
wheez001,PHI,HOU,PHI202408260,2024-08-26,0,1,18,6,25,2,6,2
wheez001,PHI,ATL,PHI202408310,2024-08-31,0,1,21,7,26,0,4,0
wheez001,PHI,MIA,MIA202409060,2024-09-06,0,0,18,7,21,1,2,1
wheez001,PHI,TBA,PHI202409110,2024-09-11,0,1,18,9,26,3,4,2
wheez001,PHI,MIL,MIL202409170,2024-09-17,0,0,21,6,24,0,4,1
wheez001,PHI,NYN,NYN202409220,2024-09-22,0,0,21,8,28,1,7,2
wheez001,PHI,WAS,WAS202409280,2024-09-28,0,0,19,11,23,2,3,2
wheez001,PHI,WAS,WAS202503270,2025-03-27,0,0,18,8,20,2,2,1
wheez001,PHI,COL,PHI202504020,2025-04-02,0,1,21,10,24,0,3,1
wheez001,PHI,ATL,ATL202504080,2025-04-08,0,0,16,7,27,3,8,5
wheez001,PHI,SLN,SLN202504130,2025-04-13,0,0,18,3,25,1,7,4
wheez001,PHI,MIA,PHI202504180,2025-04-18,0,1,21,13,26,0,5,2
wheez001,PHI,NYN,NYN202504230,2025-04-23,0,0,18,9,25,2,5,2
wheez001,PHI,WAS,PHI202504290,2025-04-29,0,1,20,7,27,1,5,2
wheez001,PHI,TBA,TBA202505060,2025-05-06,0,0,21,9,24,0,4,2
wheez001,PHI,CLE,CLE202505110,2025-05-11,0,0,21,8,25,2,3,0
wheez001,PHI,PIT,PHI202505170,2025-05-17,0,1,18,6,21,1,3,0
wheez001,PHI,ATH,ATH202505230,2025-05-23,0,0,20,8,25,2,3,0
wheez001,PHI,ATL,PHI202505292,2025-05-29,2,1,16,6,24,4,4,6
wheez001,PHI,CHN,PHI202506090,2025-06-09,0,1,18,7,23,1,3,1
wheez001,PHI,TOR,PHI202506150,2025-06-15,0,1,18,9,22,0,4,1
wheez001,PHI,NYN,PHI202506200,2025-06-20,0,1,15,8,21,3,4,0
wheez001,PHI,HOU,HOU202506250,2025-06-25,0,0,18,8,24,3,3,0
wheez001,PHI,SDN,PHI202506300,2025-06-30,0,1,24,10,30,0,6,0
wheez001,PHI,CIN,PHI202507060,2025-07-06,0,1,27,12,28,0,1,1
wheez001,PHI,SDN,SDN202507120,2025-07-12,0,0,18,6,26,1,6,4
wheez001,PHI,BOS,PHI202507210,2025-07-21,0,1,18,10,24,0,7,2
wheez001,PHI,NYA,NYA202507270,2025-07-27,0,0,17,8,26,2,5,4
wheez001,PHI,DET,PHI202508020,2025-08-02,0,1,18,10,27,0,9,3
wheez001,PHI,TEX,TEX202508100,2025-08-10,0,0,15,7,21,3,3,2
wheez001,PHI,WAS,WAS202508150,2025-08-15,0,0,15,6,20,2,4,2
whisc001,SFN,PIT,SFN202507280,2025-07-28,0,1,15,3,22,2,5,4
whisc001,SFN,NYN,NYN202508030,2025-08-03,0,0,16,4,21,2,3,1
whisc001,SFN,WAS,SFN202508090,2025-08-09,0,1,12,5,20,3,5,3
whisc001,SFN,MIL,MIL202508220,2025-08-22,0,0,12,1,17,2,4,2
whisc001,SFN,CHN,SFN202508270,2025-08-27,0,1,15,3,22,3,5,3
whitg002,BOS,SEA,SEA202403310,2024-03-31,0,0,15,8,19,0,3,1
whitg002,BOS,ANA,ANA202404060,2024-04-06,0,0,13,4,20,4,4,0
whitg002,BOS,BAL,BOS202404110,2024-04-11,0,1,15,4,20,2,4,1
whitg002,BOS,CLE,BOS202404160,2024-04-16,0,1,12,1,16,1,3,2
wickj001,CHN,TEX,TEX202403310,2024-03-31,0,0,12,6,22,3,5,2
wickj001,CHN,LAN,CHN202404060,2024-04-06,0,1,14,7,21,1,6,2
wickj001,CHN,SEA,SEA202404120,2024-04-12,0,0,12,6,22,4,5,4
wickj001,CHN,ARI,ARI202404170,2024-04-17,0,0,13,5,20,1,5,2
wickj001,CHN,HOU,CHN202404230,2024-04-23,0,1,18,4,23,0,5,2
wickj001,CHN,SLN,CHN202406140,2024-06-14,0,1,5,2,7,0,2,0
wickj001,CHN,WAS,WAS202409010,2024-09-01,0,0,15,0,18,0,4,1
wickj001,CHN,NYA,CHN202409060,2024-09-06,0,1,15,4,22,4,5,3
wickj001,CHN,LAN,LAN202409110,2024-09-11,0,0,9,2,21,4,8,7
wickj001,CHN,OAK,CHN202409170,2024-09-17,0,1,15,4,23,2,7,4
willb003,CIN,MIL,CIN202409010,2024-09-01,0,1,10,5,14,0,3,1
willb003,CIN,SLN,SLN202409110,2024-09-11,0,0,15,5,19,2,3,1
willb003,CIN,ATL,CIN202409170,2024-09-17,0,1,4,1,9,2,3,3
willg004,CLE,CHA,CLE202407030,2024-07-03,0,1,12,2,21,2,7,5
willg004,CLE,DET,DET202407080,2024-07-08,0,0,16,5,21,1,4,0
willg004,CLE,TBA,TBA202407130,2024-07-13,0,0,15,2,20,3,3,1
willg004,CLE,SDN,CLE202407200,2024-07-20,0,1,11,5,21,2,6,3
willg004,CLE,DET,CLE202407250,2024-07-25,0,1,18,9,25,2,6,3
willg004,CLE,DET,DET202407300,2024-07-30,0,0,15,8,19,1,2,0
willg004,CLE,BAL,CLE202408040,2024-08-04,0,1,12,8,22,2,8,6
willg004,CLE,MIN,MIN202408100,2024-08-10,0,0,18,3,23,0,4,1
willg004,CLE,MIL,MIL202408160,2024-08-16,0,0,12,5,21,2,6,5
willg004,CLE,NYA,NYA202408220,2024-08-22,0,0,13,5,20,4,4,3
willg004,CLE,KCA,CLE202408270,2024-08-27,0,1,15,6,20,2,3,2
willg004,CLE,KCA,KCA202409020,2024-09-02,0,0,21,6,24,2,1,1
willg004,CLE,LAN,LAN202409070,2024-09-07,0,0,2,0,7,3,2,5
willg004,CLE,TBA,CLE202409120,2024-09-12,0,1,16,5,24,2,7,3
willg004,CLE,MIN,CLE202409170,2024-09-17,0,1,15,7,22,2,5,2
willg004,CLE,SLN,SLN202409220,2024-09-22,0,0,17,3,22,2,4,1
willg004,CLE,KCA,KCA202503290,2025-03-29,0,0,15,2,19,1,4,2
willg004,CLE,ANA,ANA202504040,2025-04-04,0,0,9,5,18,3,5,2
willg004,CLE,CHA,CLE202504100,2025-04-10,0,1,15,7,19,2,3,1
willg004,CLE,BAL,BAL202504160,2025-04-16,0,0,20,4,27,4,4,5
willg004,CLE,NYA,CLE202504210,2025-04-21,0,1,19,8,26,2,7,2
willg004,CLE,MIN,CLE202504280,2025-04-28,0,1,6,2,14,2,7,4
willg004,CLE,TOR,TOR202505030,2025-05-03,0,0,12,9,23,5,7,2
willg004,CLE,PHI,CLE202505090,2025-05-09,0,1,15,8,21,4,4,0
willg004,CLE,MIL,CLE202505140,2025-05-14,0,1,15,6,20,1,4,2
willg004,CLE,MIN,MIN202505210,2025-05-21,0,0,18,6,22,2,2,1
willg004,CLE,LAN,CLE202505260,2025-05-26,0,1,14,3,24,6,4,4
willg004,CLE,ANA,CLE202506010,2025-06-01,0,1,20,6,24,2,1,0
willg004,CLE,HOU,CLE202506070,2025-06-07,0,1,18,5,25,2,5,3
willg004,CLE,SEA,SEA202506130,2025-06-13,0,0,12,1,21,3,6,2
willg004,CLE,SFN,SFN202506190,2025-06-19,0,0,18,6,23,3,2,0
willg004,CLE,TOR,CLE202506250,2025-06-25,0,1,16,2,24,3,5,3
willg004,CLE,CHN,CHN202507010,2025-07-01,0,0,17,2,25,4,7,4
willg004,CLE,DET,CLE202507060,2025-07-06,0,1,18,8,22,3,1,0
willg004,CLE,CHA,CHA202507112,2025-07-11,2,0,15,5,24,5,4,3
willg004,CLE,ATH,CLE202507200,2025-07-20,0,1,21,11,26,1,4,1
willg004,CLE,KCA,KCA202507261,2025-07-26,1,0,18,3,24,2,5,2
willg004,CLE,MIN,CLE202508010,2025-08-01,0,1,18,8,23,2,4,0
willg004,CLE,NYN,NYN202508060,2025-08-06,0,0,26,6,31,4,1,1
willg004,CLE,MIA,CLE202508130,2025-08-13,0,1,9,4,16,1,5,4
willg004,CLE,ARI,ARI202508180,2025-08-18,0,0,16,5,22,1,4,0
willg004,CLE,TEX,TEX202508240,2025-08-24,0,0,10,3,17,4,3,3
willg004,CLE,SEA,CLE202508300,2025-08-30,0,1,21,8,26,1,4,1
willg004,CLE,TBA,TBA202509050,2025-09-05,0,0,21,3,29,3,7,1
willg004,CLE,KCA,CLE202509110,2025-09-11,0,1,18,6,25,3,4,2
willg004,CLE,DET,DET202509170,2025-09-17,0,0,15,9,20,2,3,0
willg004,CLE,DET,CLE202509230,2025-09-23,0,1,18,12,24,2,4,2
willt002,WAS,PIT,WAS202404030,2024-04-03,0,1,16,5,21,2,3,2
willt002,WAS,SFN,SFN202404080,2024-04-08,0,0,15,2,20,3,3,1
willt002,WAS,OAK,OAK202404140,2024-04-14,0,0,16,7,21,1,6,3
willt002,WAS,HOU,WAS202404200,2024-04-20,0,1,18,4,19,0,3,1
willt002,WAS,MIA,MIA202404260,2024-04-26,0,0,15,1,20,2,5,1
willt002,WAS,TEX,TEX202405010,2024-05-01,0,0,15,3,23,4,5,0
willt002,WAS,BAL,WAS202405070,2024-05-07,0,1,15,8,18,0,2,0
willt002,WAS,CHA,CHA202405141,2024-05-14,1,0,15,2,20,1,4,1
willt002,WAS,PHI,PHI202405190,2024-05-19,0,0,13,3,19,1,5,3
willt002,WAS,SEA,WAS202405250,2024-05-25,0,1,15,8,20,0,5,1
willt002,WAS,ATL,ATL202405300,2024-05-30,0,0,17,4,23,2,4,1
willt002,WAS,CHN,CHN202409200,2024-09-20,0,0,15,7,18,0,3,1
willt002,WAS,PHI,WAS202409270,2024-09-27,0,1,15,5,18,2,3,0
willt002,WAS,TOR,TOR202504010,2025-04-01,0,0,15,3,23,0,10,3
willt002,WAS,ARI,WAS202504060,2025-04-06,0,1,15,6,22,2,5,3
willt002,WAS,MIA,MIA202504120,2025-04-12,0,0,14,2,23,1,8,6
willt002,WAS,PIT,PIT202504170,2025-04-17,0,0,15,5,21,3,3,1
willt002,WAS,BAL,WAS202504230,2025-04-23,0,1,15,5,22,1,6,1
willt002,WAS,NYN,WAS202504280,2025-04-28,0,1,16,5,23,2,5,5
willt002,WAS,CIN,CIN202505030,2025-05-03,0,0,16,4,26,2,9,4
willt002,WAS,SLN,WAS202505100,2025-05-10,0,1,18,4,26,1,7,4
willt002,WAS,ATL,ATL202505150,2025-05-15,0,0,13,4,20,0,5,3
willt002,WAS,ATL,WAS202505220,2025-05-22,0,1,11,3,18,3,4,5
willt002,WAS,SEA,SEA202505280,2025-05-28,0,0,18,2,20,0,3,0
willt002,WAS,CHN,WAS202506030,2025-06-03,0,1,13,4,20,1,5,5
willt002,WAS,TEX,WAS202506080,2025-06-08,0,1,13,2,19,0,6,2
willt002,WAS,MIA,WAS202506140,2025-06-14,0,1,16,3,23,1,6,2
willt002,WAS,COL,WAS202506190,2025-06-19,0,1,16,6,24,1,8,2
willt002,WAS,SDN,SDN202506240,2025-06-24,0,0,15,3,24,2,7,4
willt002,WAS,DET,WAS202507021,2025-07-02,1,1,9,4,19,1,9,7
wilsb003,MIL,SDN,MIL202404170,2024-04-17,0,1,11,2,14,1,2,0
wilsb003,MIL,PIT,PIT202404240,2024-04-24,0,0,13,3,19,3,3,2
wilsb003,MIL,TBA,MIL202404290,2024-04-29,0,1,18,6,23,2,4,1
wilsb003,MIL,KCA,KCA202405060,2024-05-06,0,0,18,6,22,3,1,0
wilsb003,MIL,SLN,MIL202405120,2024-05-12,0,1,12,1,22,5,5,2
wilsb003,MIL,HOU,HOU202405180,2024-05-18,0,0,14,3,19,1,5,2
wilsb003,MIL,CHN,MIL202405290,2024-05-29,0,1,12,1,20,2,6,3
wilsb003,MIL,DET,DET202406090,2024-06-09,0,0,13,4,24,2,6,7
wilsb003,MIL,SDN,SDN202406200,2024-06-20,0,0,14,5,23,2,7,5
wilsb003,CHA,MIN,MIN202504230,2025-04-23,0,0,8,2,16,3,5,1
wilsb003,CHA,HOU,CHA202505040,2025-05-04,0,1,14,4,24,2,9,4
wilsb003,CHA,MIA,CHA202505090,2025-05-09,0,1,15,1,20,2,3,1
wilsb003,CHA,CIN,CIN202505150,2025-05-15,0,0,16,3,27,1,10,7
wilsb003,CHA,TEX,CHA202505240,2025-05-24,0,1,12,4,22,2,5,2
winaa001,ATL,NYN,ATL202404110,2024-04-11,0,1,15,1,25,2,8,6
winaa001,ATL,CIN,ATL202407240,2024-07-24,0,1,8,3,16,2,6,7
winaa001,NYA,CIN,CIN202506230,2025-06-23,0,0,13,1,19,0,5,4
wincj001,BOS,PIT,PIT202404210,2024-04-21,0,0,10,1,12,0,3,1
wincj001,BOS,CHN,BOS202404270,2024-04-27,0,1,9,1,13,0,3,0
wincj001,BOS,SFN,BOS202405020,2024-05-02,0,1,13,0,16,2,2,1
wincj001,BOS,SDN,BOS202406300,2024-06-30,0,1,15,1,18,0,4,0
wincj001,BOS,NYA,NYA202407060,2024-07-06,0,0,11,4,18,2,5,3
wincj001,BOS,HOU,BOS202408100,2024-08-10,0,1,9,1,11,0,2,1
winnk001,SFN,LAN,LAN202404010,2024-04-01,0,0,15,6,20,1,4,3
winnk001,SFN,SDN,SFN202404060,2024-04-06,0,1,18,1,22,3,3,4
winnk001,SFN,TBA,TBA202404120,2024-04-12,0,0,15,6,24,3,5,2
winnk001,SFN,MIA,MIA202404170,2024-04-17,0,0,18,4,21,1,4,1
winnk001,SFN,NYN,SFN202404220,2024-04-22,0,1,18,6,21,1,4,1
winnk001,SFN,PIT,SFN202404280,2024-04-28,0,1,18,5,22,1,3,1
winnk001,SFN,PHI,PHI202405040,2024-05-04,0,0,2,0,8,2,4,5
winnk001,SFN,COL,COL202405090,2024-05-09,0,0,11,1,19,0,8,7
winnk001,SFN,LAN,SFN202405140,2024-05-14,0,1,12,4,20,3,5,5
winnk001,SFN,TEX,TEX202406090,2024-06-09,0,0,13,7,22,2,6,7
winnk001,SFN,ANA,SFN202406150,2024-06-15,0,1,18,6,25,2,5,3
winnk001,SFN,SLN,SLN202406200,2024-06-20,0,0,8,2,14,1,5,5
woo-b001,SEA,OAK,SEA202405100,2024-05-10,0,1,13,3,15,1,1,0
woo-b001,SEA,KCA,SEA202405150,2024-05-15,0,1,16,5,20,1,3,1
woo-b001,SEA,NYA,NYA202405210,2024-05-21,0,0,18,7,20,0,2,0
woo-b001,SEA,WAS,WAS202405260,2024-05-26,0,0,18,1,24,0,5,3
woo-b001,SEA,ANA,SEA202405310,2024-05-31,0,1,18,2,19,0,3,0
woo-b001,SEA,OAK,OAK202406060,2024-06-06,0,0,18,6,21,0,2,0
woo-b001,SEA,CLE,CLE202406190,2024-06-19,0,0,12,1,17,1,4,3
woo-b001,SEA,TBA,TBA202406240,2024-06-24,0,0,9,3,14,0,5,1
woo-b001,SEA,ANA,ANA202407120,2024-07-12,0,0,10,1,20,2,9,4
woo-b001,SEA,HOU,SEA202407210,2024-07-21,0,1,17,5,20,0,4,2
woo-b001,SEA,CHA,CHA202407270,2024-07-27,0,0,12,3,18,1,4,0
woo-b001,SEA,PHI,SEA202408020,2024-08-02,0,1,21,6,26,0,5,0
woo-b001,SEA,DET,SEA202408080,2024-08-08,0,1,20,7,26,1,5,3
woo-b001,SEA,DET,DET202408140,2024-08-14,0,0,21,6,25,0,4,0
woo-b001,SEA,LAN,LAN202408190,2024-08-19,0,0,19,5,24,2,2,2
woo-b001,SEA,SFN,SEA202408250,2024-08-25,0,1,21,7,25,0,4,1
woo-b001,SEA,ANA,ANA202408310,2024-08-31,0,0,19,3,24,0,5,4
woo-b001,SEA,OAK,OAK202409050,2024-09-05,0,0,15,6,23,0,8,2
woo-b001,SEA,SDN,SEA202409110,2024-09-11,0,1,20,5,23,1,2,2
woo-b001,SEA,NYA,SEA202409170,2024-09-17,0,1,14,7,24,1,9,7
woo-b001,SEA,TEX,TEX202409220,2024-09-22,0,0,18,4,25,1,7,4
woo-b001,SEA,OAK,SEA202409270,2024-09-27,0,1,15,8,19,1,3,0
woo-b001,SEA,ATH,SEA202503300,2025-03-30,0,1,18,5,23,2,3,1
woo-b001,SEA,SFN,SFN202504060,2025-04-06,0,0,18,6,24,1,5,4
woo-b001,SEA,TEX,SEA202504120,2025-04-12,0,1,21,7,27,1,6,1
woo-b001,SEA,TOR,TOR202504180,2025-04-18,0,0,21,4,30,2,7,3
woo-b001,SEA,BOS,BOS202504240,2025-04-24,0,0,18,8,23,1,3,2
woo-b001,SEA,TEX,TEX202505020,2025-05-02,0,0,19,8,20,0,1,0
woo-b001,SEA,ATH,ATH202505070,2025-05-07,0,0,18,6,27,1,8,5
woo-b001,SEA,NYA,SEA202505130,2025-05-13,0,1,19,6,23,0,4,0
woo-b001,SEA,SDN,SDN202505180,2025-05-18,0,0,21,5,25,0,5,1
woo-b001,SEA,HOU,HOU202505240,2025-05-24,0,0,18,5,27,0,10,2
woo-b001,SEA,MIN,SEA202505300,2025-05-30,0,1,20,3,27,1,6,3
woo-b001,SEA,BAL,SEA202506050,2025-06-05,0,1,18,6,24,2,4,4
woo-b001,SEA,ARI,ARI202506110,2025-06-11,0,0,18,3,26,1,7,5
woo-b001,SEA,BOS,SEA202506170,2025-06-17,0,1,21,6,24,2,1,0
woo-b001,SEA,MIN,MIN202506230,2025-06-23,0,0,18,9,26,1,6,2
woo-b001,SEA,TEX,TEX202506280,2025-06-28,0,0,18,9,24,2,5,0
woo-b001,SEA,PIT,SEA202507040,2025-07-04,0,1,18,8,23,2,3,0
woo-b001,SEA,NYA,NYA202507100,2025-07-10,0,0,22,5,25,2,2,2
woo-b001,SEA,HOU,SEA202507200,2025-07-20,0,1,18,6,26,1,6,4
woo-b001,SEA,ANA,ANA202507250,2025-07-25,0,0,18,6,24,2,4,2
woo-b001,SEA,ATH,ATH202507300,2025-07-30,0,0,19,6,27,1,8,5
woo-b001,SEA,CHA,SEA202508050,2025-08-05,0,1,21,9,23,0,2,1
woo-b001,SEA,TBA,SEA202508100,2025-08-10,0,1,18,9,26,1,7,3
woo-b001,SEA,NYN,NYN202508160,2025-08-16,0,0,18,8,26,2,6,1
woo-b001,SEA,ATH,SEA202508220,2025-08-22,0,1,21,7,24,2,1,1
woo-b001,SEA,SDN,SEA202508270,2025-08-27,0,1,17,6,25,1,6,2
woo-b001,SEA,TBA,TBA202509020,2025-09-02,0,0,15,3,22,3,4,3
woo-b001,SEA,SLN,SEA202509080,2025-09-08,0,1,18,9,21,0,3,2
woo-b001,SEA,ANA,SEA202509130,2025-09-13,0,1,18,13,22,1,3,2
woo-b001,SEA,HOU,HOU202509190,2025-09-19,0,0,15,7,17,1,1,0
wooda002,OAK,CLE,OAK202403280,2024-03-28,0,1,10,3,18,1,7,6
wooda002,OAK,BOS,OAK202404020,2024-04-02,0,1,15,7,24,2,6,3
wooda002,OAK,TEX,TEX202404090,2024-04-09,0,0,12,2,18,3,5,2
wooda002,OAK,WAS,OAK202404140,2024-04-14,0,1,13,4,25,4,7,4
wooda002,OAK,CLE,CLE202404200,2024-04-20,0,0,15,4,23,1,8,4
wooda002,OAK,NYA,NYA202404250,2024-04-25,0,0,17,5,25,2,8,1
wooda002,OAK,PIT,OAK202404300,2024-04-30,0,1,12,4,20,4,4,2
wooda002,OAK,TEX,OAK202405060,2024-05-06,0,1,18,3,21,1,2,0
wooda002,OAK,SEA,SEA202405120,2024-05-12,0,0,6,1,12,1,4,1
woodb005,MIL,MIA,MIA202507060,2025-07-06,0,0,18,8,20,0,2,1
woodb005,MIL,WAS,MIL202507120,2025-07-12,0,1,13,10,18,0,5,2
woodb005,MIL,SEA,SEA202507210,2025-07-21,0,0,18,5,21,0,2,0
woodb005,MIL,MIA,MIL202507270,2025-07-27,0,1,18,6,25,3,4,2
woodb005,MIL,WAS,WAS202508020,2025-08-02,0,0,18,8,20,1,1,2
woodb005,MIL,NYN,MIL202508080,2025-08-08,0,1,21,8,25,2,3,2
woodb005,MIL,PIT,MIL202508130,2025-08-13,0,1,12,4,18,2,4,0
woodb005,MIL,CHN,CHN202508192,2025-08-19,2,0,13,6,21,3,5,3
woodb005,MIL,ARI,MIL202508250,2025-08-25,0,1,17,8,24,1,5,5
woodb005,MIL,TOR,TOR202508310,2025-08-31,0,0,13,3,27,2,10,5
woodb005,MIL,PIT,PIT202509060,2025-09-06,0,0,18,8,20,0,2,0
woodb005,MIL,ANA,MIL202509170,2025-09-17,0,1,15,9,18,0,2,1
woodj003,CHA,TOR,CHA202405280,2024-05-28,0,1,13,4,20,2,5,3
woodj003,CHA,BOS,CHA202406060,2024-06-06,0,1,12,3,26,3,10,7
woodj003,PIT,HOU,HOU202407310,2024-07-31,0,0,15,3,20,0,2,0
woodj003,PIT,SDN,SDN202408120,2024-08-12,0,0,18,2,20,0,3,1
woodj003,PIT,SEA,PIT202408180,2024-08-18,0,1,12,4,23,1,9,5
woodj003,PIT,CIN,PIT202408240,2024-08-24,0,1,10,3,20,3,7,7
woodj003,PIT,SLN,SLN202409180,2024-09-18,0,0,14,5,22,0,8,4
woods002,MIN,DET,DET202404132,2024-04-13,2,0,18,5,21,1,2,1
woods002,MIN,CHA,MIN202404250,2024-04-25,0,1,15,6,23,1,7,2
woods002,MIN,CHA,CHA202404300,2024-04-30,0,0,11,2,19,2,7,1
woods002,MIN,SEA,MIN202405060,2024-05-06,0,1,18,8,20,1,1,0
woods002,MIN,TOR,TOR202405110,2024-05-11,0,0,13,2,21,1,8,5
woods002,MIN,CLE,CLE202405170,2024-05-17,0,0,16,2,21,0,4,1
woods002,MIN,WAS,WAS202405220,2024-05-22,0,0,14,1,18,1,3,0
woods002,MIN,KCA,MIN202405280,2024-05-28,0,1,15,4,20,2,3,2
woods002,MIN,HOU,HOU202406020,2024-06-02,0,0,13,6,18,2,3,3
woods002,MIN,PIT,PIT202406080,2024-06-08,0,0,19,6,26,0,6,1
woods002,MIN,OAK,MIN202406140,2024-06-14,0,1,12,4,20,4,4,4
woods002,MIN,TBA,MIN202406200,2024-06-20,0,1,18,6,24,2,4,2
woods002,MIN,ARI,ARI202406260,2024-06-26,0,0,16,4,22,2,4,3
woods002,MIN,DET,MIN202407020,2024-07-02,0,1,17,4,23,2,4,3
woods002,MIN,HOU,MIN202407070,2024-07-07,0,1,18,4,23,2,3,2
woods002,MIN,SFN,SFN202407130,2024-07-13,0,0,13,7,21,1,7,2
woods002,MIN,PHI,MIN202407230,2024-07-23,0,1,18,5,20,1,3,0
woods002,MIN,NYN,NYN202407290,2024-07-29,0,0,10,2,20,3,7,6
woods002,MIN,CHA,MIN202408040,2024-08-04,0,1,12,6,21,3,6,3
woods002,MIN,CLE,MIN202408100,2024-08-10,0,1,21,7,25,0,4,2
woods002,MIN,TEX,TEX202408160,2024-08-16,0,0,15,1,20,2,3,2
woods002,MIN,SDN,SDN202408210,2024-08-21,0,0,15,7,21,2,4,1
woods002,MIN,ATL,MIN202408270,2024-08-27,0,1,14,3,20,3,3,4
woods002,MIN,TBA,TBA202409020,2024-09-02,0,0,11,2,19,2,6,3
woods002,MIN,KCA,KCA202409080,2024-09-08,0,0,13,2,19,3,3,2
woods002,MIN,CIN,MIN202409140,2024-09-14,0,1,9,3,15,3,5,3
woods002,MIN,CLE,CLE202409190,2024-09-19,0,0,14,6,19,1,5,1
woods002,MIN,MIA,MIN202409250,2024-09-25,0,1,3,2,10,1,6,3
woods002,MIN,CHA,CHA202504010,2025-04-01,0,0,12,5,17,1,5,2
woods002,MIN,KCA,KCA202504070,2025-04-07,0,0,17,6,28,4,8,4
woods002,MIN,DET,MIN202504130,2025-04-13,0,1,15,5,21,0,5,1
woods002,MIN,ANA,MIN202504260,2025-04-26,0,1,16,7,20,0,4,1
woods002,MIN,CLE,CLE202505010,2025-05-01,0,0,14,4,20,5,2,2
woods002,MIN,BAL,MIN202505070,2025-05-07,0,1,14,1,18,1,5,2
woods002,MIN,BAL,BAL202505142,2025-05-14,2,0,12,4,21,2,8,6
woods002,MIN,TEX,MIN202506100,2025-06-10,0,1,14,4,26,3,8,6
woods002,MIN,HOU,HOU202506150,2025-06-15,0,0,15,4,17,1,1,0
woods002,MIN,MIL,MIN202506210,2025-06-21,0,1,18,3,26,3,4,3
woods002,MIN,SEA,MIN202506260,2025-06-26,0,1,15,6,18,1,2,0
woods002,MIN,MIA,MIA202507020,2025-07-02,0,0,15,3,19,2,2,1
woods002,MIN,CHN,MIN202507080,2025-07-08,0,1,15,4,19,3,2,0
woods002,MIN,PIT,MIN202507130,2025-07-13,0,1,14,3,21,1,6,1
woods002,MIN,LAN,LAN202507220,2025-07-22,0,0,9,2,14,5,2,3
woods002,MIN,BOS,MIN202507280,2025-07-28,0,1,14,5,23,2,7,3
woods002,MIN,TOR,TOR202508270,2025-08-27,0,0,11,2,18,2,5,5
woods002,MIN,CHA,MIN202509020,2025-09-02,0,1,15,7,21,3,2,2
woods002,MIN,ANA,ANA202509080,2025-09-08,0,0,15,6,21,1,5,3
woods002,MIN,NYA,MIN202509150,2025-09-15,0,1,18,11,22,3,2,0
woods002,MIN,CLE,MIN202509210,2025-09-21,0,1,15,3,21,2,3,2
woods002,MIN,PHI,PHI202509280,2025-09-28,0,0,18,9,19,0,1,0
wrobj001,LAN,MIL,LAN202407070,2024-07-07,0,1,15,4,19,2,5,4
wrobj001,LAN,DET,DET202407130,2024-07-13,0,0,15,4,23,2,5,3
wrobj001,LAN,BOS,LAN202407200,2024-07-20,0,1,13,5,17,2,3,0
wrobj001,LAN,HOU,HOU202407270,2024-07-27,0,0,17,2,21,1,4,2
wrobj001,LAN,SLN,SLN202408160,2024-08-16,0,0,15,3,20,2,4,4
wrobj001,LAN,ARI,ARI202409010,2024-09-01,0,0,16,2,29,2,10,10
wrobj001,LAN,WAS,WAS202504080,2025-04-08,0,0,15,4,26,3,8,8
wrobj001,LAN,SLN,SLN202506060,2025-06-06,0,0,18,5,26,3,6,4
yamay001,LAN,SDN,LAN202403210,2024-03-21,0,1,3,2,9,1,4,5
yamay001,LAN,SLN,LAN202403300,2024-03-30,0,1,15,5,17,0,2,0
yamay001,LAN,CHN,CHN202404060,2024-04-06,0,0,15,8,21,2,3,0
yamay001,LAN,SDN,LAN202404120,2024-04-12,0,1,15,6,19,1,4,3
yamay001,LAN,NYN,LAN202404190,2024-04-19,0,1,18,9,27,1,7,3
yamay001,LAN,WAS,WAS202404250,2024-04-25,0,0,18,7,23,1,4,0
yamay001,LAN,ARI,ARI202405010,2024-05-01,0,0,18,5,24,2,5,0
yamay001,LAN,MIA,LAN202405070,2024-05-07,0,1,24,5,29,0,5,2
yamay001,LAN,SFN,SFN202405130,2024-05-13,0,0,17,6,24,2,5,4
yamay001,LAN,ARI,LAN202405200,2024-05-20,0,1,19,8,27,1,7,2
yamay001,LAN,CIN,CIN202405260,2024-05-26,0,0,15,8,23,2,6,4
yamay001,LAN,COL,LAN202406010,2024-06-01,0,1,18,7,25,1,7,1
yamay001,LAN,NYA,NYA202406070,2024-06-07,0,0,21,7,25,2,2,0
yamay001,LAN,KCA,LAN202406150,2024-06-15,0,1,6,1,8,1,1,0
yamay001,LAN,CHN,LAN202409100,2024-09-10,0,1,12,8,15,0,3,0
yamay001,LAN,ATL,ATL202409160,2024-09-16,0,0,12,3,17,2,4,0
yamay001,LAN,COL,LAN202409220,2024-09-22,0,1,9,4,17,3,5,4
yamay001,LAN,COL,COL202409280,2024-09-28,0,0,15,6,18,0,4,2
yamay001,LAN,CHN,CHN202503180,2025-03-18,0,0,15,4,19,1,3,1
yamay001,LAN,DET,LAN202503280,2025-03-28,0,1,15,10,22,2,5,2
yamay001,LAN,PHI,PHI202504040,2025-04-04,0,0,18,5,22,3,3,0
yamay001,LAN,CHN,LAN202504110,2025-04-11,0,1,18,9,20,1,2,0
yamay001,LAN,TEX,TEX202504180,2025-04-18,0,0,21,10,25,0,5,0
yamay001,LAN,PIT,LAN202504250,2025-04-25,0,1,15,5,24,4,5,1
yamay001,LAN,ATL,ATL202505020,2025-05-02,0,0,18,6,21,2,1,0
yamay001,LAN,ARI,ARI202505080,2025-05-08,0,0,15,4,22,1,6,5
yamay001,LAN,ATH,LAN202505140,2025-05-14,0,1,18,6,24,2,4,3
yamay001,LAN,ARI,LAN202505200,2025-05-20,0,1,21,9,24,2,1,0
yamay001,LAN,CLE,CLE202505260,2025-05-26,0,0,18,7,23,2,3,2
yamay001,LAN,NYA,LAN202506010,2025-06-01,0,1,11,2,21,3,7,4
yamay001,LAN,SLN,SLN202506070,2025-06-07,0,0,18,9,24,2,4,0
yamay001,LAN,SFN,LAN202506130,2025-06-13,0,1,14,4,24,5,6,5
yamay001,LAN,SDN,LAN202506190,2025-06-19,0,1,19,5,25,0,7,3
yamay001,LAN,COL,COL202506250,2025-06-25,0,0,15,6,16,1,1,0
yamay001,LAN,CHA,LAN202507010,2025-07-01,0,1,21,8,25,1,3,1
yamay001,LAN,MIL,MIL202507070,2025-07-07,0,0,2,0,9,2,4,3
yamay001,LAN,SFN,SFN202507130,2025-07-13,0,0,21,7,26,2,3,0
yamay001,LAN,MIN,LAN202507220,2025-07-22,0,1,15,8,21,1,6,3
yamay001,LAN,CIN,CIN202507280,2025-07-28,0,0,21,9,27,2,4,1
yamay001,LAN,TBA,TBA202508030,2025-08-03,0,0,17,6,23,0,5,0
yamay001,LAN,ANA,ANA202508110,2025-08-11,0,0,14,6,25,5,6,6
yamay001,LAN,COL,COL202508180,2025-08-18,0,0,21,6,27,2,4,3
yamay001,LAN,SDN,SDN202508240,2025-08-24,0,0,18,6,23,2,4,2
yamay001,LAN,ARI,LAN202508310,2025-08-31,0,1,21,10,25,0,4,1
yamay001,LAN,BAL,BAL202509060,2025-09-06,0,0,26,10,28,2,1,1
yamay001,LAN,SFN,SFN202509120,2025-09-12,0,0,21,10,23,1,1,1
yamay001,LAN,SFN,LAN202509180,2025-09-18,0,1,16,7,22,6,1,0
yamay001,LAN,ARI,ARI202509250,2025-09-25,0,0,18,7,24,2,4,0
yarbr001,NYA,TBA,NYA202505030,2025-05-03,0,1,12,2,16,3,1,1
yarbr001,NYA,ATH,ATH202505110,2025-05-11,0,0,15,2,21,1,6,2
yarbr001,NYA,TEX,NYA202505210,2025-05-21,0,1,15,8,18,0,3,1
yarbr001,NYA,ANA,ANA202505260,2025-05-26,0,0,18,7,21,1,2,1
yarbr001,NYA,LAN,LAN202506010,2025-06-01,0,0,18,5,21,0,4,1
yarbr001,NYA,BOS,NYA202506070,2025-06-07,0,1,12,3,24,2,9,8
yarbr001,NYA,BOS,BOS202506130,2025-06-13,0,0,14,3,20,3,4,1
yarbr001,NYA,ANA,NYA202506180,2025-06-18,0,1,16,3,20,1,5,2
yesat001,TOR,TBA,TBA202509150,2025-09-15,0,0,15,9,20,2,3,1
yesat001,TOR,KCA,KCA202509210,2025-09-21,0,0,12,2,20,3,5,4
yesat001,TOR,TBA,TOR202509270,2025-09-27,0,1,15,5,22,2,5,0
younb001,BAL,CIN,BAL202504190,2025-04-19,0,1,12,3,19,3,7,3
younb001,BAL,DET,DET202504261,2025-04-26,1,0,14,6,23,5,4,3
younb001,BAL,TEX,BAL202506250,2025-06-25,0,1,12,2,18,1,5,4
younb001,BAL,TEX,TEX202507010,2025-07-01,0,0,12,4,19,2,6,3
younb001,BAL,NYN,BAL202507080,2025-07-08,0,1,16,6,20,0,5,2
younb001,BAL,MIA,BAL202507130,2025-07-13,0,1,13,4,22,0,9,7
younb001,BAL,CLE,CLE202507220,2025-07-22,0,0,13,3,20,3,4,3
younb001,BAL,TOR,BAL202507292,2025-07-29,2,1,18,6,25,2,6,2
younb001,BAL,CHN,CHN202508030,2025-08-03,0,0,14,4,21,2,5,0
younb001,BAL,ATH,BAL202508090,2025-08-09,0,1,9,2,17,2,6,6
younb001,BAL,HOU,HOU202508150,2025-08-15,0,0,24,6,25,0,1,0
younb001,BAL,HOU,BAL202508210,2025-08-21,0,1,16,1,27,2,9,7
zastr001,MIL,COL,COL202407010,2024-07-01,0,0,3,0,3,0,0,0
zastr001,MIL,WAS,MIL202407140,2024-07-14,0,1,4,1,4,0,0,0
zastr001,MIL,CHN,CHN202407240,2024-07-24,0,0,3,0,7,0,4,1
zastr001,MIL,BAL,MIL202505190,2025-05-19,0,1,3,2,3,0,0,0
zefer001,ANA,PHI,PHI202507180,2025-07-18,0,0,3,2,4,0,1,1
zerpa001,KCA,NYN,KCA202507120,2025-07-12,0,1,3,1,3,0,0,0
zerpa001,KCA,ATL,KCA202507300,2025-07-30,0,1,3,0,4,0,1,0
zimmb002,MIL,SDN,SDN202509230,2025-09-23,0,0,18,1,28,2,7,5
