team_key,game_key,game_date,team_so,team_pa
ANA,BAL202403280,2024-03-28,14,31
ANA,BAL202403300,2024-03-30,13,37
ANA,BAL202403310,2024-03-31,8,33
ANA,MIA202404010,2024-04-01,7,39
ANA,MIA202404020,2024-04-02,6,34
ANA,MIA202404030,2024-04-03,7,47
ANA,ANA202404050,2024-04-05,10,41
ANA,ANA202404060,2024-04-06,10,36
ANA,ANA202404070,2024-04-07,8,38
ANA,ANA202404080,2024-04-08,7,40
ANA,ANA202404090,2024-04-09,7,38
ANA,ANA202404100,2024-04-10,12,38
ANA,BOS202404120,2024-04-12,6,41
ANA,BOS202404130,2024-04-13,10,36
ANA,BOS202404140,2024-04-14,11,39
ANA,TBA202404150,2024-04-15,6,41
ANA,TBA202404160,2024-04-16,13,48
ANA,TBA202404170,2024-04-17,9,40
ANA,TBA202404180,2024-04-18,11,35
ANA,CIN202404190,2024-04-19,9,34
ANA,CIN202404200,2024-04-20,7,37
ANA,CIN202404210,2024-04-21,6,36
ANA,ANA202404220,2024-04-22,8,38
ANA,ANA202404230,2024-04-23,12,35
ANA,ANA202404240,2024-04-24,16,34
ANA,ANA202404260,2024-04-26,10,37
ANA,ANA202404270,2024-04-27,5,39
ANA,ANA202404280,2024-04-28,14,35
ANA,ANA202404290,2024-04-29,3,35
ANA,ANA202404300,2024-04-30,9,37
ANA,ANA202405010,2024-05-01,11,39
ANA,CLE202405030,2024-05-03,7,38
ANA,CLE202405040,2024-05-04,8,34
ANA,CLE202405050,2024-05-05,7,33
ANA,PIT202405060,2024-05-06,5,31
ANA,PIT202405070,2024-05-07,6,46
ANA,PIT202405080,2024-05-08,9,36
ANA,ANA202405090,2024-05-09,7,38
ANA,ANA202405100,2024-05-10,9,35
ANA,ANA202405110,2024-05-11,4,37
ANA,ANA202405120,2024-05-12,12,33
ANA,ANA202405130,2024-05-13,5,36
ANA,ANA202405140,2024-05-14,13,42
ANA,ANA202405150,2024-05-15,10,40
ANA,TEX202405170,2024-05-17,11,46
ANA,TEX202405180,2024-05-18,12,48
ANA,TEX202405190,2024-05-19,7,35
ANA,HOU202405200,2024-05-20,4,41
ANA,HOU202405210,2024-05-21,8,43
ANA,HOU202405220,2024-05-22,5,33
ANA,ANA202405240,2024-05-24,10,37
ANA,ANA202405250,2024-05-25,11,35
ANA,ANA202405260,2024-05-26,8,36
ANA,ANA202405280,2024-05-28,7,32
ANA,ANA202405290,2024-05-29,9,32
ANA,ANA202405300,2024-05-30,7,35
ANA,SEA202405310,2024-05-31,8,33
ANA,SEA202406010,2024-06-01,12,33
ANA,SEA202406020,2024-06-02,9,36
ANA,ANA202406030,2024-06-03,4,28
ANA,ANA202406040,2024-06-04,2,31
ANA,ANA202406050,2024-06-05,7,30
ANA,ANA202406070,2024-06-07,8,31
ANA,ANA202406080,2024-06-08,9,41
ANA,ANA202406090,2024-06-09,8,42
ANA,ARI202406110,2024-06-11,5,38
ANA,ARI202406120,2024-06-12,8,45
ANA,ARI202406130,2024-06-13,8,36
ANA,SFN202406140,2024-06-14,3,44
ANA,SFN202406150,2024-06-15,8,37
ANA,SFN202406160,2024-06-16,8,39
ANA,ANA202406170,2024-06-17,7,32
ANA,ANA202406180,2024-06-18,9,39
ANA,ANA202406190,2024-06-19,10,33
ANA,LAN202406210,2024-06-21,8,40
ANA,LAN202406220,2024-06-22,12,31
ANA,ANA202406240,2024-06-24,6,36
ANA,ANA202406250,2024-06-25,7,37
ANA,ANA202406260,2024-06-26,12,36
ANA,ANA202406270,2024-06-27,11,34
ANA,ANA202406280,2024-06-28,10,33
ANA,ANA202406290,2024-06-29,11,41
ANA,ANA202406300,2024-06-30,8,37
ANA,OAK202407020,2024-07-02,9,39
ANA,OAK202407030,2024-07-03,4,30
ANA,OAK202407040,2024-07-04,11,36
ANA,CHN202407050,2024-07-05,7,32
ANA,CHN202407060,2024-07-06,3,45
ANA,CHN202407070,2024-07-07,3,33
ANA,ANA202407080,2024-07-08,8,36
ANA,ANA202407090,2024-07-09,9,36
ANA,ANA202407100,2024-07-10,8,37
ANA,ANA202407110,2024-07-11,8,36
ANA,ANA202407120,2024-07-12,10,40
ANA,ANA202407130,2024-07-13,8,30
ANA,ANA202407140,2024-07-14,11,29
ANA,OAK202407190,2024-07-19,8,36
ANA,OAK202407200,2024-07-20,6,37
ANA,OAK202407210,2024-07-21,9,46
ANA,SEA202407220,2024-07-22,7,37
ANA,SEA202407230,2024-07-23,10,34
ANA,SEA202407240,2024-07-24,13,36
ANA,ANA202407250,2024-07-25,8,34
ANA,ANA202407260,2024-07-26,4,37
ANA,ANA202407270,2024-07-27,6,34
ANA,ANA202407280,2024-07-28,8,42
ANA,ANA202407300,2024-07-30,9,44
ANA,ANA202407310,2024-07-31,9,32
ANA,ANA202408010,2024-08-01,6,41
ANA,ANA202408020,2024-08-02,10,33
ANA,ANA202408030,2024-08-03,7,36
ANA,ANA202408040,2024-08-04,10,32
ANA,NYA202408072,2024-08-07,10,41
ANA,NYA202408071,2024-08-07,10,39
ANA,NYA202408080,2024-08-08,5,43
ANA,WAS202408090,2024-08-09,10,42
ANA,WAS202408100,2024-08-10,5,43
ANA,WAS202408110,2024-08-11,5,47
ANA,ANA202408120,2024-08-12,8,30
ANA,ANA202408130,2024-08-13,10,35
ANA,ANA202408140,2024-08-14,6,33
ANA,ANA202408160,2024-08-16,13,33
ANA,ANA202408170,2024-08-17,15,39
ANA,ANA202408180,2024-08-18,14,33
ANA,KCA202408190,2024-08-19,10,35
ANA,KCA202408200,2024-08-20,13,47
ANA,KCA202408210,2024-08-21,8,34
ANA,TOR202408220,2024-08-22,10,36
ANA,TOR202408230,2024-08-23,11,34
ANA,TOR202408240,2024-08-24,13,31
ANA,TOR202408250,2024-08-25,13,30
ANA,DET202408270,2024-08-27,7,35
ANA,DET202408280,2024-08-28,11,35
ANA,DET202408290,2024-08-29,9,35
ANA,ANA202408300,2024-08-30,4,37
ANA,ANA202408310,2024-08-31,4,33
ANA,ANA202409010,2024-09-01,9,33
ANA,ANA202409030,2024-09-03,9,36
ANA,ANA202409040,2024-09-04,10,39
ANA,TEX202409050,2024-09-05,11,33
ANA,TEX202409060,2024-09-06,4,37
ANA,TEX202409070,2024-09-07,11,35
ANA,TEX202409080,2024-09-08,10,35
ANA,MIN202409090,2024-09-09,8,39
ANA,MIN202409100,2024-09-10,13,38
ANA,MIN202409110,2024-09-11,14,40
ANA,ANA202409130,2024-09-13,10,32
ANA,ANA202409140,2024-09-14,5,36
ANA,ANA202409150,2024-09-15,9,38
ANA,ANA202409160,2024-09-16,11,34
ANA,ANA202409170,2024-09-17,6,36
ANA,ANA202409180,2024-09-18,14,52
ANA,HOU202409190,2024-09-19,11,34
ANA,HOU202409200,2024-09-20,12,42
ANA,HOU202409210,2024-09-21,16,40
ANA,HOU202409220,2024-09-22,8,40
ANA,CHA202409240,2024-09-24,11,34
ANA,CHA202409250,2024-09-25,10,43
ANA,CHA202409260,2024-09-26,10,33
ANA,ANA202409270,2024-09-27,11,36
ANA,ANA202409280,2024-09-28,8,42
ANA,ANA202409290,2024-09-29,8,35
ANA,CHA202503270,2025-03-27,10,35
ANA,CHA202503290,2025-03-29,7,36
ANA,CHA202503300,2025-03-30,6,34
ANA,SLN202503310,2025-03-31,10,39
ANA,SLN202504010,2025-04-01,6,42
ANA,SLN202504020,2025-04-02,11,36
ANA,ANA202504040,2025-04-04,14,45
ANA,ANA202504050,2025-04-05,9,41
ANA,ANA202504060,2025-04-06,5,36
ANA,TBA202504080,2025-04-08,7,39
ANA,TBA202504090,2025-04-09,8,39
ANA,TBA202504100,2025-04-10,5,42
ANA,HOU202504110,2025-04-11,10,36
ANA,HOU202504120,2025-04-12,10,37
ANA,HOU202504130,2025-04-13,16,37
ANA,TEX202504150,2025-04-15,11,33
ANA,TEX202504160,2025-04-16,9,33
ANA,TEX202504170,2025-04-17,11,33
ANA,ANA202504180,2025-04-18,12,29
ANA,ANA202504190,2025-04-19,10,33
ANA,ANA202504200,2025-04-20,9,35
ANA,ANA202504220,2025-04-22,12,34
ANA,ANA202504230,2025-04-23,12,30
ANA,ANA202504240,2025-04-24,7,32
ANA,MIN202504250,2025-04-25,10,39
ANA,MIN202504260,2025-04-26,13,32
ANA,MIN202504270,2025-04-27,13,32
ANA,SEA202504290,2025-04-29,11,36
ANA,SEA202504300,2025-04-30,4,39
ANA,ANA202505010,2025-05-01,6,35
ANA,ANA202505020,2025-05-02,12,30
ANA,ANA202505030,2025-05-03,10,34
ANA,ANA202505040,2025-05-04,12,37
ANA,ANA202505060,2025-05-06,6,36
ANA,ANA202505070,2025-05-07,14,40
ANA,ANA202505080,2025-05-08,13,39
ANA,ANA202505090,2025-05-09,8,32
ANA,ANA202505100,2025-05-10,8,37
ANA,ANA202505110,2025-05-11,10,34
ANA,SDN202505120,2025-05-12,16,42
ANA,SDN202505130,2025-05-13,11,34
ANA,SDN202505140,2025-05-14,7,32
ANA,LAN202505160,2025-05-16,15,41
ANA,LAN202505170,2025-05-17,6,45
ANA,LAN202505180,2025-05-18,8,40
ANA,ATH202505190,2025-05-19,13,35
ANA,ATH202505200,2025-05-20,9,42
ANA,ATH202505210,2025-05-21,8,42
ANA,ATH202505220,2025-05-22,10,45
ANA,ANA202505230,2025-05-23,10,35
ANA,ANA202505240,2025-05-24,7,35
ANA,ANA202505250,2025-05-25,15,32
ANA,ANA202505260,2025-05-26,11,34
ANA,ANA202505270,2025-05-27,11,35
ANA,ANA202505280,2025-05-28,8,33
ANA,CLE202505300,2025-05-30,10,42
ANA,CLE202505310,2025-05-31,9,38
ANA,CLE202506010,2025-06-01,11,34
ANA,BOS202506020,2025-06-02,5,38
ANA,BOS202506030,2025-06-03,6,41
ANA,BOS202506040,2025-06-04,8,42
ANA,ANA202506060,2025-06-06,7,33
ANA,ANA202506070,2025-06-07,6,42
ANA,ANA202506080,2025-06-08,18,30
ANA,ANA202506090,2025-06-09,9,35
ANA,ANA202506100,2025-06-10,6,38
ANA,ANA202506110,2025-06-11,12,35
ANA,BAL202506130,2025-06-13,15,34
ANA,BAL202506140,2025-06-14,10,41
ANA,BAL202506150,2025-06-15,8,33
ANA,NYA202506160,2025-06-16,7,42
ANA,NYA202506170,2025-06-17,13,38
ANA,NYA202506180,2025-06-18,7,39
ANA,NYA202506190,2025-06-19,10,35
ANA,ANA202506200,2025-06-20,12,42
ANA,ANA202506210,2025-06-21,9,40
ANA,ANA202506220,2025-06-22,13,39
ANA,ANA202506230,2025-06-23,8,42
ANA,ANA202506240,2025-06-24,15,36
ANA,ANA202506250,2025-06-25,12,38
ANA,ANA202506270,2025-06-27,7,43
ANA,ANA202506280,2025-06-28,6,36
ANA,ANA202506290,2025-06-29,7,43
ANA,ATL202507010,2025-07-01,10,43
ANA,ATL202507020,2025-07-02,12,36
ANA,ATL202507030,2025-07-03,12,43
ANA,TOR202507040,2025-07-04,11,40
ANA,TOR202507050,2025-07-05,9,44
ANA,TOR202507060,2025-07-06,14,41
ANA,ANA202507070,2025-07-07,8,38
ANA,ANA202507080,2025-07-08,9,33
ANA,ANA202507090,2025-07-09,2,39
ANA,ANA202507100,2025-07-10,13,38
ANA,ANA202507110,2025-07-11,4,45
ANA,ANA202507120,2025-07-12,6,40
ANA,ANA202507130,2025-07-13,9,35
ANA,PHI202507180,2025-07-18,12,40
ANA,PHI202507190,2025-07-19,12,38
ANA,PHI202507200,2025-07-20,6,48
ANA,NYN202507210,2025-07-21,10,40
ANA,NYN202507220,2025-07-22,11,39
ANA,NYN202507230,2025-07-23,9,39
ANA,ANA202507240,2025-07-24,7,39
ANA,ANA202507250,2025-07-25,11,37
ANA,ANA202507260,2025-07-26,10,36
ANA,ANA202507270,2025-07-27,9,32
ANA,ANA202507280,2025-07-28,13,34
ANA,ANA202507290,2025-07-29,9,40
ANA,ANA202507300,2025-07-30,8,36
ANA,ANA202508010,2025-08-01,11,35
ANA,ANA202508020,2025-08-02,9,30
ANA,ANA202508030,2025-08-03,9,40
ANA,ANA202508040,2025-08-04,6,35
ANA,ANA202508050,2025-08-05,12,34
ANA,ANA202508060,2025-08-06,16,38
ANA,DET202508080,2025-08-08,10,36
ANA,DET202508090,2025-08-09,13,39
ANA,DET202508100,2025-08-10,7,38
ANA,ANA202508110,2025-08-11,8,38
ANA,ANA202508120,2025-08-12,9,42
ANA,ANA202508130,2025-08-13,10,36
ANA,ATH202508150,2025-08-15,13,36
ANA,ATH202508160,2025-08-16,11,39
ANA,ATH202508170,2025-08-17,12,49
ANA,ANA202508180,2025-08-18,10,37
ANA,ANA202508190,2025-08-19,15,36
ANA,ANA202508200,2025-08-20,10,33
ANA,ANA202508220,2025-08-22,9,32
ANA,ANA202508230,2025-08-23,10,33
ANA,ANA202508240,2025-08-24,9,36
ANA,TEX202508250,2025-08-25,12,37
ANA,TEX202508260,2025-08-26,9,33
ANA,TEX202508270,2025-08-27,10,35
ANA,HOU202508290,2025-08-29,11,35
ANA,HOU202508300,2025-08-30,14,40
ANA,HOU202508310,2025-08-31,9,39
ANA,HOU202509010,2025-09-01,10,34
ANA,KCA202509020,2025-09-02,8,37
ANA,KCA202509030,2025-09-03,9,36
ANA,KCA202509040,2025-09-04,11,35
ANA,ANA202509050,2025-09-05,16,36
ANA,ANA202509060,2025-09-06,9,42
ANA,ANA202509070,2025-09-07,8,37
ANA,ANA202509080,2025-09-08,13,38
ANA,ANA202509090,2025-09-09,7,44
ANA,ANA202509100,2025-09-10,5,30
ANA,SEA202509110,2025-09-11,17,48
ANA,SEA202509120,2025-09-12,11,34
ANA,SEA202509130,2025-09-13,16,33
ANA,SEA202509140,2025-09-14,18,32
ANA,MIL202509160,2025-09-16,14,32
ANA,MIL202509170,2025-09-17,14,32
ANA,MIL202509180,2025-09-18,16,37
ANA,COL202509190,2025-09-19,10,36
ANA,COL202509200,2025-09-20,9,37
ANA,COL202509210,2025-09-21,12,33
ANA,ANA202509230,2025-09-23,13,34
ANA,ANA202509240,2025-09-24,6,34
ANA,ANA202509250,2025-09-25,13,34
ANA,ANA202509260,2025-09-26,4,32
ANA,ANA202509270,2025-09-27,11,34
ANA,ANA202509280,2025-09-28,9,36
ARI,ARI202403280,2024-03-28,9,44
ARI,ARI202403290,2024-03-29,2,40
ARI,ARI202403300,2024-03-30,5,40
ARI,ARI202403310,2024-03-31,6,31
ARI,ARI202404010,2024-04-01,7,37
ARI,ARI202404020,2024-04-02,7,39
ARI,ARI202404030,2024-04-03,11,45
ARI,ATL202404050,2024-04-05,8,45
ARI,ATL202404060,2024-04-06,6,43
ARI,ATL202404070,2024-04-07,8,33
ARI,COL202404080,2024-04-08,6,41
ARI,COL202404090,2024-04-09,8,39
ARI,COL202404100,2024-04-10,5,42
ARI,ARI202404120,2024-04-12,9,37
ARI,ARI202404130,2024-04-13,5,32
ARI,ARI202404140,2024-04-14,5,33
ARI,ARI202404150,2024-04-15,8,40
ARI,ARI202404160,2024-04-16,5,50
ARI,ARI202404170,2024-04-17,7,36
ARI,SFN202404180,2024-04-18,8,30
ARI,SFN202404190,2024-04-19,5,53
ARI,SFN202404200,2024-04-20,13,35
ARI,SFN202404210,2024-04-21,2,39
ARI,SLN202404220,2024-04-22,11,40
ARI,SLN202404230,2024-04-23,10,46
ARI,SLN202404240,2024-04-24,7,35
ARI,SEA202404260,2024-04-26,7,32
ARI,SEA202404270,2024-04-27,14,32
ARI,SEA202404280,2024-04-28,12,35
ARI,ARI202404290,2024-04-29,6,39
ARI,ARI202404300,2024-04-30,5,40
ARI,ARI202405010,2024-05-01,7,37
ARI,ARI202405030,2024-05-03,10,29
ARI,ARI202405040,2024-05-04,7,35
ARI,ARI202405050,2024-05-05,4,38
ARI,CIN202405070,2024-05-07,12,38
ARI,CIN202405080,2024-05-08,7,37
ARI,CIN202405090,2024-05-09,10,42
ARI,BAL202405100,2024-05-10,8,37
ARI,BAL202405110,2024-05-11,6,42
ARI,BAL202405120,2024-05-12,14,41
ARI,ARI202405130,2024-05-13,10,45
ARI,ARI202405140,2024-05-14,7,34
ARI,ARI202405150,2024-05-15,6,31
ARI,ARI202405170,2024-05-17,9,31
ARI,ARI202405180,2024-05-18,11,36
ARI,ARI202405190,2024-05-19,5,39
ARI,LAN202405200,2024-05-20,10,38
ARI,LAN202405210,2024-05-21,7,40
ARI,LAN202405220,2024-05-22,8,39
ARI,ARI202405240,2024-05-24,6,31
ARI,ARI202405250,2024-05-25,7,31
ARI,ARI202405260,2024-05-26,11,34
ARI,TEX202405280,2024-05-28,9,36
ARI,TEX202405290,2024-05-29,10,40
ARI,NYN202405300,2024-05-30,8,34
ARI,NYN202405310,2024-05-31,9,41
ARI,NYN202406010,2024-06-01,13,43
ARI,NYN202406020,2024-06-02,13,41
ARI,ARI202406030,2024-06-03,8,34
ARI,ARI202406040,2024-06-04,8,38
ARI,ARI202406050,2024-06-05,13,42
ARI,SDN202406060,2024-06-06,5,40
ARI,SDN202406070,2024-06-07,12,39
ARI,SDN202406080,2024-06-08,7,35
ARI,SDN202406090,2024-06-09,6,44
ARI,ARI202406110,2024-06-11,6,45
ARI,ARI202406120,2024-06-12,6,31
ARI,ARI202406130,2024-06-13,5,40
ARI,ARI202406140,2024-06-14,6,36
ARI,ARI202406150,2024-06-15,9,37
ARI,ARI202406160,2024-06-16,6,40
ARI,WAS202406180,2024-06-18,4,40
ARI,WAS202406190,2024-06-19,10,34
ARI,WAS202406200,2024-06-20,12,41
ARI,PHI202406210,2024-06-21,6,41
ARI,PHI202406220,2024-06-22,9,30
ARI,PHI202406230,2024-06-23,7,31
ARI,ARI202406250,2024-06-25,6,33
ARI,ARI202406260,2024-06-26,8,33
ARI,ARI202406270,2024-06-27,7,40
ARI,ARI202406280,2024-06-28,9,37
ARI,ARI202406290,2024-06-29,5,39
ARI,ARI202406300,2024-06-30,5,38
ARI,LAN202407020,2024-07-02,9,41
ARI,LAN202407030,2024-07-03,8,50
ARI,LAN202407040,2024-07-04,9,44
ARI,SDN202407050,2024-07-05,9,40
ARI,SDN202407060,2024-07-06,10,43
ARI,SDN202407070,2024-07-07,8,39
ARI,ARI202407080,2024-07-08,2,41
ARI,ARI202407090,2024-07-09,12,35
ARI,ARI202407100,2024-07-10,6,34
ARI,ARI202407110,2024-07-11,9,32
ARI,ARI202407120,2024-07-12,12,41
ARI,ARI202407130,2024-07-13,4,47
ARI,ARI202407140,2024-07-14,9,41
ARI,CHN202407190,2024-07-19,11,41
ARI,CHN202407200,2024-07-20,6,37
ARI,CHN202407210,2024-07-21,15,35
ARI,KCA202407220,2024-07-22,7,40
ARI,KCA202407230,2024-07-23,9,37
ARI,KCA202407240,2024-07-24,3,40
ARI,ARI202407260,2024-07-26,4,34
ARI,ARI202407270,2024-07-27,8,43
ARI,ARI202407280,2024-07-28,7,38
ARI,ARI202407290,2024-07-29,4,40
ARI,ARI202407300,2024-07-30,3,49
ARI,ARI202407310,2024-07-31,1,36
ARI,PIT202408020,2024-08-02,6,42
ARI,PIT202408030,2024-08-03,12,39
ARI,PIT202408040,2024-08-04,7,40
ARI,CLE202408050,2024-08-05,6,44
ARI,CLE202408071,2024-08-07,5,40
ARI,CLE202408072,2024-08-07,10,37
ARI,ARI202408080,2024-08-08,11,39
ARI,ARI202408090,2024-08-09,8,32
ARI,ARI202408100,2024-08-10,9,41
ARI,ARI202408110,2024-08-11,9,46
ARI,ARI202408120,2024-08-12,6,33
ARI,ARI202408130,2024-08-13,6,38
ARI,ARI202408140,2024-08-14,6,44
ARI,TBA202408160,2024-08-16,7,39
ARI,TBA202408170,2024-08-17,10,35
ARI,TBA202408180,2024-08-18,12,49
ARI,MIA202408190,2024-08-19,4,44
ARI,MIA202408200,2024-08-20,6,34
ARI,MIA202408210,2024-08-21,9,45
ARI,BOS202408230,2024-08-23,5,48
ARI,BOS202408240,2024-08-24,7,39
ARI,BOS202408250,2024-08-25,5,39
ARI,ARI202408270,2024-08-27,13,35
ARI,ARI202408280,2024-08-28,11,38
ARI,ARI202408290,2024-08-29,6,32
ARI,ARI202408300,2024-08-30,6,44
ARI,ARI202408310,2024-08-31,6,35
ARI,ARI202409010,2024-09-01,3,43
ARI,ARI202409020,2024-09-02,11,41
ARI,SFN202409030,2024-09-03,11,42
ARI,SFN202409040,2024-09-04,8,42
ARI,SFN202409050,2024-09-05,14,38
ARI,HOU202409060,2024-09-06,8,32
ARI,HOU202409070,2024-09-07,11,40
ARI,HOU202409080,2024-09-08,6,45
ARI,ARI202409100,2024-09-10,9,37
ARI,ARI202409110,2024-09-11,6,41
ARI,ARI202409130,2024-09-13,9,35
ARI,ARI202409140,2024-09-14,4,41
ARI,ARI202409150,2024-09-15,10,49
ARI,COL202409160,2024-09-16,6,33
ARI,COL202409170,2024-09-17,6,37
ARI,COL202409180,2024-09-18,8,44
ARI,MIL202409190,2024-09-19,11,39
ARI,MIL202409200,2024-09-20,9,43
ARI,MIL202409210,2024-09-21,7,40
ARI,MIL202409220,2024-09-22,15,44
ARI,ARI202409230,2024-09-23,11,38
ARI,ARI202409240,2024-09-24,5,34
ARI,ARI202409250,2024-09-25,8,40
ARI,ARI202409270,2024-09-27,7,39
ARI,ARI202409280,2024-09-28,7,34
ARI,ARI202409290,2024-09-29,6,43
ARI,ARI202503270,2025-03-27,4,40
ARI,ARI202503280,2025-03-28,7,39
ARI,ARI202503290,2025-03-29,7,38
ARI,ARI202503300,2025-03-30,6,46
ARI,NYA202504010,2025-04-01,11,38
ARI,NYA202504020,2025-04-02,6,35
ARI,NYA202504030,2025-04-03,9,39
ARI,WAS202504040,2025-04-04,6,39
ARI,WAS202504050,2025-04-05,2,36
ARI,WAS202504060,2025-04-06,11,39
ARI,ARI202504070,2025-04-07,3,33
ARI,ARI202504080,2025-04-08,5,34
ARI,ARI202504090,2025-04-09,8,41
ARI,ARI202504110,2025-04-11,5,30
ARI,ARI202504120,2025-04-12,7,41
ARI,ARI202504130,2025-04-13,7,40
ARI,MIA202504150,2025-04-15,10,41
ARI,MIA202504160,2025-04-16,9,39
ARI,MIA202504170,2025-04-17,16,43
ARI,CHN202504180,2025-04-18,9,46
ARI,CHN202504190,2025-04-19,10,38
ARI,CHN202504200,2025-04-20,11,43
ARI,ARI202504220,2025-04-22,3,33
ARI,ARI202504230,2025-04-23,5,47
ARI,ARI202504240,2025-04-24,7,38
ARI,ARI202504250,2025-04-25,8,39
ARI,ARI202504260,2025-04-26,8,39
ARI,ARI202504270,2025-04-27,7,36
ARI,NYN202504290,2025-04-29,7,37
ARI,NYN202504300,2025-04-30,9,37
ARI,NYN202505010,2025-05-01,11,41
ARI,PHI202505020,2025-05-02,8,36
ARI,PHI202505030,2025-05-03,13,35
ARI,PHI202505040,2025-05-04,9,48
ARI,ARI202505050,2025-05-05,10,37
ARI,ARI202505060,2025-05-06,6,37
ARI,ARI202505070,2025-05-07,6,35
ARI,ARI202505080,2025-05-08,5,34
ARI,ARI202505090,2025-05-09,6,45
ARI,ARI202505100,2025-05-10,8,33
ARI,ARI202505110,2025-05-11,7,34
ARI,SFN202505120,2025-05-12,8,35
ARI,SFN202505130,2025-05-13,9,42
ARI,SFN202505140,2025-05-14,6,45
ARI,ARI202505160,2025-05-16,2,39
ARI,ARI202505170,2025-05-17,7,49
ARI,ARI202505180,2025-05-18,7,32
ARI,LAN202505190,2025-05-19,5,41
ARI,LAN202505200,2025-05-20,13,40
ARI,LAN202505210,2025-05-21,11,35
ARI,SLN202505230,2025-05-23,5,37
ARI,SLN202505240,2025-05-24,7,40
ARI,SLN202505250,2025-05-25,7,39
ARI,ARI202505260,2025-05-26,3,37
ARI,ARI202505270,2025-05-27,10,39
ARI,ARI202505280,2025-05-28,11,36
ARI,ARI202505300,2025-05-30,5,40
ARI,ARI202505310,2025-05-31,6,39
ARI,ARI202506010,2025-06-01,5,32
ARI,ATL202506030,2025-06-03,7,39
ARI,ATL202506040,2025-06-04,12,39
ARI,ATL202506050,2025-06-05,7,43
ARI,CIN202506060,2025-06-06,12,35
ARI,CIN202506070,2025-06-07,8,36
ARI,CIN202506080,2025-06-08,8,33
ARI,ARI202506090,2025-06-09,10,49
ARI,ARI202506100,2025-06-10,9,39
ARI,ARI202506110,2025-06-11,5,35
ARI,ARI202506130,2025-06-13,9,36
ARI,ARI202506140,2025-06-14,12,40
ARI,ARI202506150,2025-06-15,14,31
ARI,TOR202506170,2025-06-17,7,41
ARI,TOR202506180,2025-06-18,12,35
ARI,TOR202506190,2025-06-19,8,41
ARI,COL202506200,2025-06-20,1,49
ARI,COL202506210,2025-06-21,9,39
ARI,COL202506220,2025-06-22,8,34
ARI,CHA202506230,2025-06-23,8,47
ARI,CHA202506240,2025-06-24,5,36
ARI,CHA202506250,2025-06-25,9,37
ARI,ARI202506270,2025-06-27,8,40
ARI,ARI202506280,2025-06-28,6,42
ARI,ARI202506290,2025-06-29,11,36
ARI,ARI202506300,2025-06-30,8,34
ARI,ARI202507010,2025-07-01,11,37
ARI,ARI202507020,2025-07-02,13,44
ARI,ARI202507030,2025-07-03,7,31
ARI,ARI202507040,2025-07-04,8,39
ARI,ARI202507050,2025-07-05,7,40
ARI,ARI202507060,2025-07-06,9,32
ARI,SDN202507070,2025-07-07,9,42
ARI,SDN202507080,2025-07-08,12,36
ARI,SDN202507090,2025-07-09,12,41
ARI,SDN202507100,2025-07-10,5,40
ARI,ANA202507110,2025-07-11,6,39
ARI,ANA202507120,2025-07-12,8,39
ARI,ANA202507130,2025-07-13,7,40
ARI,ARI202507180,2025-07-18,7,37
ARI,ARI202507190,2025-07-19,7,39
ARI,ARI202507200,2025-07-20,9,33
ARI,ARI202507210,2025-07-21,5,41
ARI,ARI202507220,2025-07-22,6,36
ARI,ARI202507230,2025-07-23,7,37
ARI,PIT202507250,2025-07-25,10,41
ARI,PIT202507260,2025-07-26,9,33
ARI,PIT202507270,2025-07-27,13,34
ARI,DET202507280,2025-07-28,6,33
ARI,DET202507290,2025-07-29,10,36
ARI,DET202507300,2025-07-30,6,32
ARI,ATH202508010,2025-08-01,6,37
ARI,ATH202508020,2025-08-02,7,41
ARI,ATH202508030,2025-08-03,8,41
ARI,ARI202508040,2025-08-04,4,36
ARI,ARI202508050,2025-08-05,11,43
ARI,ARI202508060,2025-08-06,10,34
ARI,ARI202508080,2025-08-08,6,34
ARI,ARI202508090,2025-08-09,6,40
ARI,ARI202508100,2025-08-10,10,43
ARI,TEX202508110,2025-08-11,8,42
ARI,TEX202508120,2025-08-12,11,39
ARI,TEX202508130,2025-08-13,9,39
ARI,COL202508140,2025-08-14,5,41
ARI,COL202508150,2025-08-15,10,34
ARI,COL202508160,2025-08-16,12,39
ARI,COL202508170,2025-08-17,6,45
ARI,ARI202508180,2025-08-18,9,38
ARI,ARI202508190,2025-08-19,6,35
ARI,ARI202508200,2025-08-20,7,36
ARI,ARI202508220,2025-08-22,10,40
ARI,ARI202508230,2025-08-23,14,39
ARI,ARI202508240,2025-08-24,12,34
ARI,MIL202508250,2025-08-25,14,36
ARI,MIL202508260,2025-08-26,15,43
ARI,MIL202508270,2025-08-27,6,35
ARI,MIL202508280,2025-08-28,5,42
ARI,LAN202508290,2025-08-29,14,36
ARI,LAN202508300,2025-08-30,7,37
ARI,LAN202508310,2025-08-31,11,35
ARI,ARI202509010,2025-09-01,10,37
ARI,ARI202509020,2025-09-02,4,34
ARI,ARI202509030,2025-09-03,10,29
ARI,ARI202509050,2025-09-05,5,40
ARI,ARI202509060,2025-09-06,7,35
ARI,ARI202509070,2025-09-07,8,36
ARI,SFN202509080,2025-09-08,10,38
ARI,SFN202509090,2025-09-09,7,37
ARI,SFN202509100,2025-09-10,9,41
ARI,MIN202509120,2025-09-12,6,43
ARI,MIN202509130,2025-09-13,12,43
ARI,MIN202509140,2025-09-14,13,40
ARI,ARI202509150,2025-09-15,6,38
ARI,ARI202509160,2025-09-16,3,42
ARI,ARI202509170,2025-09-17,5,41
ARI,ARI202509190,2025-09-19,5,36
ARI,ARI202509200,2025-09-20,7,39
ARI,ARI202509210,2025-09-21,5,41
ARI,ARI202509230,2025-09-23,10,37
ARI,ARI202509240,2025-09-24,9,45
ARI,ARI202509250,2025-09-25,12,34
ARI,SDN202509260,2025-09-26,11,40
ARI,SDN202509270,2025-09-27,12,35
ARI,SDN202509280,2025-09-28,10,41
ATH,SEA202503270,2025-03-27,10,30
ATH,SEA202503280,2025-03-28,5,44
ATH,SEA202503290,2025-03-29,7,38
ATH,SEA202503300,2025-03-30,8,34
ATH,ATH202503310,2025-03-31,6,38
ATH,ATH202504010,2025-04-01,6,35
ATH,ATH202504020,2025-04-02,8,36
ATH,COL202504040,2025-04-04,7,45
ATH,COL202504050,2025-04-05,6,41
ATH,COL202504060,2025-04-06,13,38
ATH,ATH202504070,2025-04-07,6,38
ATH,ATH202504080,2025-04-08,7,39
ATH,ATH202504090,2025-04-09,4,32
ATH,ATH202504110,2025-04-11,7,42
ATH,ATH202504120,2025-04-12,7,32
ATH,ATH202504130,2025-04-13,6,33
ATH,CHA202504150,2025-04-15,4,43
ATH,CHA202504160,2025-04-16,4,37
ATH,CHA202504170,2025-04-17,7,41
ATH,MIL202504180,2025-04-18,6,40
ATH,MIL202504190,2025-04-19,9,34
ATH,MIL202504200,2025-04-20,14,31
ATH,ATH202504220,2025-04-22,6,42
ATH,ATH202504230,2025-04-23,7,37
ATH,ATH202504240,2025-04-24,10,38
ATH,ATH202504250,2025-04-25,9,37
ATH,ATH202504260,2025-04-26,6,35
ATH,ATH202504270,2025-04-27,8,34
ATH,TEX202504280,2025-04-28,8,37
ATH,TEX202504290,2025-04-29,10,34
ATH,TEX202504300,2025-04-30,10,38
ATH,TEX202505010,2025-05-01,9,40
ATH,MIA202505020,2025-05-02,5,42
ATH,MIA202505030,2025-05-03,7,40
ATH,MIA202505040,2025-05-04,8,36
ATH,ATH202505050,2025-05-05,5,52
ATH,ATH202505060,2025-05-06,7,40
ATH,ATH202505070,2025-05-07,9,37
ATH,ATH202505090,2025-05-09,8,35
ATH,ATH202505100,2025-05-10,14,41
ATH,ATH202505110,2025-05-11,4,35
ATH,LAN202505130,2025-05-13,11,45
ATH,LAN202505140,2025-05-14,8,34
ATH,LAN202505150,2025-05-15,7,31
ATH,SFN202505160,2025-05-16,7,33
ATH,SFN202505170,2025-05-17,8,38
ATH,SFN202505180,2025-05-18,5,36
ATH,ATH202505190,2025-05-19,6,39
ATH,ATH202505200,2025-05-20,6,39
ATH,ATH202505210,2025-05-21,8,45
ATH,ATH202505220,2025-05-22,4,43
ATH,ATH202505230,2025-05-23,13,37
ATH,ATH202505240,2025-05-24,11,53
ATH,ATH202505250,2025-05-25,11,37
ATH,HOU202505270,2025-05-27,10,31
ATH,HOU202505280,2025-05-28,18,36
ATH,TOR202505290,2025-05-29,13,32
ATH,TOR202505300,2025-05-30,8,38
ATH,TOR202505310,2025-05-31,7,41
ATH,TOR202506010,2025-06-01,14,42
ATH,ATH202506020,2025-06-02,9,40
ATH,ATH202506030,2025-06-03,10,37
ATH,ATH202506040,2025-06-04,14,35
ATH,ATH202506050,2025-06-05,9,47
ATH,ATH202506060,2025-06-06,8,36
ATH,ATH202506070,2025-06-07,14,43
ATH,ATH202506080,2025-06-08,5,35
ATH,ANA202506090,2025-06-09,5,34
ATH,ANA202506100,2025-06-10,14,36
ATH,ANA202506110,2025-06-11,7,39
ATH,KCA202506130,2025-06-13,8,42
ATH,KCA202506140,2025-06-14,4,36
ATH,KCA202506150,2025-06-15,10,37
ATH,ATH202506160,2025-06-16,10,32
ATH,ATH202506170,2025-06-17,5,34
ATH,ATH202506180,2025-06-18,7,39
ATH,ATH202506190,2025-06-19,11,42
ATH,ATH202506200,2025-06-20,10,35
ATH,ATH202506210,2025-06-21,13,36
ATH,ATH202506220,2025-06-22,6,37
ATH,DET202506240,2025-06-24,8,35
ATH,DET202506250,2025-06-25,9,38
ATH,DET202506260,2025-06-26,5,30
ATH,NYA202506270,2025-06-27,11,34
ATH,NYA202506280,2025-06-28,9,40
ATH,NYA202506290,2025-06-29,5,38
ATH,TBA202506300,2025-06-30,10,38
ATH,TBA202507010,2025-07-01,15,37
ATH,TBA202507020,2025-07-02,17,40
ATH,ATH202507040,2025-07-04,12,40
ATH,ATH202507050,2025-07-05,8,35
ATH,ATH202507060,2025-07-06,8,38
ATH,ATH202507080,2025-07-08,9,38
ATH,ATH202507090,2025-07-09,10,37
ATH,ATH202507100,2025-07-10,16,41
ATH,ATH202507110,2025-07-11,15,39
ATH,ATH202507120,2025-07-12,6,36
ATH,ATH202507130,2025-07-13,7,38
ATH,CLE202507180,2025-07-18,4,36
ATH,CLE202507190,2025-07-19,7,40
ATH,CLE202507200,2025-07-20,14,35
ATH,TEX202507210,2025-07-21,9,38
ATH,TEX202507220,2025-07-22,13,37
ATH,TEX202507230,2025-07-23,10,34
ATH,HOU202507240,2025-07-24,5,40
ATH,HOU202507250,2025-07-25,12,50
ATH,HOU202507260,2025-07-26,10,39
ATH,HOU202507270,2025-07-27,9,38
ATH,ATH202507280,2025-07-28,5,35
ATH,ATH202507290,2025-07-29,8,36
ATH,ATH202507300,2025-07-30,9,33
ATH,ATH202508010,2025-08-01,3,41
ATH,ATH202508020,2025-08-02,5,37
ATH,ATH202508030,2025-08-03,8,37
ATH,WAS202508050,2025-08-05,9,54
ATH,WAS202508060,2025-08-06,12,36
ATH,WAS202508070,2025-08-07,9,40
ATH,BAL202508080,2025-08-08,5,36
ATH,BAL202508090,2025-08-09,9,45
ATH,BAL202508100,2025-08-10,11,37
ATH,ATH202508110,2025-08-11,5,33
ATH,ATH202508120,2025-08-12,7,35
ATH,ATH202508130,2025-08-13,13,32
ATH,ATH202508150,2025-08-15,6,42
ATH,ATH202508160,2025-08-16,6,39
ATH,ATH202508170,2025-08-17,9,44
ATH,MIN202508190,2025-08-19,9,38
ATH,MIN202508200,2025-08-20,13,41
ATH,MIN202508210,2025-08-21,6,45
ATH,SEA202508220,2025-08-22,11,35
ATH,SEA202508230,2025-08-23,7,40
ATH,SEA202508240,2025-08-24,15,38
ATH,ATH202508250,2025-08-25,13,35
ATH,ATH202508260,2025-08-26,11,44
ATH,ATH202508270,2025-08-27,9,37
ATH,ATH202508290,2025-08-29,8,34
ATH,ATH202508300,2025-08-30,6,36
ATH,ATH202508310,2025-08-31,11,38
ATH,SLN202509010,2025-09-01,6,44
ATH,SLN202509020,2025-09-02,3,33
ATH,SLN202509030,2025-09-03,10,37
ATH,ANA202509050,2025-09-05,13,46
ATH,ANA202509060,2025-09-06,8,56
ATH,ANA202509070,2025-09-07,4,34
ATH,ATH202509080,2025-09-08,10,30
ATH,ATH202509090,2025-09-09,13,38
ATH,ATH202509100,2025-09-10,9,40
ATH,ATH202509120,2025-09-12,5,31
ATH,ATH202509130,2025-09-13,8,42
ATH,ATH202509140,2025-09-14,7,36
ATH,BOS202509160,2025-09-16,11,37
ATH,BOS202509170,2025-09-17,12,46
ATH,BOS202509180,2025-09-18,10,37
ATH,PIT202509190,2025-09-19,7,33
ATH,PIT202509200,2025-09-20,13,29
ATH,PIT202509210,2025-09-21,9,35
ATH,ATH202509230,2025-09-23,7,36
ATH,ATH202509240,2025-09-24,7,35
ATH,ATH202509250,2025-09-25,12,42
ATH,ATH202509260,2025-09-26,9,37
ATH,ATH202509270,2025-09-27,7,35
ATH,ATH202509280,2025-09-28,14,37
ATL,PHI202403290,2024-03-29,10,45
ATL,PHI202403300,2024-03-30,5,45
ATL,PHI202403310,2024-03-31,14,34
ATL,CHA202404010,2024-04-01,4,40
ATL,CHA202404020,2024-04-02,9,36
ATL,ATL202404050,2024-04-05,8,45
ATL,ATL202404060,2024-04-06,10,42
ATL,ATL202404070,2024-04-07,10,32
ATL,ATL202404080,2024-04-08,12,44
ATL,ATL202404090,2024-04-09,5,37
ATL,ATL202404110,2024-04-11,7,40
ATL,MIA202404120,2024-04-12,7,44
ATL,MIA202404130,2024-04-13,10,33
ATL,MIA202404140,2024-04-14,10,42
ATL,HOU202404150,2024-04-15,10,43
ATL,HOU202404160,2024-04-16,5,40
ATL,HOU202404170,2024-04-17,13,43
ATL,ATL202404190,2024-04-19,7,35
ATL,ATL202404200,2024-04-20,10,39
ATL,ATL202404210,2024-04-21,9,36
ATL,ATL202404220,2024-04-22,4,37
ATL,ATL202404230,2024-04-23,6,38
ATL,ATL202404240,2024-04-24,10,38
ATL,ATL202404260,2024-04-26,9,37
ATL,ATL202404270,2024-04-27,11,39
ATL,ATL202404280,2024-04-28,13,39
ATL,SEA202404290,2024-04-29,14,30
ATL,SEA202404300,2024-04-30,10,36
ATL,SEA202405010,2024-05-01,7,39
ATL,LAN202405030,2024-05-03,8,39
ATL,LAN202405040,2024-05-04,12,35
ATL,LAN202405050,2024-05-05,7,32
ATL,ATL202405070,2024-05-07,7,34
ATL,ATL202405080,2024-05-08,3,34
ATL,NYN202405100,2024-05-10,6,37
ATL,NYN202405110,2024-05-11,10,38
ATL,NYN202405120,2024-05-12,8,38
ATL,ATL202405130,2024-05-13,10,36
ATL,ATL202405140,2024-05-14,4,38
ATL,ATL202405150,2024-05-15,11,37
ATL,ATL202405170,2024-05-17,18,36
ATL,ATL202405190,2024-05-19,11,30
ATL,ATL202405201,2024-05-20,10,44
ATL,ATL202405202,2024-05-20,3,34
ATL,CHN202405210,2024-05-21,10,42
ATL,CHN202405220,2024-05-22,10,40
ATL,CHN202405230,2024-05-23,11,36
ATL,PIT202405240,2024-05-24,5,36
ATL,PIT202405250,2024-05-25,6,37
ATL,PIT202405260,2024-05-26,7,42
ATL,ATL202405270,2024-05-27,10,36
ATL,ATL202405280,2024-05-28,12,30
ATL,ATL202405290,2024-05-29,13,35
ATL,ATL202405300,2024-05-30,8,35
ATL,ATL202405310,2024-05-31,6,32
ATL,ATL202406010,2024-06-01,4,43
ATL,ATL202406020,2024-06-02,8,36
ATL,BOS202406040,2024-06-04,6,37
ATL,BOS202406050,2024-06-05,11,30
ATL,WAS202406060,2024-06-06,3,35
ATL,WAS202406070,2024-06-07,8,35
ATL,WAS202406080,2024-06-08,13,35
ATL,WAS202406090,2024-06-09,8,40
ATL,BAL202406110,2024-06-11,9,38
ATL,BAL202406120,2024-06-12,8,36
ATL,BAL202406130,2024-06-13,10,43
ATL,ATL202406140,2024-06-14,8,40
ATL,ATL202406150,2024-06-15,6,39
ATL,ATL202406160,2024-06-16,12,38
ATL,ATL202406170,2024-06-17,9,30
ATL,ATL202406180,2024-06-18,8,30
ATL,ATL202406190,2024-06-19,12,39
ATL,NYA202406210,2024-06-21,9,47
ATL,NYA202406220,2024-06-22,9,32
ATL,NYA202406230,2024-06-23,12,34
ATL,SLN202406240,2024-06-24,10,36
ATL,SLN202406261,2024-06-26,6,43
ATL,SLN202406262,2024-06-26,11,34
ATL,CHA202406270,2024-06-27,7,34
ATL,ATL202406280,2024-06-28,8,38
ATL,ATL202406290,2024-06-29,12,35
ATL,ATL202406300,2024-06-30,9,36
ATL,ATL202407020,2024-07-02,9,34
ATL,ATL202407030,2024-07-03,11,35
ATL,ATL202407040,2024-07-04,9,33
ATL,ATL202407050,2024-07-05,11,36
ATL,ATL202407060,2024-07-06,12,35
ATL,ATL202407070,2024-07-07,10,36
ATL,ARI202407080,2024-07-08,11,43
ATL,ARI202407090,2024-07-09,8,41
ATL,ARI202407100,2024-07-10,9,37
ATL,ARI202407110,2024-07-11,6,33
ATL,SDN202407120,2024-07-12,3,35
ATL,SDN202407130,2024-07-13,14,35
ATL,SDN202407140,2024-07-14,10,37
ATL,ATL202407202,2024-07-20,12,35
ATL,ATL202407201,2024-07-20,8,38
ATL,ATL202407210,2024-07-21,6,35
ATL,ATL202407220,2024-07-22,8,36
ATL,ATL202407240,2024-07-24,14,42
ATL,NYN202407250,2024-07-25,12,37
ATL,NYN202407260,2024-07-26,14,38
ATL,NYN202407270,2024-07-27,11,37
ATL,NYN202407280,2024-07-28,13,39
ATL,MIL202407290,2024-07-29,9,33
ATL,MIL202407300,2024-07-30,9,43
ATL,MIL202407310,2024-07-31,11,40
ATL,ATL202408010,2024-08-01,9,31
ATL,ATL202408020,2024-08-02,10,33
ATL,ATL202408030,2024-08-03,10,37
ATL,ATL202408040,2024-08-04,10,33
ATL,ATL202408060,2024-08-06,10,33
ATL,ATL202408070,2024-08-07,15,38
ATL,ATL202408080,2024-08-08,12,43
ATL,COL202408090,2024-08-09,10,38
ATL,COL202408100,2024-08-10,7,41
ATL,COL202408110,2024-08-11,6,41
ATL,SFN202408120,2024-08-12,16,36
ATL,SFN202408130,2024-08-13,11,43
ATL,SFN202408140,2024-08-14,7,46
ATL,SFN202408150,2024-08-15,8,31
ATL,ANA202408160,2024-08-16,9,40
ATL,ANA202408170,2024-08-17,7,43
ATL,ANA202408180,2024-08-18,4,38
ATL,ATL202408200,2024-08-20,12,36
ATL,ATL202408210,2024-08-21,7,38
ATL,ATL202408220,2024-08-22,11,34
ATL,ATL202408230,2024-08-23,7,37
ATL,ATL202408240,2024-08-24,7,36
ATL,ATL202408250,2024-08-25,12,36
ATL,MIN202408260,2024-08-26,10,43
ATL,MIN202408270,2024-08-27,6,46
ATL,MIN202408280,2024-08-28,12,37
ATL,PHI202408290,2024-08-29,13,37
ATL,PHI202408300,2024-08-30,10,39
ATL,PHI202408310,2024-08-31,11,34
ATL,PHI202409010,2024-09-01,14,42
ATL,ATL202409030,2024-09-03,6,35
ATL,ATL202409040,2024-09-04,6,39
ATL,ATL202409050,2024-09-05,8,31
ATL,ATL202409060,2024-09-06,8,33
ATL,ATL202409070,2024-09-07,7,38
ATL,ATL202409080,2024-09-08,7,41
ATL,ATL202409090,2024-09-09,7,30
ATL,WAS202409100,2024-09-10,8,49
ATL,WAS202409110,2024-09-11,8,34
ATL,ATL202409130,2024-09-13,6,38
ATL,ATL202409140,2024-09-14,6,40
ATL,ATL202409150,2024-09-15,8,37
ATL,ATL202409160,2024-09-16,5,34
ATL,CIN202409170,2024-09-17,10,46
ATL,CIN202409180,2024-09-18,10,38
ATL,CIN202409190,2024-09-19,10,48
ATL,MIA202409200,2024-09-20,5,38
ATL,MIA202409210,2024-09-21,11,43
ATL,MIA202409220,2024-09-22,9,39
ATL,ATL202409240,2024-09-24,8,35
ATL,ATL202409270,2024-09-27,7,33
ATL,ATL202409280,2024-09-28,12,34
ATL,ATL202409290,2024-09-29,7,38
ATL,ATL202409301,2024-09-30,11,43
ATL,ATL202409302,2024-09-30,7,34
ATL,SDN202503270,2025-03-27,10,41
ATL,SDN202503280,2025-03-28,13,36
ATL,SDN202503290,2025-03-29,5,34
ATL,SDN202503300,2025-03-30,8,27
ATL,LAN202503310,2025-03-31,14,35
ATL,LAN202504010,2025-04-01,10,33
ATL,LAN202504020,2025-04-02,8,41
ATL,ATL202504040,2025-04-04,9,44
ATL,ATL202504050,2025-04-05,11,34
ATL,ATL202504080,2025-04-08,8,41
ATL,ATL202504090,2025-04-09,7,42
ATL,ATL202504100,2025-04-10,10,39
ATL,TBA202504110,2025-04-11,9,37
ATL,TBA202504120,2025-04-12,11,42
ATL,TBA202504130,2025-04-13,13,34
ATL,TOR202504140,2025-04-14,4,36
ATL,TOR202504150,2025-04-15,9,36
ATL,TOR202504160,2025-04-16,19,35
ATL,ATL202504180,2025-04-18,9,37
ATL,ATL202504190,2025-04-19,6,38
ATL,ATL202504200,2025-04-20,6,34
ATL,ATL202504210,2025-04-21,6,35
ATL,ATL202504220,2025-04-22,5,41
ATL,ATL202504230,2025-04-23,6,36
ATL,ARI202504250,2025-04-25,8,43
ATL,ARI202504260,2025-04-26,5,44
ATL,ARI202504270,2025-04-27,9,41
ATL,COL202504280,2025-04-28,7,42
ATL,COL202504290,2025-04-29,2,43
ATL,COL202504300,2025-04-30,8,33
ATL,ATL202505020,2025-05-02,10,32
ATL,ATL202505030,2025-05-03,9,41
ATL,ATL202505040,2025-05-04,7,34
ATL,ATL202505050,2025-05-05,4,34
ATL,ATL202505060,2025-05-06,12,39
ATL,ATL202505070,2025-05-07,13,34
ATL,ATL202505080,2025-05-08,12,45
ATL,PIT202505090,2025-05-09,8,37
ATL,PIT202505100,2025-05-10,6,45
ATL,PIT202505110,2025-05-11,5,36
ATL,ATL202505120,2025-05-12,4,37
ATL,ATL202505130,2025-05-13,12,36
ATL,ATL202505140,2025-05-14,9,39
ATL,ATL202505150,2025-05-15,7,36
ATL,BOS202505160,2025-05-16,9,37
ATL,BOS202505170,2025-05-17,8,43
ATL,BOS202505180,2025-05-18,7,47
ATL,WAS202505200,2025-05-20,4,33
ATL,WAS202505220,2025-05-22,8,43
ATL,ATL202505230,2025-05-23,10,35
ATL,ATL202505240,2025-05-24,9,41
ATL,ATL202505250,2025-05-25,11,33
ATL,PHI202505270,2025-05-27,11,37
ATL,PHI202505292,2025-05-29,7,43
ATL,PHI202505291,2025-05-29,8,42
ATL,ATL202505300,2025-05-30,8,37
ATL,ATL202505310,2025-05-31,9,36
ATL,ATL202506010,2025-06-01,14,35
ATL,ATL202506030,2025-06-03,5,35
ATL,ATL202506040,2025-06-04,13,36
ATL,ATL202506050,2025-06-05,9,41
ATL,SFN202506060,2025-06-06,10,45
ATL,SFN202506070,2025-06-07,10,36
ATL,SFN202506080,2025-06-08,8,36
ATL,MIL202506090,2025-06-09,7,44
ATL,MIL202506100,2025-06-10,10,34
ATL,MIL202506110,2025-06-11,12,41
ATL,ATL202506130,2025-06-13,10,42
ATL,ATL202506140,2025-06-14,6,33
ATL,ATL202506150,2025-06-15,8,33
ATL,ATL202506170,2025-06-17,5,40
ATL,ATL202506180,2025-06-18,5,35
ATL,ATL202506190,2025-06-19,6,41
ATL,MIA202506200,2025-06-20,6,35
ATL,MIA202506210,2025-06-21,8,42
ATL,MIA202506220,2025-06-22,7,36
ATL,NYN202506230,2025-06-23,13,41
ATL,NYN202506240,2025-06-24,9,44
ATL,NYN202506250,2025-06-25,7,39
ATL,NYN202506260,2025-06-26,11,30
ATL,ATL202506270,2025-06-27,7,38
ATL,ATL202506280,2025-06-28,11,38
ATL,ATL202506290,2025-06-29,11,35
ATL,ATL202507010,2025-07-01,11,36
ATL,ATL202507020,2025-07-02,10,39
ATL,ATL202507030,2025-07-03,11,34
ATL,ATL202507040,2025-07-04,8,35
ATL,ATL202507050,2025-07-05,11,45
ATL,ATL202507060,2025-07-06,10,34
ATL,ATH202507080,2025-07-08,4,34
ATL,ATH202507090,2025-07-09,4,41
ATL,ATH202507100,2025-07-10,12,39
ATL,SLN202507110,2025-07-11,9,40
ATL,SLN202507120,2025-07-12,6,38
ATL,SLN202507130,2025-07-13,13,40
ATL,ATL202507180,2025-07-18,6,37
ATL,ATL202507190,2025-07-19,10,45
ATL,ATL202507200,2025-07-20,7,33
ATL,ATL202507210,2025-07-21,12,40
ATL,ATL202507220,2025-07-22,14,39
ATL,ATL202507230,2025-07-23,7,39
ATL,TEX202507250,2025-07-25,11,39
ATL,TEX202507260,2025-07-26,10,41
ATL,TEX202507270,2025-07-27,11,34
ATL,KCA202507280,2025-07-28,4,49
ATL,KCA202507290,2025-07-29,7,45
ATL,KCA202507300,2025-07-30,10,36
ATL,CIN202507310,2025-07-31,5,50
ATL,CIN202508010,2025-08-01,14,37
ATL,CIN202508020,2025-08-02,11,37
ATL,ATL202508040,2025-08-04,6,34
ATL,ATL202508050,2025-08-05,11,43
ATL,ATL202508060,2025-08-06,11,35
ATL,ATL202508070,2025-08-07,4,39
ATL,ATL202508080,2025-08-08,11,31
ATL,ATL202508092,2025-08-09,6,39
ATL,ATL202508091,2025-08-09,11,36
ATL,ATL202508100,2025-08-10,7,37
ATL,NYN202508120,2025-08-12,9,40
ATL,NYN202508130,2025-08-13,10,42
ATL,NYN202508140,2025-08-14,8,38
ATL,CLE202508150,2025-08-15,8,34
ATL,CLE202508160,2025-08-16,6,44
ATL,CLE202508170,2025-08-17,12,42
ATL,ATL202508180,2025-08-18,9,46
ATL,ATL202508190,2025-08-19,4,43
ATL,ATL202508200,2025-08-20,7,29
ATL,ATL202508220,2025-08-22,8,38
ATL,ATL202508230,2025-08-23,8,35
ATL,ATL202508240,2025-08-24,9,38
ATL,MIA202508250,2025-08-25,12,34
ATL,MIA202508260,2025-08-26,8,43
ATL,MIA202508270,2025-08-27,8,49
ATL,PHI202508280,2025-08-28,6,34
ATL,PHI202508290,2025-08-29,6,38
ATL,PHI202508300,2025-08-30,10,37
ATL,PHI202508310,2025-08-31,10,37
ATL,CHN202509010,2025-09-01,13,45
ATL,CHN202509020,2025-09-02,5,34
ATL,CHN202509030,2025-09-03,12,36
ATL,ATL202509050,2025-09-05,10,35
ATL,ATL202509060,2025-09-06,6,36
ATL,ATL202509070,2025-09-07,7,34
ATL,ATL202509080,2025-09-08,5,32
ATL,ATL202509090,2025-09-09,6,32
ATL,ATL202509100,2025-09-10,7,34
ATL,ATL202509120,2025-09-12,5,34
ATL,ATL202509130,2025-09-13,5,32
ATL,ATL202509140,2025-09-14,7,42
ATL,WAS202509150,2025-09-15,6,43
ATL,WAS202509162,2025-09-16,8,41
ATL,WAS202509161,2025-09-16,5,41
ATL,WAS202509170,2025-09-17,8,44
ATL,DET202509190,2025-09-19,6,42
ATL,DET202509200,2025-09-20,6,39
ATL,DET202509210,2025-09-21,7,45
ATL,ATL202509220,2025-09-22,8,48
ATL,ATL202509230,2025-09-23,7,32
ATL,ATL202509240,2025-09-24,11,40
ATL,ATL202509260,2025-09-26,9,39
ATL,ATL202509270,2025-09-27,12,32
ATL,ATL202509280,2025-09-28,7,32
BAL,BAL202403280,2024-03-28,5,41
BAL,BAL202403300,2024-03-30,6,41
BAL,BAL202403310,2024-03-31,9,36
BAL,BAL202404010,2024-04-01,7,35
BAL,BAL202404020,2024-04-02,6,31
BAL,BAL202404030,2024-04-03,9,35
BAL,PIT202404050,2024-04-05,10,40
BAL,PIT202404060,2024-04-06,6,42
BAL,PIT202404070,2024-04-07,6,32
BAL,BOS202404090,2024-04-09,8,44
BAL,BOS202404100,2024-04-10,11,43
BAL,BOS202404110,2024-04-11,8,44
BAL,BAL202404120,2024-04-12,14,34
BAL,BAL202404130,2024-04-13,10,41
BAL,BAL202404140,2024-04-14,7,36
BAL,BAL202404150,2024-04-15,8,39
BAL,BAL202404160,2024-04-16,6,42
BAL,BAL202404170,2024-04-17,12,33
BAL,KCA202404190,2024-04-19,8,39
BAL,KCA202404200,2024-04-20,9,45
BAL,KCA202404210,2024-04-21,4,40
BAL,ANA202404220,2024-04-22,6,36
BAL,ANA202404230,2024-04-23,11,38
BAL,ANA202404240,2024-04-24,9,44
BAL,BAL202404260,2024-04-26,7,37
BAL,BAL202404270,2024-04-27,9,34
BAL,BAL202404280,2024-04-28,12,38
BAL,BAL202404290,2024-04-29,6,32
BAL,BAL202404300,2024-04-30,8,35
BAL,BAL202405010,2024-05-01,10,33
BAL,BAL202405020,2024-05-02,9,35
BAL,CIN202405030,2024-05-03,8,40
BAL,CIN202405040,2024-05-04,13,35
BAL,CIN202405050,2024-05-05,10,41
BAL,WAS202405070,2024-05-07,12,31
BAL,WAS202405080,2024-05-08,11,45
BAL,BAL202405100,2024-05-10,5,35
BAL,BAL202405110,2024-05-11,6,43
BAL,BAL202405120,2024-05-12,5,34
BAL,BAL202405130,2024-05-13,8,35
BAL,BAL202405150,2024-05-15,12,38
BAL,BAL202405170,2024-05-17,2,37
BAL,BAL202405180,2024-05-18,6,38
BAL,BAL202405190,2024-05-19,5,36
BAL,SLN202405200,2024-05-20,7,35
BAL,SLN202405210,2024-05-21,8,32
BAL,SLN202405220,2024-05-22,5,37
BAL,CHA202405230,2024-05-23,9,44
BAL,CHA202405240,2024-05-24,5,38
BAL,CHA202405250,2024-05-25,9,40
BAL,CHA202405260,2024-05-26,16,36
BAL,BAL202405270,2024-05-27,4,40
BAL,BAL202405280,2024-05-28,13,40
BAL,BAL202405290,2024-05-29,7,33
BAL,BAL202405310,2024-05-31,6,38
BAL,BAL202406010,2024-06-01,7,37
BAL,BAL202406020,2024-06-02,4,43
BAL,TOR202406030,2024-06-03,6,39
BAL,TOR202406040,2024-06-04,8,41
BAL,TOR202406050,2024-06-05,5,35
BAL,TOR202406060,2024-06-06,10,35
BAL,TBA202406070,2024-06-07,13,38
BAL,TBA202406080,2024-06-08,11,42
BAL,TBA202406090,2024-06-09,4,43
BAL,TBA202406100,2024-06-10,14,38
BAL,BAL202406110,2024-06-11,7,32
BAL,BAL202406120,2024-06-12,6,34
BAL,BAL202406130,2024-06-13,9,36
BAL,BAL202406140,2024-06-14,11,44
BAL,BAL202406150,2024-06-15,7,38
BAL,BAL202406160,2024-06-16,11,39
BAL,NYA202406180,2024-06-18,8,35
BAL,NYA202406190,2024-06-19,9,46
BAL,NYA202406200,2024-06-20,7,58
BAL,HOU202406210,2024-06-21,7,46
BAL,HOU202406220,2024-06-22,7,33
BAL,HOU202406230,2024-06-23,8,36
BAL,BAL202406240,2024-06-24,13,35
BAL,BAL202406250,2024-06-25,8,46
BAL,BAL202406260,2024-06-26,4,33
BAL,BAL202406270,2024-06-27,3,39
BAL,BAL202406280,2024-06-28,7,32
BAL,BAL202406290,2024-06-29,4,39
BAL,BAL202406300,2024-06-30,12,36
BAL,SEA202407020,2024-07-02,7,36
BAL,SEA202407030,2024-07-03,8,36
BAL,SEA202407040,2024-07-04,11,37
BAL,OAK202407050,2024-07-05,5,39
BAL,OAK202407060,2024-07-06,8,46
BAL,OAK202407070,2024-07-07,7,39
BAL,BAL202407090,2024-07-09,9,32
BAL,BAL202407100,2024-07-10,8,37
BAL,BAL202407110,2024-07-11,6,33
BAL,BAL202407120,2024-07-12,8,35
BAL,BAL202407130,2024-07-13,7,34
BAL,BAL202407140,2024-07-14,14,40
BAL,TEX202407190,2024-07-19,5,39
BAL,TEX202407200,2024-07-20,9,50
BAL,TEX202407210,2024-07-21,11,36
BAL,MIA202407230,2024-07-23,12,36
BAL,MIA202407240,2024-07-24,11,36
BAL,MIA202407250,2024-07-25,6,41
BAL,BAL202407260,2024-07-26,6,39
BAL,BAL202407270,2024-07-27,11,36
BAL,BAL202407280,2024-07-28,14,42
BAL,BAL202407291,2024-07-29,4,44
BAL,BAL202407292,2024-07-29,7,36
BAL,BAL202407300,2024-07-30,6,38
BAL,BAL202407310,2024-07-31,6,45
BAL,CLE202408010,2024-08-01,9,35
BAL,CLE202408020,2024-08-02,13,37
BAL,CLE202408030,2024-08-03,6,42
BAL,CLE202408040,2024-08-04,14,45
BAL,TOR202408060,2024-08-06,12,32
BAL,TOR202408070,2024-08-07,10,38
BAL,TOR202408080,2024-08-08,3,38
BAL,TBA202408090,2024-08-09,11,39
BAL,TBA202408100,2024-08-10,8,46
BAL,TBA202408110,2024-08-11,13,37
BAL,BAL202408130,2024-08-13,7,39
BAL,BAL202408140,2024-08-14,7,35
BAL,BAL202408150,2024-08-15,8,33
BAL,BAL202408160,2024-08-16,8,49
BAL,BAL202408170,2024-08-17,8,36
BAL,BAL202408180,2024-08-18,5,30
BAL,NYN202408190,2024-08-19,9,34
BAL,NYN202408200,2024-08-20,5,41
BAL,NYN202408210,2024-08-21,12,33
BAL,BAL202408220,2024-08-22,8,34
BAL,BAL202408230,2024-08-23,9,36
BAL,BAL202408240,2024-08-24,10,33
BAL,BAL202408250,2024-08-25,7,32
BAL,LAN202408270,2024-08-27,9,38
BAL,LAN202408280,2024-08-28,10,38
BAL,LAN202408290,2024-08-29,9,37
BAL,COL202408300,2024-08-30,6,39
BAL,COL202408310,2024-08-31,11,38
BAL,COL202409010,2024-09-01,6,40
BAL,BAL202409020,2024-09-02,11,53
BAL,BAL202409030,2024-09-03,8,43
BAL,BAL202409040,2024-09-04,10,34
BAL,BAL202409060,2024-09-06,5,30
BAL,BAL202409070,2024-09-07,10,37
BAL,BAL202409080,2024-09-08,11,36
BAL,BOS202409090,2024-09-09,8,41
BAL,BOS202409100,2024-09-10,10,41
BAL,BOS202409110,2024-09-11,10,38
BAL,DET202409130,2024-09-13,13,29
BAL,DET202409140,2024-09-14,5,36
BAL,DET202409150,2024-09-15,4,36
BAL,BAL202409170,2024-09-17,15,34
BAL,BAL202409180,2024-09-18,7,38
BAL,BAL202409190,2024-09-19,13,39
BAL,BAL202409200,2024-09-20,13,34
BAL,BAL202409210,2024-09-21,5,44
BAL,BAL202409220,2024-09-22,10,37
BAL,NYA202409240,2024-09-24,9,38
BAL,NYA202409250,2024-09-25,9,45
BAL,NYA202409260,2024-09-26,7,35
BAL,MIN202409270,2024-09-27,11,43
BAL,MIN202409280,2024-09-28,10,47
BAL,MIN202409290,2024-09-29,8,38
BAL,TOR202503270,2025-03-27,8,45
BAL,TOR202503280,2025-03-28,9,34
BAL,TOR202503290,2025-03-29,9,41
BAL,TOR202503300,2025-03-30,11,37
BAL,BAL202503310,2025-03-31,7,38
BAL,BAL202504020,2025-04-02,9,31
BAL,BAL202504030,2025-04-03,11,37
BAL,KCA202504040,2025-04-04,5,33
BAL,KCA202504050,2025-04-05,7,42
BAL,KCA202504060,2025-04-06,12,32
BAL,ARI202504070,2025-04-07,6,38
BAL,ARI202504080,2025-04-08,6,34
BAL,ARI202504090,2025-04-09,3,30
BAL,BAL202504120,2025-04-12,6,31
BAL,BAL202504130,2025-04-13,13,43
BAL,BAL202504150,2025-04-15,12,38
BAL,BAL202504160,2025-04-16,5,35
BAL,BAL202504170,2025-04-17,7,32
BAL,BAL202504180,2025-04-18,15,32
BAL,BAL202504190,2025-04-19,7,43
BAL,BAL202504200,2025-04-20,8,37
BAL,WAS202504220,2025-04-22,6,32
BAL,WAS202504230,2025-04-23,8,42
BAL,WAS202504240,2025-04-24,13,34
BAL,DET202504262,2025-04-26,5,37
BAL,DET202504261,2025-04-26,10,39
BAL,DET202504270,2025-04-27,15,34
BAL,BAL202504280,2025-04-28,9,34
BAL,BAL202504290,2025-04-29,11,33
BAL,BAL202504300,2025-04-30,12,37
BAL,BAL202505020,2025-05-02,4,31
BAL,BAL202505030,2025-05-03,7,34
BAL,BAL202505040,2025-05-04,6,40
BAL,MIN202505060,2025-05-06,17,33
BAL,MIN202505070,2025-05-07,7,35
BAL,MIN202505080,2025-05-08,11,38
BAL,ANA202505090,2025-05-09,10,40
BAL,ANA202505100,2025-05-10,7,35
BAL,ANA202505110,2025-05-11,9,41
BAL,BAL202505142,2025-05-14,7,39
BAL,BAL202505141,2025-05-14,10,40
BAL,BAL202505150,2025-05-15,6,33
BAL,BAL202505160,2025-05-16,15,45
BAL,BAL202505170,2025-05-17,7,39
BAL,BAL202505180,2025-05-18,10,38
BAL,MIL202505190,2025-05-19,9,37
BAL,MIL202505200,2025-05-20,13,36
BAL,MIL202505210,2025-05-21,10,50
BAL,BOS202505230,2025-05-23,11,43
BAL,BOS202505242,2025-05-24,7,36
BAL,BOS202505241,2025-05-24,12,42
BAL,BOS202505250,2025-05-25,5,37
BAL,BAL202505260,2025-05-26,8,36
BAL,BAL202505270,2025-05-27,11,39
BAL,BAL202505280,2025-05-28,9,41
BAL,BAL202505300,2025-05-30,8,32
BAL,BAL202505310,2025-05-31,4,31
BAL,BAL202506010,2025-06-01,8,32
BAL,SEA202506030,2025-06-03,4,39
BAL,SEA202506040,2025-06-04,9,34
BAL,SEA202506050,2025-06-05,10,35
BAL,ATH202506060,2025-06-06,9,41
BAL,ATH202506070,2025-06-07,8,42
BAL,ATH202506080,2025-06-08,9,36
BAL,BAL202506100,2025-06-10,11,36
BAL,BAL202506110,2025-06-11,10,42
BAL,BAL202506120,2025-06-12,8,33
BAL,BAL202506130,2025-06-13,6,32
BAL,BAL202506140,2025-06-14,6,37
BAL,BAL202506150,2025-06-15,14,38
BAL,TBA202506160,2025-06-16,11,30
BAL,TBA202506170,2025-06-17,9,40
BAL,TBA202506180,2025-06-18,7,37
BAL,TBA202506190,2025-06-19,9,38
BAL,NYA202506200,2025-06-20,11,40
BAL,NYA202506210,2025-06-21,6,32
BAL,NYA202506220,2025-06-22,10,38
BAL,BAL202506230,2025-06-23,9,38
BAL,BAL202506240,2025-06-24,8,37
BAL,BAL202506250,2025-06-25,9,30
BAL,BAL202506270,2025-06-27,9,55
BAL,BAL202506280,2025-06-28,9,37
BAL,BAL202506290,2025-06-29,4,34
BAL,TEX202506300,2025-06-30,12,51
BAL,TEX202507010,2025-07-01,9,34
BAL,TEX202507020,2025-07-02,7,33
BAL,ATL202507040,2025-07-04,8,35
BAL,ATL202507050,2025-07-05,15,44
BAL,ATL202507060,2025-07-06,9,35
BAL,BAL202507080,2025-07-08,8,40
BAL,BAL202507102,2025-07-10,6,39
BAL,BAL202507101,2025-07-10,6,32
BAL,BAL202507110,2025-07-11,8,37
BAL,BAL202507120,2025-07-12,3,34
BAL,BAL202507130,2025-07-13,12,30
BAL,TBA202507180,2025-07-18,8,34
BAL,TBA202507190,2025-07-19,7,37
BAL,TBA202507200,2025-07-20,12,37
BAL,CLE202507210,2025-07-21,7,33
BAL,CLE202507220,2025-07-22,9,37
BAL,CLE202507230,2025-07-23,6,32
BAL,CLE202507240,2025-07-24,5,40
BAL,BAL202507250,2025-07-25,7,37
BAL,BAL202507260,2025-07-26,4,47
BAL,BAL202507270,2025-07-27,5,33
BAL,BAL202507280,2025-07-28,7,41
BAL,BAL202507291,2025-07-29,9,49
BAL,BAL202507292,2025-07-29,7,34
BAL,BAL202507300,2025-07-30,12,41
BAL,CHN202508010,2025-08-01,8,32
BAL,CHN202508020,2025-08-02,9,35
BAL,CHN202508030,2025-08-03,10,37
BAL,PHI202508040,2025-08-04,13,33
BAL,PHI202508050,2025-08-05,10,32
BAL,PHI202508060,2025-08-06,4,36
BAL,BAL202508080,2025-08-08,10,29
BAL,BAL202508090,2025-08-09,8,33
BAL,BAL202508100,2025-08-10,12,38
BAL,BAL202508120,2025-08-12,9,32
BAL,BAL202508130,2025-08-13,9,37
BAL,BAL202508140,2025-08-14,4,34
BAL,HOU202508150,2025-08-15,7,41
BAL,HOU202508160,2025-08-16,14,45
BAL,HOU202508170,2025-08-17,4,46
BAL,BOS202508180,2025-08-18,10,43
BAL,BOS202508190,2025-08-19,12,47
BAL,BAL202508210,2025-08-21,7,39
BAL,BAL202508220,2025-08-22,11,45
BAL,BAL202508230,2025-08-23,11,42
BAL,BAL202508240,2025-08-24,6,31
BAL,BAL202508250,2025-08-25,13,36
BAL,BAL202508260,2025-08-26,10,34
BAL,BAL202508270,2025-08-27,10,34
BAL,BAL202508280,2025-08-28,8,38
BAL,SFN202508290,2025-08-29,9,40
BAL,SFN202508300,2025-08-30,10,44
BAL,SFN202508310,2025-08-31,10,41
BAL,SDN202509010,2025-09-01,13,39
BAL,SDN202509020,2025-09-02,11,43
BAL,SDN202509030,2025-09-03,12,43
BAL,BAL202509050,2025-09-05,10,35
BAL,BAL202509060,2025-09-06,10,33
BAL,BAL202509070,2025-09-07,15,36
BAL,BAL202509090,2025-09-09,12,42
BAL,BAL202509100,2025-09-10,12,35
BAL,BAL202509110,2025-09-11,8,36
BAL,TOR202509120,2025-09-12,10,33
BAL,TOR202509130,2025-09-13,8,37
BAL,TOR202509140,2025-09-14,8,34
BAL,CHA202509150,2025-09-15,8,39
BAL,CHA202509160,2025-09-16,11,43
BAL,CHA202509170,2025-09-17,12,39
BAL,BAL202509180,2025-09-18,15,32
BAL,BAL202509190,2025-09-19,6,35
BAL,BAL202509200,2025-09-20,11,32
BAL,BAL202509210,2025-09-21,13,40
BAL,BAL202509230,2025-09-23,7,35
BAL,BAL202509240,2025-09-24,7,34
BAL,BAL202509250,2025-09-25,13,37
BAL,NYA202509260,2025-09-26,13,41
BAL,NYA202509270,2025-09-27,12,33
BAL,NYA202509280,2025-09-28,6,35
BOS,SEA202403280,2024-03-28,7,40
BOS,SEA202403290,2024-03-29,13,34
BOS,SEA202403300,2024-03-30,13,39
BOS,SEA202403310,2024-03-31,8,38
BOS,OAK202404010,2024-04-01,11,44
BOS,OAK202404020,2024-04-02,15,48
BOS,OAK202404030,2024-04-03,5,34
BOS,ANA202404050,2024-04-05,6,43
BOS,ANA202404060,2024-04-06,14,31
BOS,ANA202404070,2024-04-07,11,46
BOS,BOS202404090,2024-04-09,10,31
BOS,BOS202404100,2024-04-10,13,37
BOS,BOS202404110,2024-04-11,7,40
BOS,BOS202404120,2024-04-12,10,30
BOS,BOS202404130,2024-04-13,11,36
BOS,BOS202404140,2024-04-14,9,37
BOS,BOS202404150,2024-04-15,8,32
BOS,BOS202404160,2024-04-16,10,48
BOS,BOS202404170,2024-04-17,11,29
BOS,BOS202404180,2024-04-18,10,38
BOS,PIT202404190,2024-04-19,5,42
BOS,PIT202404200,2024-04-20,8,40
BOS,PIT202404210,2024-04-21,14,45
BOS,CLE202404230,2024-04-23,12,31
BOS,CLE202404240,2024-04-24,8,44
BOS,CLE202404250,2024-04-25,12,39
BOS,BOS202404260,2024-04-26,9,36
BOS,BOS202404270,2024-04-27,6,49
BOS,BOS202404280,2024-04-28,9,39
BOS,BOS202404300,2024-04-30,11,41
BOS,BOS202405010,2024-05-01,7,37
BOS,BOS202405020,2024-05-02,11,35
BOS,MIN202405030,2024-05-03,13,33
BOS,MIN202405040,2024-05-04,12,36
BOS,MIN202405050,2024-05-05,8,41
BOS,ATL202405070,2024-05-07,9,42
BOS,ATL202405080,2024-05-08,13,36
BOS,BOS202405100,2024-05-10,9,39
BOS,BOS202405110,2024-05-11,7,32
BOS,BOS202405120,2024-05-12,11,34
BOS,BOS202405130,2024-05-13,8,35
BOS,BOS202405140,2024-05-14,14,42
BOS,BOS202405150,2024-05-15,12,36
BOS,BOS202405160,2024-05-16,7,41
BOS,SLN202405170,2024-05-17,4,41
BOS,SLN202405180,2024-05-18,7,33
BOS,SLN202405190,2024-05-19,10,44
BOS,TBA202405200,2024-05-20,10,34
BOS,TBA202405210,2024-05-21,10,36
BOS,TBA202405220,2024-05-22,8,40
BOS,BOS202405240,2024-05-24,10,37
BOS,BOS202405250,2024-05-25,7,36
BOS,BOS202405260,2024-05-26,9,32
BOS,BAL202405270,2024-05-27,10,42
BOS,BAL202405280,2024-05-28,11,40
BOS,BAL202405290,2024-05-29,6,36
BOS,BOS202405300,2024-05-30,12,31
BOS,BOS202405310,2024-05-31,8,37
BOS,BOS202406010,2024-06-01,10,36
BOS,BOS202406020,2024-06-02,7,42
BOS,BOS202406040,2024-06-04,14,35
BOS,BOS202406050,2024-06-05,8,40
BOS,CHA202406060,2024-06-06,5,56
BOS,CHA202406070,2024-06-07,14,37
BOS,CHA202406080,2024-06-08,13,37
BOS,CHA202406090,2024-06-09,9,42
BOS,BOS202406110,2024-06-11,8,31
BOS,BOS202406120,2024-06-12,6,40
BOS,BOS202406130,2024-06-13,12,41
BOS,BOS202406140,2024-06-14,14,39
BOS,BOS202406150,2024-06-15,11,40
BOS,BOS202406160,2024-06-16,5,42
BOS,TOR202406170,2024-06-17,9,40
BOS,TOR202406180,2024-06-18,9,40
BOS,TOR202406190,2024-06-19,4,41
BOS,CIN202406210,2024-06-21,14,34
BOS,CIN202406220,2024-06-22,6,36
BOS,CIN202406230,2024-06-23,9,41
BOS,BOS202406240,2024-06-24,4,37
BOS,BOS202406250,2024-06-25,10,37
BOS,BOS202406260,2024-06-26,10,30
BOS,BOS202406280,2024-06-28,6,38
BOS,BOS202406290,2024-06-29,11,34
BOS,BOS202406300,2024-06-30,5,34
BOS,MIA202407020,2024-07-02,11,42
BOS,MIA202407030,2024-07-03,11,46
BOS,MIA202407040,2024-07-04,14,50
BOS,NYA202407050,2024-07-05,12,41
BOS,NYA202407060,2024-07-06,13,38
BOS,NYA202407070,2024-07-07,13,33
BOS,BOS202407090,2024-07-09,10,45
BOS,BOS202407100,2024-07-10,12,38
BOS,BOS202407110,2024-07-11,13,34
BOS,BOS202407120,2024-07-12,10,33
BOS,BOS202407130,2024-07-13,10,35
BOS,BOS202407140,2024-07-14,8,38
BOS,LAN202407190,2024-07-19,9,34
BOS,LAN202407200,2024-07-20,12,46
BOS,LAN202407210,2024-07-21,14,43
BOS,COL202407220,2024-07-22,8,48
BOS,COL202407230,2024-07-23,6,44
BOS,COL202407240,2024-07-24,6,38
BOS,BOS202407260,2024-07-26,12,44
BOS,BOS202407270,2024-07-27,9,48
BOS,BOS202407280,2024-07-28,11,37
BOS,BOS202407290,2024-07-29,9,41
BOS,BOS202407300,2024-07-30,8,41
BOS,BOS202407310,2024-07-31,7,40
BOS,TEX202408020,2024-08-02,6,44
BOS,TEX202408030,2024-08-03,12,41
BOS,TEX202408040,2024-08-04,12,41
BOS,KCA202408050,2024-08-05,8,44
BOS,KCA202408060,2024-08-06,7,40
BOS,KCA202408070,2024-08-07,9,35
BOS,BOS202408090,2024-08-09,12,41
BOS,BOS202408100,2024-08-10,15,34
BOS,BOS202408110,2024-08-11,13,32
BOS,BOS202408120,2024-08-12,15,48
BOS,BOS202408130,2024-08-13,7,37
BOS,BOS202408140,2024-08-14,7,40
BOS,BAL202408150,2024-08-15,10,34
BOS,BAL202408160,2024-08-16,12,47
BOS,BAL202408170,2024-08-17,7,38
BOS,BAL202408180,2024-08-18,11,40
BOS,HOU202408190,2024-08-19,10,36
BOS,HOU202408200,2024-08-20,10,44
BOS,HOU202408210,2024-08-21,10,36
BOS,BOS202408230,2024-08-23,10,34
BOS,BOS202408240,2024-08-24,13,36
BOS,BOS202408250,2024-08-25,10,35
BOS,BOS202408260,2024-08-26,7,33
BOS,BOS202408270,2024-08-27,9,34
BOS,BOS202408280,2024-08-28,10,34
BOS,BOS202408290,2024-08-29,6,30
BOS,DET202408300,2024-08-30,8,40
BOS,DET202408310,2024-08-31,8,31
BOS,DET202409010,2024-09-01,8,34
BOS,NYN202409020,2024-09-02,9,34
BOS,NYN202409030,2024-09-03,15,36
BOS,NYN202409040,2024-09-04,7,36
BOS,BOS202409060,2024-09-06,5,33
BOS,BOS202409070,2024-09-07,11,36
BOS,BOS202409080,2024-09-08,9,33
BOS,BOS202409090,2024-09-09,13,42
BOS,BOS202409100,2024-09-10,13,37
BOS,BOS202409110,2024-09-11,10,40
BOS,NYA202409120,2024-09-12,14,37
BOS,NYA202409130,2024-09-13,12,36
BOS,NYA202409140,2024-09-14,5,39
BOS,NYA202409150,2024-09-15,9,37
BOS,TBA202409170,2024-09-17,8,32
BOS,TBA202409180,2024-09-18,14,32
BOS,TBA202409190,2024-09-19,11,28
BOS,BOS202409200,2024-09-20,20,52
BOS,BOS202409221,2024-09-22,8,38
BOS,BOS202409222,2024-09-22,8,41
BOS,TOR202409230,2024-09-23,4,39
BOS,TOR202409240,2024-09-24,8,43
BOS,TOR202409250,2024-09-25,6,36
BOS,BOS202409270,2024-09-27,10,35
BOS,BOS202409280,2024-09-28,9,34
BOS,BOS202409290,2024-09-29,9,33
BOS,TEX202503270,2025-03-27,13,36
BOS,TEX202503280,2025-03-28,7,36
BOS,TEX202503290,2025-03-29,11,40
BOS,TEX202503300,2025-03-30,11,39
BOS,BAL202503310,2025-03-31,13,39
BOS,BAL202504020,2025-04-02,9,37
BOS,BAL202504030,2025-04-03,11,40
BOS,BOS202504040,2025-04-04,3,46
BOS,BOS202504062,2025-04-06,5,50
BOS,BOS202504061,2025-04-06,13,42
BOS,BOS202504070,2025-04-07,4,35
BOS,BOS202504080,2025-04-08,12,35
BOS,BOS202504090,2025-04-09,14,37
BOS,BOS202504100,2025-04-10,10,41
BOS,CHA202504110,2025-04-11,11,37
BOS,CHA202504120,2025-04-12,11,38
BOS,CHA202504130,2025-04-13,7,37
BOS,TBA202504140,2025-04-14,14,32
BOS,TBA202504150,2025-04-15,11,42
BOS,TBA202504160,2025-04-16,7,34
BOS,BOS202504180,2025-04-18,6,39
BOS,BOS202504190,2025-04-19,7,43
BOS,BOS202504200,2025-04-20,7,39
BOS,BOS202504210,2025-04-21,8,36
BOS,BOS202504220,2025-04-22,9,42
BOS,BOS202504230,2025-04-23,11,37
BOS,BOS202504240,2025-04-24,12,34
BOS,CLE202504261,2025-04-26,10,40
BOS,CLE202504262,2025-04-26,3,43
BOS,CLE202504270,2025-04-27,7,47
BOS,TOR202504290,2025-04-29,5,44
BOS,TOR202504300,2025-04-30,11,41
BOS,TOR202505010,2025-05-01,10,34
BOS,BOS202505020,2025-05-02,10,38
BOS,BOS202505030,2025-05-03,9,40
BOS,BOS202505040,2025-05-04,6,37
BOS,BOS202505060,2025-05-06,12,33
BOS,BOS202505070,2025-05-07,1,35
BOS,BOS202505080,2025-05-08,7,35
BOS,KCA202505090,2025-05-09,10,43
BOS,KCA202505100,2025-05-10,12,45
BOS,KCA202505110,2025-05-11,8,34
BOS,DET202505120,2025-05-12,9,38
BOS,DET202505130,2025-05-13,15,50
BOS,DET202505140,2025-05-14,14,39
BOS,BOS202505160,2025-05-16,10,34
BOS,BOS202505170,2025-05-17,6,38
BOS,BOS202505180,2025-05-18,5,35
BOS,BOS202505190,2025-05-19,5,36
BOS,BOS202505200,2025-05-20,7,32
BOS,BOS202505210,2025-05-21,16,35
BOS,BOS202505230,2025-05-23,7,53
BOS,BOS202505241,2025-05-24,5,38
BOS,BOS202505242,2025-05-24,7,34
BOS,BOS202505250,2025-05-25,8,37
BOS,MIL202505260,2025-05-26,7,39
BOS,MIL202505270,2025-05-27,10,38
BOS,MIL202505280,2025-05-28,13,45
BOS,ATL202505300,2025-05-30,14,40
BOS,ATL202505310,2025-05-31,14,32
BOS,ATL202506010,2025-06-01,12,37
BOS,BOS202506020,2025-06-02,10,41
BOS,BOS202506030,2025-06-03,10,43
BOS,BOS202506040,2025-06-04,6,43
BOS,NYA202506060,2025-06-06,12,39
BOS,NYA202506070,2025-06-07,8,45
BOS,NYA202506080,2025-06-08,9,44
BOS,BOS202506090,2025-06-09,12,53
BOS,BOS202506100,2025-06-10,13,33
BOS,BOS202506110,2025-06-11,8,34
BOS,BOS202506130,2025-06-13,9,40
BOS,BOS202506140,2025-06-14,5,33
BOS,BOS202506150,2025-06-15,11,31
BOS,SEA202506160,2025-06-16,12,33
BOS,SEA202506170,2025-06-17,10,31
BOS,SEA202506180,2025-06-18,7,33
BOS,SFN202506200,2025-06-20,10,40
BOS,SFN202506210,2025-06-21,8,35
BOS,SFN202506220,2025-06-22,11,40
BOS,ANA202506230,2025-06-23,10,37
BOS,ANA202506240,2025-06-24,9,38
BOS,ANA202506250,2025-06-25,14,33
BOS,BOS202506270,2025-06-27,8,30
BOS,BOS202506280,2025-06-28,7,50
BOS,BOS202506290,2025-06-29,9,37
BOS,BOS202506300,2025-06-30,5,43
BOS,BOS202507010,2025-07-01,10,33
BOS,BOS202507020,2025-07-02,6,36
BOS,WAS202507040,2025-07-04,9,49
BOS,WAS202507050,2025-07-05,6,41
BOS,WAS202507060,2025-07-06,7,40
BOS,BOS202507070,2025-07-07,10,39
BOS,BOS202507080,2025-07-08,8,38
BOS,BOS202507090,2025-07-09,5,40
BOS,BOS202507100,2025-07-10,6,33
BOS,BOS202507110,2025-07-11,4,36
BOS,BOS202507120,2025-07-12,7,30
BOS,BOS202507130,2025-07-13,4,31
BOS,CHN202507180,2025-07-18,8,36
BOS,CHN202507190,2025-07-19,10,34
BOS,CHN202507200,2025-07-20,9,38
BOS,PHI202507210,2025-07-21,16,39
BOS,PHI202507220,2025-07-22,12,31
BOS,PHI202507230,2025-07-23,16,47
BOS,BOS202507250,2025-07-25,8,35
BOS,BOS202507260,2025-07-26,5,35
BOS,BOS202507270,2025-07-27,7,33
BOS,MIN202507280,2025-07-28,10,40
BOS,MIN202507290,2025-07-29,6,42
BOS,MIN202507300,2025-07-30,11,47
BOS,BOS202508010,2025-08-01,7,37
BOS,BOS202508020,2025-08-02,12,37
BOS,BOS202508030,2025-08-03,5,34
BOS,BOS202508040,2025-08-04,5,36
BOS,BOS202508050,2025-08-05,2,36
BOS,BOS202508060,2025-08-06,7,34
BOS,SDN202508080,2025-08-08,4,45
BOS,SDN202508090,2025-08-09,15,44
BOS,SDN202508100,2025-08-10,13,35
BOS,HOU202508110,2025-08-11,8,37
BOS,HOU202508120,2025-08-12,5,51
BOS,HOU202508130,2025-08-13,9,36
BOS,BOS202508150,2025-08-15,9,31
BOS,BOS202508160,2025-08-16,5,37
BOS,BOS202508170,2025-08-17,7,36
BOS,BOS202508180,2025-08-18,8,34
BOS,BOS202508190,2025-08-19,8,47
BOS,NYA202508210,2025-08-21,5,47
BOS,NYA202508220,2025-08-22,9,37
BOS,NYA202508230,2025-08-23,7,47
BOS,NYA202508240,2025-08-24,10,36
BOS,BAL202508250,2025-08-25,11,36
BOS,BAL202508260,2025-08-26,11,36
BOS,BAL202508270,2025-08-27,7,35
BOS,BAL202508280,2025-08-28,8,35
BOS,BOS202508290,2025-08-29,9,36
BOS,BOS202508300,2025-08-30,8,38
BOS,BOS202508310,2025-08-31,9,36
BOS,BOS202509010,2025-09-01,6,42
BOS,BOS202509020,2025-09-02,11,41
BOS,BOS202509030,2025-09-03,10,36
BOS,ARI202509050,2025-09-05,8,37
BOS,ARI202509060,2025-09-06,9,34
BOS,ARI202509070,2025-09-07,6,39
BOS,ATH202509080,2025-09-08,8,38
BOS,ATH202509090,2025-09-09,10,40
BOS,ATH202509100,2025-09-10,7,39
BOS,BOS202509120,2025-09-12,10,35
BOS,BOS202509130,2025-09-13,10,38
BOS,BOS202509140,2025-09-14,5,36
BOS,BOS202509160,2025-09-16,4,37
BOS,BOS202509170,2025-09-17,8,45
BOS,BOS202509180,2025-09-18,7,34
BOS,TBA202509190,2025-09-19,8,48
BOS,TBA202509200,2025-09-20,5,42
BOS,TBA202509210,2025-09-21,14,40
BOS,TOR202509230,2025-09-23,9,38
BOS,TOR202509240,2025-09-24,8,41
BOS,TOR202509250,2025-09-25,8,32
BOS,BOS202509260,2025-09-26,9,33
BOS,BOS202509270,2025-09-27,13,34
BOS,BOS202509280,2025-09-28,8,37
CHA,CHA202403280,2024-03-28,11,30
CHA,CHA202403300,2024-03-30,7,42
CHA,CHA202403310,2024-03-31,11,33
CHA,CHA202404010,2024-04-01,11,30
CHA,CHA202404020,2024-04-02,7,33
CHA,KCA202404040,2024-04-04,4,36
CHA,KCA202404050,2024-04-05,7,32
CHA,KCA202404060,2024-04-06,10,30
CHA,KCA202404070,2024-04-07,8,42
CHA,CLE202404080,2024-04-08,6,36
CHA,CLE202404090,2024-04-09,10,39
CHA,CLE202404100,2024-04-10,8,42
CHA,CHA202404120,2024-04-12,5,30
CHA,CHA202404130,2024-04-13,15,33
CHA,CHA202404140,2024-04-14,12,40
CHA,CHA202404150,2024-04-15,7,32
CHA,CHA202404172,2024-04-17,4,33
CHA,CHA202404171,2024-04-17,10,34
CHA,PHI202404190,2024-04-19,8,32
CHA,PHI202404200,2024-04-20,9,41
CHA,PHI202404210,2024-04-21,8,33
CHA,MIN202404220,2024-04-22,12,36
CHA,MIN202404230,2024-04-23,13,38
CHA,MIN202404240,2024-04-24,10,33
CHA,MIN202404250,2024-04-25,9,42
CHA,CHA202404260,2024-04-26,7,40
CHA,CHA202404270,2024-04-27,10,42
CHA,CHA202404280,2024-04-28,7,34
CHA,CHA202404290,2024-04-29,8,36
CHA,CHA202404300,2024-04-30,6,41
CHA,CHA202405010,2024-05-01,4,33
CHA,SLN202405030,2024-05-03,6,31
CHA,SLN202405040,2024-05-04,8,41
CHA,SLN202405050,2024-05-05,12,36
CHA,TBA202405060,2024-05-06,11,35
CHA,TBA202405070,2024-05-07,5,36
CHA,TBA202405080,2024-05-08,10,40
CHA,CHA202405090,2024-05-09,5,34
CHA,CHA202405100,2024-05-10,6,34
CHA,CHA202405110,2024-05-11,6,34
CHA,CHA202405120,2024-05-12,5,35
CHA,CHA202405141,2024-05-14,4,35
CHA,CHA202405142,2024-05-14,5,31
CHA,CHA202405150,2024-05-15,1,32
CHA,NYA202405170,2024-05-17,10,37
CHA,NYA202405180,2024-05-18,16,34
CHA,NYA202405190,2024-05-19,8,36
CHA,TOR202405200,2024-05-20,9,37
CHA,TOR202405210,2024-05-21,11,39
CHA,TOR202405220,2024-05-22,6,36
CHA,CHA202405230,2024-05-23,11,42
CHA,CHA202405240,2024-05-24,9,37
CHA,CHA202405250,2024-05-25,10,36
CHA,CHA202405260,2024-05-26,13,31
CHA,CHA202405270,2024-05-27,9,39
CHA,CHA202405280,2024-05-28,4,35
CHA,CHA202405290,2024-05-29,6,33
CHA,MIL202405310,2024-05-31,10,37
CHA,MIL202406010,2024-06-01,9,38
CHA,MIL202406020,2024-06-02,12,34
CHA,CHN202406040,2024-06-04,8,37
CHA,CHN202406050,2024-06-05,12,42
CHA,CHA202406060,2024-06-06,12,33
CHA,CHA202406070,2024-06-07,5,34
CHA,CHA202406080,2024-06-08,3,37
CHA,CHA202406090,2024-06-09,17,43
CHA,SEA202406100,2024-06-10,11,39
CHA,SEA202406110,2024-06-11,8,37
CHA,SEA202406120,2024-06-12,13,35
CHA,SEA202406130,2024-06-13,4,40
CHA,ARI202406140,2024-06-14,9,35
CHA,ARI202406150,2024-06-15,9,44
CHA,ARI202406160,2024-06-16,11,40
CHA,CHA202406180,2024-06-18,7,30
CHA,CHA202406190,2024-06-19,9,35
CHA,CHA202406200,2024-06-20,9,37
CHA,DET202406210,2024-06-21,9,35
CHA,DET202406220,2024-06-22,9,39
CHA,DET202406230,2024-06-23,7,32
CHA,CHA202406240,2024-06-24,10,35
CHA,CHA202406250,2024-06-25,4,40
CHA,CHA202406260,2024-06-26,7,30
CHA,CHA202406270,2024-06-27,12,27
CHA,CHA202406280,2024-06-28,7,35
CHA,CHA202406290,2024-06-29,10,39
CHA,CHA202406300,2024-06-30,8,53
CHA,CLE202407020,2024-07-02,11,36
CHA,CLE202407030,2024-07-03,8,45
CHA,CLE202407040,2024-07-04,12,36
CHA,MIA202407050,2024-07-05,8,41
CHA,MIA202407060,2024-07-06,13,34
CHA,MIA202407070,2024-07-07,9,41
CHA,CHA202407080,2024-07-08,10,45
CHA,CHA202407102,2024-07-10,9,34
CHA,CHA202407101,2024-07-10,9,28
CHA,CHA202407120,2024-07-12,7,33
CHA,CHA202407130,2024-07-13,9,33
CHA,CHA202407140,2024-07-14,7,41
CHA,KCA202407190,2024-07-19,9,33
CHA,KCA202407200,2024-07-20,10,37
CHA,KCA202407210,2024-07-21,6,30
CHA,TEX202407220,2024-07-22,17,39
CHA,TEX202407230,2024-07-23,7,32
CHA,TEX202407240,2024-07-24,13,31
CHA,TEX202407250,2024-07-25,12,32
CHA,CHA202407260,2024-07-26,8,34
CHA,CHA202407270,2024-07-27,10,40
CHA,CHA202407280,2024-07-28,7,34
CHA,CHA202407290,2024-07-29,6,38
CHA,CHA202407300,2024-07-30,9,35
CHA,CHA202407310,2024-07-31,8,33
CHA,MIN202408020,2024-08-02,11,32
CHA,MIN202408030,2024-08-03,9,33
CHA,MIN202408040,2024-08-04,14,46
CHA,OAK202408050,2024-08-05,9,32
CHA,OAK202408060,2024-08-06,4,35
CHA,OAK202408070,2024-08-07,8,34
CHA,CHA202408090,2024-08-09,7,40
CHA,CHA202408100,2024-08-10,13,39
CHA,CHA202408120,2024-08-12,4,43
CHA,CHA202408130,2024-08-13,11,36
CHA,CHA202408140,2024-08-14,7,34
CHA,HOU202408160,2024-08-16,7,42
CHA,HOU202408170,2024-08-17,8,32
CHA,HOU202408180,2024-08-18,13,30
CHA,SFN202408190,2024-08-19,7,40
CHA,SFN202408200,2024-08-20,12,32
CHA,SFN202408210,2024-08-21,7,35
CHA,CHA202408230,2024-08-23,7,37
CHA,CHA202408240,2024-08-24,13,39
CHA,CHA202408250,2024-08-25,6,38
CHA,CHA202408260,2024-08-26,3,36
CHA,CHA202408270,2024-08-27,10,36
CHA,CHA202408280,2024-08-28,6,42
CHA,CHA202408290,2024-08-29,11,32
CHA,CHA202408300,2024-08-30,12,34
CHA,CHA202408310,2024-08-31,7,39
CHA,CHA202409010,2024-09-01,9,30
CHA,BAL202409020,2024-09-02,6,33
CHA,BAL202409030,2024-09-03,10,34
CHA,BAL202409040,2024-09-04,4,44
CHA,BOS202409060,2024-09-06,7,35
CHA,BOS202409070,2024-09-07,6,39
CHA,BOS202409080,2024-09-08,6,39
CHA,CHA202409090,2024-09-09,14,32
CHA,CHA202409100,2024-09-10,6,35
CHA,CHA202409110,2024-09-11,18,40
CHA,CHA202409130,2024-09-13,9,33
CHA,CHA202409140,2024-09-14,5,39
CHA,CHA202409150,2024-09-15,5,34
CHA,ANA202409160,2024-09-16,10,41
CHA,ANA202409170,2024-09-17,9,32
CHA,ANA202409180,2024-09-18,10,49
CHA,SDN202409200,2024-09-20,13,38
CHA,SDN202409210,2024-09-21,12,38
CHA,SDN202409220,2024-09-22,15,32
CHA,CHA202409240,2024-09-24,4,31
CHA,CHA202409250,2024-09-25,10,39
CHA,CHA202409260,2024-09-26,7,41
CHA,DET202409270,2024-09-27,4,31
CHA,DET202409280,2024-09-28,6,36
CHA,DET202409290,2024-09-29,7,45
CHA,CHA202503270,2025-03-27,6,35
CHA,CHA202503290,2025-03-29,7,31
CHA,CHA202503300,2025-03-30,6,34
CHA,CHA202503310,2025-03-31,5,38
CHA,CHA202504010,2025-04-01,13,36
CHA,CHA202504020,2025-04-02,7,35
CHA,DET202504040,2025-04-04,11,38
CHA,DET202504050,2025-04-05,7,35
CHA,DET202504060,2025-04-06,4,34
CHA,CLE202504080,2025-04-08,9,32
CHA,CLE202504090,2025-04-09,12,40
CHA,CLE202504100,2025-04-10,12,34
CHA,CHA202504110,2025-04-11,9,43
CHA,CHA202504120,2025-04-12,9,32
CHA,CHA202504130,2025-04-13,14,32
CHA,CHA202504150,2025-04-15,8,37
CHA,CHA202504160,2025-04-16,5,37
CHA,CHA202504170,2025-04-17,6,36
CHA,BOS202504180,2025-04-18,6,36
CHA,BOS202504190,2025-04-19,12,41
CHA,BOS202504200,2025-04-20,8,41
CHA,BOS202504210,2025-04-21,11,35
CHA,MIN202504220,2025-04-22,9,38
CHA,MIN202504230,2025-04-23,11,37
CHA,MIN202504240,2025-04-24,8,34
CHA,ATH202504250,2025-04-25,10,38
CHA,ATH202504260,2025-04-26,8,44
CHA,ATH202504270,2025-04-27,5,41
CHA,CHA202504290,2025-04-29,9,35
CHA,CHA202504300,2025-04-30,8,40
CHA,CHA202505010,2025-05-01,4,37
CHA,CHA202505020,2025-05-02,10,37
CHA,CHA202505030,2025-05-03,13,36
CHA,CHA202505040,2025-05-04,5,33
CHA,KCA202505050,2025-05-05,14,34
CHA,KCA202505060,2025-05-06,5,39
CHA,KCA202505070,2025-05-07,10,34
CHA,KCA202505080,2025-05-08,10,31
CHA,CHA202505090,2025-05-09,8,36
CHA,CHA202505100,2025-05-10,6,32
CHA,CHA202505110,2025-05-11,12,33
CHA,CIN202505130,2025-05-13,10,40
CHA,CIN202505140,2025-05-14,7,39
CHA,CIN202505150,2025-05-15,6,32
CHA,CHN202505160,2025-05-16,4,36
CHA,CHN202505170,2025-05-17,12,34
CHA,CHN202505180,2025-05-18,6,35
CHA,CHA202505190,2025-05-19,8,34
CHA,CHA202505200,2025-05-20,8,31
CHA,CHA202505210,2025-05-21,10,37
CHA,CHA202505230,2025-05-23,8,34
CHA,CHA202505240,2025-05-24,6,48
CHA,CHA202505250,2025-05-25,11,36
CHA,NYN202505260,2025-05-26,6,38
CHA,NYN202505270,2025-05-27,10,40
CHA,NYN202505280,2025-05-28,6,47
CHA,BAL202505300,2025-05-30,9,33
CHA,BAL202505310,2025-05-31,11,41
CHA,BAL202506010,2025-06-01,9,36
CHA,CHA202506020,2025-06-02,5,33
CHA,CHA202506030,2025-06-03,9,39
CHA,CHA202506040,2025-06-04,7,35
CHA,CHA202506050,2025-06-05,5,42
CHA,CHA202506060,2025-06-06,6,38
CHA,CHA202506070,2025-06-07,9,34
CHA,CHA202506080,2025-06-08,11,36
CHA,HOU202506100,2025-06-10,13,38
CHA,HOU202506110,2025-06-11,12,35
CHA,HOU202506120,2025-06-12,16,39
CHA,TEX202506130,2025-06-13,9,35
CHA,TEX202506140,2025-06-14,15,43
CHA,TEX202506150,2025-06-15,12,36
CHA,CHA202506170,2025-06-17,5,32
CHA,CHA202506191,2025-06-19,10,40
CHA,CHA202506192,2025-06-19,9,43
CHA,TOR202506200,2025-06-20,13,41
CHA,TOR202506210,2025-06-21,6,32
CHA,TOR202506220,2025-06-22,12,37
CHA,CHA202506230,2025-06-23,14,35
CHA,CHA202506240,2025-06-24,8,34
CHA,CHA202506250,2025-06-25,2,35
CHA,CHA202506270,2025-06-27,6,38
CHA,CHA202506280,2025-06-28,8,31
CHA,CHA202506290,2025-06-29,3,39
CHA,LAN202507010,2025-07-01,12,32
CHA,LAN202507020,2025-07-02,7,38
CHA,LAN202507030,2025-07-03,13,34
CHA,COL202507040,2025-07-04,8,40
CHA,COL202507050,2025-07-05,5,46
CHA,COL202507060,2025-07-06,6,39
CHA,CHA202507070,2025-07-07,6,40
CHA,CHA202507080,2025-07-08,1,21
CHA,CHA202507090,2025-07-09,12,33
CHA,CHA202507112,2025-07-11,9,46
CHA,CHA202507111,2025-07-11,6,31
CHA,CHA202507120,2025-07-12,11,32
CHA,CHA202507130,2025-07-13,10,40
CHA,PIT202507180,2025-07-18,6,43
CHA,PIT202507190,2025-07-19,9,45
CHA,PIT202507200,2025-07-20,8,40
CHA,TBA202507210,2025-07-21,12,40
CHA,TBA202507220,2025-07-22,10,33
CHA,TBA202507230,2025-07-23,6,44
CHA,CHA202507250,2025-07-25,8,44
CHA,CHA202507260,2025-07-26,3,31
CHA,CHA202507270,2025-07-27,8,35
CHA,CHA202507280,2025-07-28,6,36
CHA,CHA202507290,2025-07-29,5,35
CHA,CHA202507300,2025-07-30,2,40
CHA,ANA202508010,2025-08-01,7,40
CHA,ANA202508020,2025-08-02,7,33
CHA,ANA202508030,2025-08-03,4,38
CHA,SEA202508050,2025-08-05,10,34
CHA,SEA202508060,2025-08-06,14,40
CHA,SEA202508070,2025-08-07,12,46
CHA,CHA202508080,2025-08-08,11,41
CHA,CHA202508090,2025-08-09,6,37
CHA,CHA202508100,2025-08-10,5,37
CHA,CHA202508110,2025-08-11,7,31
CHA,CHA202508120,2025-08-12,10,45
CHA,CHA202508130,2025-08-13,9,29
CHA,KCA202508150,2025-08-15,7,33
CHA,KCA202508160,2025-08-16,7,37
CHA,KCA202508170,2025-08-17,10,40
CHA,ATL202508180,2025-08-18,8,51
CHA,ATL202508190,2025-08-19,6,40
CHA,ATL202508200,2025-08-20,9,29
CHA,CHA202508220,2025-08-22,6,44
CHA,CHA202508230,2025-08-23,7,34
CHA,CHA202508240,2025-08-24,4,37
CHA,CHA202508250,2025-08-25,1,36
CHA,CHA202508260,2025-08-26,11,35
CHA,CHA202508270,2025-08-27,5,37
CHA,CHA202508280,2025-08-28,10,36
CHA,CHA202508290,2025-08-29,7,40
CHA,CHA202508300,2025-08-30,13,43
CHA,CHA202508310,2025-08-31,9,31
CHA,MIN202509010,2025-09-01,5,41
CHA,MIN202509020,2025-09-02,15,49
CHA,MIN202509030,2025-09-03,10,36
CHA,MIN202509040,2025-09-04,10,45
CHA,DET202509050,2025-09-05,5,40
CHA,DET202509060,2025-09-06,7,29
CHA,DET202509070,2025-09-07,7,46
CHA,CHA202509090,2025-09-09,13,36
CHA,CHA202509100,2025-09-10,11,36
CHA,CHA202509110,2025-09-11,8,35
CHA,CLE202509120,2025-09-12,10,30
CHA,CLE202509130,2025-09-13,9,34
CHA,CLE202509140,2025-09-14,11,33
CHA,CHA202509150,2025-09-15,15,33
CHA,CHA202509160,2025-09-16,10,39
CHA,CHA202509170,2025-09-17,6,31
CHA,CHA202509190,2025-09-19,7,31
CHA,CHA202509200,2025-09-20,8,35
CHA,CHA202509210,2025-09-21,11,40
CHA,NYA202509230,2025-09-23,5,36
CHA,NYA202509240,2025-09-24,8,34
CHA,NYA202509250,2025-09-25,8,35
CHA,WAS202509260,2025-09-26,10,42
CHA,WAS202509270,2025-09-27,12,37
CHA,WAS202509280,2025-09-28,8,40
CHN,TEX202403280,2024-03-28,8,40
CHN,TEX202403300,2024-03-30,8,31
CHN,TEX202403310,2024-03-31,6,49
CHN,CHN202404010,2024-04-01,4,35
CHN,CHN202404020,2024-04-02,6,46
CHN,CHN202404030,2024-04-03,7,41
CHN,CHN202404050,2024-04-05,4,37
CHN,CHN202404060,2024-04-06,15,37
CHN,CHN202404070,2024-04-07,8,39
CHN,SDN202404080,2024-04-08,10,40
CHN,SDN202404090,2024-04-09,11,39
CHN,SDN202404100,2024-04-10,9,33
CHN,SEA202404120,2024-04-12,7,35
CHN,SEA202404130,2024-04-13,8,33
CHN,SEA202404140,2024-04-14,12,33
CHN,ARI202404150,2024-04-15,11,46
CHN,ARI202404160,2024-04-16,8,45
CHN,ARI202404170,2024-04-17,7,38
CHN,CHN202404190,2024-04-19,9,38
CHN,CHN202404202,2024-04-20,8,32
CHN,CHN202404201,2024-04-20,11,37
CHN,CHN202404210,2024-04-21,11,39
CHN,CHN202404230,2024-04-23,10,37
CHN,CHN202404240,2024-04-24,12,33
CHN,CHN202404250,2024-04-25,10,37
CHN,BOS202404260,2024-04-26,6,42
CHN,BOS202404270,2024-04-27,7,35
CHN,BOS202404280,2024-04-28,12,35
CHN,NYN202404290,2024-04-29,8,32
CHN,NYN202404300,2024-04-30,6,36
CHN,NYN202405010,2024-05-01,13,34
CHN,NYN202405020,2024-05-02,8,47
CHN,CHN202405030,2024-05-03,5,33
CHN,CHN202405040,2024-05-04,9,36
CHN,CHN202405050,2024-05-05,7,37
CHN,CHN202405060,2024-05-06,11,40
CHN,CHN202405070,2024-05-07,8,34
CHN,CHN202405080,2024-05-08,15,30
CHN,PIT202405100,2024-05-10,5,43
CHN,PIT202405110,2024-05-11,13,48
CHN,PIT202405120,2024-05-12,3,45
CHN,ATL202405130,2024-05-13,8,33
CHN,ATL202405140,2024-05-14,11,32
CHN,ATL202405150,2024-05-15,8,45
CHN,CHN202405160,2024-05-16,11,37
CHN,CHN202405170,2024-05-17,15,35
CHN,CHN202405180,2024-05-18,3,31
CHN,CHN202405190,2024-05-19,7,34
CHN,CHN202405210,2024-05-21,10,42
CHN,CHN202405220,2024-05-22,9,30
CHN,CHN202405230,2024-05-23,9,34
CHN,SLN202405250,2024-05-25,8,40
CHN,SLN202405260,2024-05-26,10,38
CHN,MIL202405270,2024-05-27,11,33
CHN,MIL202405280,2024-05-28,16,44
CHN,MIL202405290,2024-05-29,5,42
CHN,MIL202405300,2024-05-30,6,36
CHN,CHN202405310,2024-05-31,5,39
CHN,CHN202406010,2024-06-01,9,37
CHN,CHN202406020,2024-06-02,7,38
CHN,CHN202406040,2024-06-04,8,34
CHN,CHN202406050,2024-06-05,12,37
CHN,CIN202406060,2024-06-06,13,36
CHN,CIN202406070,2024-06-07,8,37
CHN,CIN202406080,2024-06-08,7,42
CHN,CIN202406090,2024-06-09,9,43
CHN,TBA202406110,2024-06-11,8,38
CHN,TBA202406120,2024-06-12,8,40
CHN,TBA202406130,2024-06-13,11,33
CHN,CHN202406140,2024-06-14,8,33
CHN,CHN202406150,2024-06-15,5,36
CHN,CHN202406160,2024-06-16,7,36
CHN,CHN202406170,2024-06-17,5,39
CHN,CHN202406180,2024-06-18,6,37
CHN,CHN202406190,2024-06-19,11,38
CHN,CHN202406210,2024-06-21,13,37
CHN,CHN202406220,2024-06-22,8,37
CHN,CHN202406230,2024-06-23,14,35
CHN,SFN202406240,2024-06-24,12,43
CHN,SFN202406250,2024-06-25,11,33
CHN,SFN202406260,2024-06-26,7,37
CHN,SFN202406270,2024-06-27,14,43
CHN,MIL202406280,2024-06-28,13,35
CHN,MIL202406290,2024-06-29,9,39
CHN,MIL202406300,2024-06-30,9,32
CHN,CHN202407020,2024-07-02,9,34
CHN,CHN202407030,2024-07-03,12,38
CHN,CHN202407040,2024-07-04,10,40
CHN,CHN202407050,2024-07-05,6,35
CHN,CHN202407060,2024-07-06,12,31
CHN,CHN202407070,2024-07-07,5,34
CHN,BAL202407090,2024-07-09,11,48
CHN,BAL202407100,2024-07-10,8,39
CHN,BAL202407110,2024-07-11,5,41
CHN,SLN202407120,2024-07-12,6,38
CHN,SLN202407131,2024-07-13,10,35
CHN,SLN202407132,2024-07-13,6,41
CHN,SLN202407140,2024-07-14,5,38
CHN,CHN202407190,2024-07-19,13,39
CHN,CHN202407200,2024-07-20,7,37
CHN,CHN202407210,2024-07-21,7,37
CHN,CHN202407220,2024-07-22,8,34
CHN,CHN202407230,2024-07-23,11,37
CHN,CHN202407240,2024-07-24,6,34
CHN,KCA202407260,2024-07-26,5,32
CHN,KCA202407270,2024-07-27,5,40
CHN,KCA202407280,2024-07-28,8,43
CHN,CIN202407290,2024-07-29,9,32
CHN,CIN202407300,2024-07-30,7,39
CHN,CIN202407310,2024-07-31,9,45
CHN,CHN202408010,2024-08-01,11,35
CHN,CHN202408020,2024-08-02,6,33
CHN,CHN202408030,2024-08-03,8,33
CHN,CHN202408040,2024-08-04,5,37
CHN,CHN202408050,2024-08-05,14,33
CHN,CHN202408060,2024-08-06,3,36
CHN,CHN202408070,2024-08-07,8,37
CHN,CHA202408090,2024-08-09,12,42
CHN,CHA202408100,2024-08-10,3,42
CHN,CLE202408120,2024-08-12,8,44
CHN,CLE202408130,2024-08-13,9,34
CHN,CLE202408140,2024-08-14,5,33
CHN,CHN202408160,2024-08-16,6,39
CHN,CHN202408170,2024-08-17,8,31
CHN,CHN202408180,2024-08-18,8,33
CHN,CHN202408200,2024-08-20,4,32
CHN,CHN202408210,2024-08-21,10,35
CHN,CHN202408220,2024-08-22,7,39
CHN,MIA202408230,2024-08-23,3,40
CHN,MIA202408240,2024-08-24,7,53
CHN,MIA202408250,2024-08-25,10,38
CHN,PIT202408260,2024-08-26,7,56
CHN,PIT202408270,2024-08-27,10,42
CHN,PIT202408280,2024-08-28,8,49
CHN,WAS202408300,2024-08-30,13,39
CHN,WAS202408310,2024-08-31,7,36
CHN,WAS202409010,2024-09-01,11,49
CHN,CHN202409020,2024-09-02,6,34
CHN,CHN202409030,2024-09-03,10,36
CHN,CHN202409040,2024-09-04,6,43
CHN,CHN202409060,2024-09-06,13,32
CHN,CHN202409070,2024-09-07,5,31
CHN,CHN202409080,2024-09-08,10,30
CHN,LAN202409090,2024-09-09,7,42
CHN,LAN202409100,2024-09-10,10,41
CHN,LAN202409110,2024-09-11,6,42
CHN,COL202409130,2024-09-13,5,39
CHN,COL202409140,2024-09-14,7,43
CHN,COL202409150,2024-09-15,13,49
CHN,CHN202409160,2024-09-16,5,40
CHN,CHN202409170,2024-09-17,13,39
CHN,CHN202409180,2024-09-18,9,35
CHN,CHN202409190,2024-09-19,6,37
CHN,CHN202409200,2024-09-20,7,32
CHN,CHN202409210,2024-09-21,9,31
CHN,CHN202409220,2024-09-22,8,33
CHN,PHI202409230,2024-09-23,10,38
CHN,PHI202409240,2024-09-24,9,48
CHN,PHI202409250,2024-09-25,7,39
CHN,CHN202409270,2024-09-27,3,27
CHN,CHN202409280,2024-09-28,1,37
CHN,CHN202409290,2024-09-29,6,40
CHN,CHN202503180,2025-03-18,9,32
CHN,CHN202503190,2025-03-19,12,41
CHN,ARI202503270,2025-03-27,10,47
CHN,ARI202503280,2025-03-28,5,35
CHN,ARI202503290,2025-03-29,9,37
CHN,ARI202503300,2025-03-30,10,39
CHN,ATH202503310,2025-03-31,7,60
CHN,ATH202504010,2025-04-01,8,40
CHN,ATH202504020,2025-04-02,9,47
CHN,CHN202504040,2025-04-04,5,36
CHN,CHN202504050,2025-04-05,8,44
CHN,CHN202504060,2025-04-06,8,40
CHN,CHN202504070,2025-04-07,7,38
CHN,CHN202504080,2025-04-08,5,43
CHN,CHN202504090,2025-04-09,5,32
CHN,LAN202504110,2025-04-11,11,29
CHN,LAN202504120,2025-04-12,4,53
CHN,LAN202504130,2025-04-13,13,37
CHN,SDN202504140,2025-04-14,9,41
CHN,SDN202504150,2025-04-15,8,45
CHN,SDN202504160,2025-04-16,9,32
CHN,CHN202504180,2025-04-18,8,44
CHN,CHN202504190,2025-04-19,8,35
CHN,CHN202504200,2025-04-20,10,38
CHN,CHN202504220,2025-04-22,12,46
CHN,CHN202504230,2025-04-23,8,37
CHN,CHN202504250,2025-04-25,10,40
CHN,CHN202504260,2025-04-26,8,41
CHN,CHN202504270,2025-04-27,8,33
CHN,PIT202504290,2025-04-29,0,42
CHN,PIT202504300,2025-04-30,8,36
CHN,PIT202505010,2025-05-01,2,41
CHN,MIL202505020,2025-05-02,8,43
CHN,MIL202505030,2025-05-03,11,37
CHN,MIL202505040,2025-05-04,11,32
CHN,CHN202505050,2025-05-05,5,39
CHN,CHN202505060,2025-05-06,12,46
CHN,CHN202505070,2025-05-07,7,33
CHN,NYN202505090,2025-05-09,11,35
CHN,NYN202505100,2025-05-10,10,39
CHN,NYN202505110,2025-05-11,7,32
CHN,CHN202505120,2025-05-12,4,34
CHN,CHN202505130,2025-05-13,5,36
CHN,CHN202505140,2025-05-14,9,33
CHN,CHN202505160,2025-05-16,8,45
CHN,CHN202505170,2025-05-17,7,45
CHN,CHN202505180,2025-05-18,6,36
CHN,MIA202505190,2025-05-19,9,42
CHN,MIA202505200,2025-05-20,7,49
CHN,MIA202505210,2025-05-21,8,35
CHN,CIN202505230,2025-05-23,7,45
CHN,CIN202505240,2025-05-24,5,38
CHN,CIN202505250,2025-05-25,11,45
CHN,CHN202505260,2025-05-26,8,33
CHN,CHN202505270,2025-05-27,9,44
CHN,CHN202505280,2025-05-28,3,30
CHN,CHN202505300,2025-05-30,9,34
CHN,CHN202505310,2025-05-31,8,34
CHN,CHN202506010,2025-06-01,6,38
CHN,WAS202506030,2025-06-03,9,42
CHN,WAS202506040,2025-06-04,8,35
CHN,WAS202506050,2025-06-05,7,47
CHN,DET202506060,2025-06-06,6,34
CHN,DET202506070,2025-06-07,8,35
CHN,DET202506080,2025-06-08,12,33
CHN,PHI202506090,2025-06-09,9,42
CHN,PHI202506100,2025-06-10,7,44
CHN,PHI202506110,2025-06-11,11,36
CHN,CHN202506120,2025-06-12,9,29
CHN,CHN202506130,2025-06-13,7,39
CHN,CHN202506140,2025-06-14,10,30
CHN,CHN202506150,2025-06-15,4,37
CHN,CHN202506170,2025-06-17,8,34
CHN,CHN202506190,2025-06-19,9,39
CHN,CHN202506200,2025-06-20,4,36
CHN,CHN202506210,2025-06-21,10,39
CHN,CHN202506220,2025-06-22,9,38
CHN,SLN202506230,2025-06-23,5,35
CHN,SLN202506240,2025-06-24,5,41
CHN,SLN202506250,2025-06-25,8,44
CHN,SLN202506260,2025-06-26,5,37
CHN,HOU202506270,2025-06-27,9,37
CHN,HOU202506280,2025-06-28,5,46
CHN,HOU202506290,2025-06-29,11,34
CHN,CHN202507010,2025-07-01,3,35
CHN,CHN202507020,2025-07-02,7,41
CHN,CHN202507030,2025-07-03,11,35
CHN,CHN202507040,2025-07-04,5,37
CHN,CHN202507050,2025-07-05,9,43
CHN,CHN202507060,2025-07-06,6,44
CHN,MIN202507080,2025-07-08,9,36
CHN,MIN202507090,2025-07-09,6,33
CHN,MIN202507100,2025-07-10,6,42
CHN,NYA202507110,2025-07-11,9,33
CHN,NYA202507120,2025-07-12,5,38
CHN,NYA202507130,2025-07-13,8,40
CHN,CHN202507180,2025-07-18,7,35
CHN,CHN202507190,2025-07-19,5,37
CHN,CHN202507200,2025-07-20,8,35
CHN,CHN202507210,2025-07-21,8,37
CHN,CHN202507220,2025-07-22,6,37
CHN,CHN202507230,2025-07-23,7,36
CHN,CHA202507250,2025-07-25,4,39
CHN,CHA202507260,2025-07-26,11,41
CHN,CHA202507270,2025-07-27,13,39
CHN,MIL202507280,2025-07-28,14,39
CHN,MIL202507290,2025-07-29,5,38
CHN,MIL202507300,2025-07-30,9,44
CHN,CHN202508010,2025-08-01,8,28
CHN,CHN202508020,2025-08-02,11,40
CHN,CHN202508030,2025-08-03,8,37
CHN,CHN202508040,2025-08-04,8,32
CHN,CHN202508050,2025-08-05,10,33
CHN,CHN202508060,2025-08-06,4,38
CHN,SLN202508080,2025-08-08,6,36
CHN,SLN202508090,2025-08-09,6,43
CHN,SLN202508100,2025-08-10,8,36
CHN,TOR202508120,2025-08-12,9,38
CHN,TOR202508130,2025-08-13,6,35
CHN,TOR202508140,2025-08-14,9,35
CHN,CHN202508150,2025-08-15,6,34
CHN,CHN202508160,2025-08-16,6,35
CHN,CHN202508170,2025-08-17,5,36
CHN,CHN202508180,2025-08-18,8,32
CHN,CHN202508191,2025-08-19,9,33
CHN,CHN202508192,2025-08-19,9,37
CHN,CHN202508200,2025-08-20,9,30
CHN,CHN202508210,2025-08-21,8,39
CHN,ANA202508220,2025-08-22,10,36
CHN,ANA202508230,2025-08-23,6,44
CHN,ANA202508240,2025-08-24,5,40
CHN,SFN202508260,2025-08-26,10,37
CHN,SFN202508270,2025-08-27,8,35
CHN,SFN202508280,2025-08-28,9,32
CHN,COL202508290,2025-08-29,2,45
CHN,COL202508300,2025-08-30,5,42
CHN,COL202508310,2025-08-31,12,36
CHN,CHN202509010,2025-09-01,6,42
CHN,CHN202509020,2025-09-02,9,33
CHN,CHN202509030,2025-09-03,9,32
CHN,CHN202509050,2025-09-05,5,43
CHN,CHN202509060,2025-09-06,10,34
CHN,CHN202509070,2025-09-07,8,39
CHN,ATL202509080,2025-09-08,8,33
CHN,ATL202509090,2025-09-09,12,40
CHN,ATL202509100,2025-09-10,13,40
CHN,CHN202509120,2025-09-12,12,40
CHN,CHN202509130,2025-09-13,9,38
CHN,CHN202509140,2025-09-14,4,35
CHN,PIT202509150,2025-09-15,6,39
CHN,PIT202509160,2025-09-16,13,44
CHN,PIT202509170,2025-09-17,6,45
CHN,CIN202509180,2025-09-18,9,30
CHN,CIN202509190,2025-09-19,10,38
CHN,CIN202509200,2025-09-20,7,35
CHN,CIN202509210,2025-09-21,6,36
CHN,CHN202509230,2025-09-23,11,42
CHN,CHN202509240,2025-09-24,6,38
CHN,CHN202509250,2025-09-25,14,35
CHN,CHN202509260,2025-09-26,7,40
CHN,CHN202509270,2025-09-27,8,38
CHN,CHN202509280,2025-09-28,9,29
CIN,CIN202403280,2024-03-28,9,37
CIN,CIN202403300,2024-03-30,8,37
CIN,CIN202403310,2024-03-31,7,39
CIN,PHI202404010,2024-04-01,17,42
CIN,PHI202404020,2024-04-02,11,37
CIN,PHI202404030,2024-04-03,15,36
CIN,CIN202404050,2024-04-05,9,41
CIN,CIN202404060,2024-04-06,11,40
CIN,CIN202404070,2024-04-07,12,36
CIN,CIN202404080,2024-04-08,6,40
CIN,CIN202404090,2024-04-09,12,40
CIN,CIN202404100,2024-04-10,2,31
CIN,CHA202404120,2024-04-12,7,47
CIN,CHA202404130,2024-04-13,15,34
CIN,CHA202404140,2024-04-14,7,47
CIN,SEA202404150,2024-04-15,10,33
CIN,SEA202404160,2024-04-16,9,34
CIN,SEA202404170,2024-04-17,12,29
CIN,CIN202404190,2024-04-19,3,36
CIN,CIN202404200,2024-04-20,13,39
CIN,CIN202404210,2024-04-21,10,34
CIN,CIN202404220,2024-04-22,9,29
CIN,CIN202404230,2024-04-23,6,39
CIN,CIN202404240,2024-04-24,13,41
CIN,CIN202404250,2024-04-25,13,34
CIN,TEX202404260,2024-04-26,12,35
CIN,TEX202404270,2024-04-27,6,39
CIN,TEX202404280,2024-04-28,15,35
CIN,SDN202404290,2024-04-29,6,36
CIN,SDN202404300,2024-04-30,9,35
CIN,SDN202405010,2024-05-01,12,33
CIN,CIN202405030,2024-05-03,8,29
CIN,CIN202405040,2024-05-04,10,33
CIN,CIN202405050,2024-05-05,8,33
CIN,CIN202405070,2024-05-07,8,33
CIN,CIN202405080,2024-05-08,4,37
CIN,CIN202405090,2024-05-09,6,37
CIN,SFN202405100,2024-05-10,6,37
CIN,SFN202405110,2024-05-11,7,37
CIN,SFN202405120,2024-05-12,11,47
CIN,ARI202405130,2024-05-13,11,39
CIN,ARI202405140,2024-05-14,5,41
CIN,ARI202405150,2024-05-15,10,32
CIN,LAN202405160,2024-05-16,11,40
CIN,LAN202405170,2024-05-17,4,32
CIN,LAN202405180,2024-05-18,11,30
CIN,LAN202405190,2024-05-19,11,41
CIN,CIN202405210,2024-05-21,6,32
CIN,CIN202405220,2024-05-22,9,34
CIN,CIN202405230,2024-05-23,16,41
CIN,CIN202405240,2024-05-24,11,40
CIN,CIN202405250,2024-05-25,6,31
CIN,CIN202405260,2024-05-26,9,37
CIN,CIN202405270,2024-05-27,6,34
CIN,CIN202405280,2024-05-28,10,36
CIN,CIN202405290,2024-05-29,5,38
CIN,CHN202405310,2024-05-31,12,39
CIN,CHN202406010,2024-06-01,11,42
CIN,CHN202406020,2024-06-02,10,38
CIN,COL202406030,2024-06-03,3,43
CIN,COL202406040,2024-06-04,4,39
CIN,COL202406050,2024-06-05,10,45
CIN,CIN202406060,2024-06-06,7,39
CIN,CIN202406070,2024-06-07,7,31
CIN,CIN202406080,2024-06-08,5,31
CIN,CIN202406090,2024-06-09,11,33
CIN,CIN202406110,2024-06-11,11,37
CIN,CIN202406120,2024-06-12,13,32
CIN,MIL202406140,2024-06-14,6,39
CIN,MIL202406150,2024-06-15,8,33
CIN,MIL202406160,2024-06-16,9,39
CIN,PIT202406170,2024-06-17,10,34
CIN,PIT202406180,2024-06-18,4,34
CIN,PIT202406190,2024-06-19,8,31
CIN,CIN202406210,2024-06-21,8,36
CIN,CIN202406220,2024-06-22,8,38
CIN,CIN202406230,2024-06-23,8,39
CIN,CIN202406240,2024-06-24,5,38
CIN,CIN202406250,2024-06-25,9,41
CIN,CIN202406260,2024-06-26,10,31
CIN,SLN202406270,2024-06-27,5,43
CIN,SLN202406280,2024-06-28,9,35
CIN,SLN202406290,2024-06-29,10,45
CIN,SLN202406300,2024-06-30,8,31
CIN,NYA202407020,2024-07-02,8,38
CIN,NYA202407030,2024-07-03,13,33
CIN,NYA202407040,2024-07-04,10,40
CIN,CIN202407050,2024-07-05,11,35
CIN,CIN202407060,2024-07-06,13,35
CIN,CIN202407070,2024-07-07,15,32
CIN,CIN202407080,2024-07-08,9,34
CIN,CIN202407090,2024-07-09,8,43
CIN,CIN202407100,2024-07-10,11,38
CIN,CIN202407110,2024-07-11,6,40
CIN,CIN202407120,2024-07-12,3,40
CIN,CIN202407130,2024-07-13,13,35
CIN,CIN202407140,2024-07-14,8,36
CIN,WAS202407190,2024-07-19,12,38
CIN,WAS202407200,2024-07-20,8,40
CIN,WAS202407210,2024-07-21,9,33
CIN,ATL202407220,2024-07-22,10,39
CIN,ATL202407240,2024-07-24,11,43
CIN,TBA202407260,2024-07-26,13,36
CIN,TBA202407270,2024-07-27,5,32
CIN,TBA202407280,2024-07-28,10,35
CIN,CIN202407290,2024-07-29,6,35
CIN,CIN202407300,2024-07-30,10,40
CIN,CIN202407310,2024-07-31,8,35
CIN,CIN202408020,2024-08-02,11,29
CIN,CIN202408030,2024-08-03,7,32
CIN,CIN202408040,2024-08-04,12,34
CIN,MIA202408050,2024-08-05,4,46
CIN,MIA202408060,2024-08-06,6,45
CIN,MIA202408070,2024-08-07,8,42
CIN,MIA202408080,2024-08-08,12,47
CIN,MIL202408090,2024-08-09,7,36
CIN,MIL202408100,2024-08-10,13,31
CIN,MIL202408110,2024-08-11,13,38
CIN,CIN202408120,2024-08-12,12,33
CIN,CIN202408130,2024-08-13,3,32
CIN,CIN202408140,2024-08-14,10,39
CIN,CIN202408160,2024-08-16,9,33
CIN,CIN202408170,2024-08-17,11,34
CIN,CIN202408180,2024-08-18,12,37
CIN,TOR202408190,2024-08-19,8,38
CIN,TOR202408200,2024-08-20,7,37
CIN,TOR202408210,2024-08-21,13,44
CIN,PIT202408220,2024-08-22,13,31
CIN,PIT202408230,2024-08-23,10,38
CIN,PIT202408240,2024-08-24,7,40
CIN,PIT202408250,2024-08-25,9,40
CIN,CIN202408270,2024-08-27,6,43
CIN,CIN202408280,2024-08-28,8,36
CIN,CIN202408290,2024-08-29,4,40
CIN,CIN202408301,2024-08-30,9,41
CIN,CIN202408302,2024-08-30,8,31
CIN,CIN202408310,2024-08-31,9,40
CIN,CIN202409010,2024-09-01,9,45
CIN,CIN202409020,2024-09-02,10,43
CIN,CIN202409040,2024-09-04,7,43
CIN,CIN202409050,2024-09-05,8,32
CIN,NYN202409060,2024-09-06,15,34
CIN,NYN202409070,2024-09-07,10,34
CIN,NYN202409080,2024-09-08,12,35
CIN,ATL202409090,2024-09-09,12,37
CIN,SLN202409100,2024-09-10,10,39
CIN,SLN202409110,2024-09-11,11,33
CIN,SLN202409120,2024-09-12,11,34
CIN,MIN202409130,2024-09-13,7,37
CIN,MIN202409140,2024-09-14,6,45
CIN,MIN202409150,2024-09-15,11,38
CIN,CIN202409170,2024-09-17,7,37
CIN,CIN202409180,2024-09-18,8,35
CIN,CIN202409190,2024-09-19,14,39
CIN,CIN202409200,2024-09-20,6,39
CIN,CIN202409210,2024-09-21,7,38
CIN,CIN202409220,2024-09-22,13,30
CIN,CLE202409240,2024-09-24,8,32
CIN,CLE202409250,2024-09-25,8,33
CIN,CHN202409270,2024-09-27,4,32
CIN,CHN202409280,2024-09-28,3,31
CIN,CHN202409290,2024-09-29,7,41
CIN,CIN202503270,2025-03-27,8,38
CIN,CIN202503290,2025-03-29,9,33
CIN,CIN202503300,2025-03-30,5,32
CIN,CIN202503310,2025-03-31,8,44
CIN,CIN202504010,2025-04-01,8,30
CIN,CIN202504020,2025-04-02,10,30
CIN,MIL202504030,2025-04-03,9,33
CIN,MIL202504040,2025-04-04,7,37
CIN,MIL202504050,2025-04-05,6,42
CIN,MIL202504060,2025-04-06,11,34
CIN,SFN202504070,2025-04-07,13,35
CIN,SFN202504080,2025-04-08,6,34
CIN,SFN202504090,2025-04-09,16,41
CIN,CIN202504110,2025-04-11,7,32
CIN,CIN202504120,2025-04-12,7,33
CIN,CIN202504130,2025-04-13,7,33
CIN,CIN202504150,2025-04-15,6,40
CIN,CIN202504160,2025-04-16,12,35
CIN,CIN202504170,2025-04-17,7,44
CIN,BAL202504180,2025-04-18,11,44
CIN,BAL202504190,2025-04-19,7,45
CIN,BAL202504200,2025-04-20,6,64
CIN,MIA202504210,2025-04-21,14,36
CIN,MIA202504220,2025-04-22,11,37
CIN,MIA202504230,2025-04-23,9,40
CIN,COL202504250,2025-04-25,8,45
CIN,COL202504260,2025-04-26,9,43
CIN,COL202504270,2025-04-27,6,43
CIN,CIN202504280,2025-04-28,4,34
CIN,CIN202504302,2025-04-30,11,34
CIN,CIN202504301,2025-04-30,6,33
CIN,CIN202505010,2025-05-01,7,39
CIN,CIN202505020,2025-05-02,5,38
CIN,CIN202505030,2025-05-03,10,41
CIN,CIN202505040,2025-05-04,13,35
CIN,ATL202505050,2025-05-05,6,32
CIN,ATL202505060,2025-05-06,17,41
CIN,ATL202505070,2025-05-07,9,35
CIN,ATL202505080,2025-05-08,11,44
CIN,HOU202505090,2025-05-09,15,36
CIN,HOU202505100,2025-05-10,11,47
CIN,HOU202505110,2025-05-11,12,31
CIN,CIN202505130,2025-05-13,12,36
CIN,CIN202505140,2025-05-14,6,36
CIN,CIN202505150,2025-05-15,5,37
CIN,CIN202505160,2025-05-16,7,36
CIN,CIN202505170,2025-05-17,15,33
CIN,CIN202505180,2025-05-18,9,34
CIN,PIT202505190,2025-05-19,10,41
CIN,PIT202505200,2025-05-20,5,30
CIN,PIT202505210,2025-05-21,8,33
CIN,CIN202505230,2025-05-23,6,44
CIN,CIN202505240,2025-05-24,10,37
CIN,CIN202505250,2025-05-25,11,42
CIN,KCA202505260,2025-05-26,8,45
CIN,KCA202505270,2025-05-27,11,40
CIN,KCA202505280,2025-05-28,5,37
CIN,CHN202505300,2025-05-30,7,38
CIN,CHN202505310,2025-05-31,11,29
CIN,CHN202506010,2025-06-01,6,33
CIN,CIN202506020,2025-06-02,11,36
CIN,CIN202506030,2025-06-03,10,36
CIN,CIN202506040,2025-06-04,7,35
CIN,CIN202506060,2025-06-06,10,41
CIN,CIN202506070,2025-06-07,6,43
CIN,CIN202506080,2025-06-08,6,31
CIN,CLE202506090,2025-06-09,7,46
CIN,CLE202506100,2025-06-10,12,34
CIN,CLE202506110,2025-06-11,7,34
CIN,DET202506130,2025-06-13,10,43
CIN,DET202506140,2025-06-14,7,44
CIN,DET202506150,2025-06-15,5,40
CIN,CIN202506170,2025-06-17,8,39
CIN,CIN202506180,2025-06-18,5,25
CIN,CIN202506190,2025-06-19,10,38
CIN,SLN202506200,2025-06-20,8,33
CIN,SLN202506210,2025-06-21,11,45
CIN,SLN202506220,2025-06-22,10,33
CIN,CIN202506230,2025-06-23,5,35
CIN,CIN202506240,2025-06-24,7,42
CIN,CIN202506250,2025-06-25,10,31
CIN,CIN202506270,2025-06-27,14,36
CIN,CIN202506280,2025-06-28,7,40
CIN,CIN202506290,2025-06-29,8,35
CIN,BOS202506300,2025-06-30,11,39
CIN,BOS202507010,2025-07-01,5,32
CIN,BOS202507020,2025-07-02,6,44
CIN,PHI202507040,2025-07-04,12,41
CIN,PHI202507050,2025-07-05,7,37
CIN,PHI202507060,2025-07-06,12,28
CIN,CIN202507070,2025-07-07,7,31
CIN,CIN202507080,2025-07-08,13,37
CIN,CIN202507090,2025-07-09,5,38
CIN,CIN202507100,2025-07-10,10,35
CIN,CIN202507110,2025-07-11,13,40
CIN,CIN202507120,2025-07-12,2,36
CIN,CIN202507130,2025-07-13,6,38
CIN,NYN202507180,2025-07-18,10,45
CIN,NYN202507190,2025-07-19,7,37
CIN,NYN202507200,2025-07-20,7,37
CIN,WAS202507210,2025-07-21,3,43
CIN,WAS202507220,2025-07-22,5,34
CIN,WAS202507230,2025-07-23,7,40
CIN,CIN202507250,2025-07-25,7,43
CIN,CIN202507260,2025-07-26,9,39
CIN,CIN202507270,2025-07-27,8,31
CIN,CIN202507280,2025-07-28,12,38
CIN,CIN202507290,2025-07-29,6,37
CIN,CIN202507300,2025-07-30,12,37
CIN,CIN202507310,2025-07-31,8,51
CIN,CIN202508010,2025-08-01,8,30
CIN,CIN202508020,2025-08-02,7,41
CIN,CHN202508040,2025-08-04,11,35
CIN,CHN202508050,2025-08-05,8,36
CIN,CHN202508060,2025-08-06,12,32
CIN,PIT202508070,2025-08-07,11,35
CIN,PIT202508080,2025-08-08,9,36
CIN,PIT202508090,2025-08-09,11,37
CIN,PIT202508100,2025-08-10,10,48
CIN,CIN202508110,2025-08-11,5,36
CIN,CIN202508120,2025-08-12,4,36
CIN,CIN202508130,2025-08-13,10,35
CIN,CIN202508150,2025-08-15,13,39
CIN,CIN202508160,2025-08-16,13,43
CIN,CIN202508170,2025-08-17,7,41
CIN,ANA202508180,2025-08-18,8,41
CIN,ANA202508190,2025-08-19,6,38
CIN,ANA202508200,2025-08-20,7,33
CIN,ARI202508220,2025-08-22,7,39
CIN,ARI202508230,2025-08-23,6,36
CIN,ARI202508240,2025-08-24,7,41
CIN,LAN202508250,2025-08-25,12,34
CIN,LAN202508260,2025-08-26,11,33
CIN,LAN202508270,2025-08-27,19,39
CIN,CIN202508290,2025-08-29,12,48
CIN,CIN202508300,2025-08-30,0,37
CIN,CIN202508310,2025-08-31,11,39
CIN,CIN202509010,2025-09-01,8,38
CIN,CIN202509020,2025-09-02,9,44
CIN,CIN202509030,2025-09-03,11,40
CIN,CIN202509050,2025-09-05,11,40
CIN,CIN202509060,2025-09-06,7,34
CIN,CIN202509070,2025-09-07,9,31
CIN,SDN202509080,2025-09-08,13,37
CIN,SDN202509090,2025-09-09,9,34
CIN,SDN202509100,2025-09-10,10,39
CIN,ATH202509120,2025-09-12,14,38
CIN,ATH202509130,2025-09-13,3,38
CIN,ATH202509140,2025-09-14,3,37
CIN,SLN202509150,2025-09-15,8,45
CIN,SLN202509160,2025-09-16,9,31
CIN,SLN202509170,2025-09-17,9,41
CIN,CIN202509180,2025-09-18,12,29
CIN,CIN202509190,2025-09-19,6,34
CIN,CIN202509200,2025-09-20,9,36
CIN,CIN202509210,2025-09-21,5,29
CIN,CIN202509230,2025-09-23,10,33
CIN,CIN202509240,2025-09-24,14,47
CIN,CIN202509250,2025-09-25,8,33
CIN,MIL202509260,2025-09-26,7,36
CIN,MIL202509270,2025-09-27,13,46
CIN,MIL202509280,2025-09-28,10,33
CLE,OAK202403280,2024-03-28,7,42
CLE,OAK202403290,2024-03-29,9,40
CLE,OAK202403300,2024-03-30,6,50
CLE,OAK202403310,2024-03-31,5,38
CLE,SEA202404010,2024-04-01,5,36
CLE,SEA202404020,2024-04-02,11,39
CLE,SEA202404030,2024-04-03,4,41
CLE,MIN202404040,2024-04-04,7,39
CLE,MIN202404060,2024-04-06,11,34
CLE,CLE202404080,2024-04-08,8,36
CLE,CLE202404090,2024-04-09,12,39
CLE,CLE202404100,2024-04-10,5,43
CLE,CLE202404131,2024-04-13,11,36
CLE,CLE202404132,2024-04-13,6,33
CLE,CLE202404140,2024-04-14,13,43
CLE,BOS202404150,2024-04-15,8,37
CLE,BOS202404160,2024-04-16,7,53
CLE,BOS202404170,2024-04-17,9,29
CLE,BOS202404180,2024-04-18,6,37
CLE,CLE202404190,2024-04-19,3,36
CLE,CLE202404200,2024-04-20,8,38
CLE,CLE202404210,2024-04-21,8,36
CLE,CLE202404230,2024-04-23,6,36
CLE,CLE202404240,2024-04-24,7,31
CLE,CLE202404250,2024-04-25,2,35
CLE,ATL202404260,2024-04-26,9,34
CLE,ATL202404270,2024-04-27,9,43
CLE,ATL202404280,2024-04-28,5,39
CLE,HOU202404300,2024-04-30,15,44
CLE,HOU202405010,2024-05-01,6,40
CLE,HOU202405020,2024-05-02,7,37
CLE,CLE202405030,2024-05-03,8,35
CLE,CLE202405040,2024-05-04,8,35
CLE,CLE202405050,2024-05-05,8,32
CLE,CLE202405060,2024-05-06,10,30
CLE,CLE202405070,2024-05-07,5,37
CLE,CLE202405080,2024-05-08,7,36
CLE,CHA202405090,2024-05-09,7,36
CLE,CHA202405100,2024-05-10,12,35
CLE,CHA202405110,2024-05-11,9,32
CLE,CHA202405120,2024-05-12,7,37
CLE,TEX202405130,2024-05-13,5,40
CLE,TEX202405140,2024-05-14,3,42
CLE,TEX202405150,2024-05-15,9,35
CLE,CLE202405170,2024-05-17,5,31
CLE,CLE202405180,2024-05-18,5,42
CLE,CLE202405190,2024-05-19,6,32
CLE,CLE202405200,2024-05-20,8,30
CLE,CLE202405210,2024-05-21,8,34
CLE,CLE202405220,2024-05-22,8,35
CLE,ANA202405240,2024-05-24,8,45
CLE,ANA202405250,2024-05-25,10,33
CLE,ANA202405260,2024-05-26,12,42
CLE,COL202405270,2024-05-27,4,40
CLE,COL202405280,2024-05-28,4,44
CLE,COL202405290,2024-05-29,9,38
CLE,CLE202405310,2024-05-31,5,38
CLE,CLE202406010,2024-06-01,7,35
CLE,CLE202406020,2024-06-02,7,33
CLE,CLE202406040,2024-06-04,8,36
CLE,CLE202406060,2024-06-06,7,39
CLE,MIA202406070,2024-06-07,8,32
CLE,MIA202406080,2024-06-08,3,43
CLE,MIA202406090,2024-06-09,10,40
CLE,CIN202406110,2024-06-11,7,41
CLE,CIN202406120,2024-06-12,8,39
CLE,TOR202406140,2024-06-14,7,33
CLE,TOR202406150,2024-06-15,4,34
CLE,TOR202406160,2024-06-16,3,39
CLE,CLE202406180,2024-06-18,5,42
CLE,CLE202406190,2024-06-19,6,36
CLE,CLE202406200,2024-06-20,8,34
CLE,CLE202406210,2024-06-21,7,35
CLE,CLE202406220,2024-06-22,7,34
CLE,CLE202406230,2024-06-23,6,40
CLE,BAL202406240,2024-06-24,12,36
CLE,BAL202406250,2024-06-25,4,39
CLE,BAL202406260,2024-06-26,7,33
CLE,KCA202406270,2024-06-27,11,37
CLE,KCA202406280,2024-06-28,10,35
CLE,KCA202406290,2024-06-29,10,39
CLE,KCA202406300,2024-06-30,13,35
CLE,CLE202407020,2024-07-02,6,35
CLE,CLE202407030,2024-07-03,5,35
CLE,CLE202407040,2024-07-04,7,43
CLE,CLE202407050,2024-07-05,7,40
CLE,CLE202407060,2024-07-06,5,33
CLE,CLE202407070,2024-07-07,7,35
CLE,DET202407080,2024-07-08,5,29
CLE,DET202407090,2024-07-09,11,51
CLE,DET202407100,2024-07-10,4,36
CLE,DET202407110,2024-07-11,5,32
CLE,TBA202407120,2024-07-12,13,33
CLE,TBA202407130,2024-07-13,4,41
CLE,TBA202407140,2024-07-14,6,32
CLE,CLE202407190,2024-07-19,8,36
CLE,CLE202407200,2024-07-20,10,28
CLE,CLE202407210,2024-07-21,8,30
CLE,CLE202407220,2024-07-22,9,41
CLE,CLE202407230,2024-07-23,7,39
CLE,CLE202407240,2024-07-24,7,32
CLE,CLE202407250,2024-07-25,10,31
CLE,PHI202407260,2024-07-26,8,39
CLE,PHI202407270,2024-07-27,4,29
CLE,PHI202407280,2024-07-28,4,36
CLE,DET202407290,2024-07-29,6,37
CLE,DET202407300,2024-07-30,5,35
CLE,CLE202408010,2024-08-01,8,41
CLE,CLE202408020,2024-08-02,4,39
CLE,CLE202408030,2024-08-03,6,35
CLE,CLE202408040,2024-08-04,6,39
CLE,CLE202408050,2024-08-05,9,41
CLE,CLE202408072,2024-08-07,5,38
CLE,CLE202408071,2024-08-07,6,36
CLE,MIN202408091,2024-08-09,12,35
CLE,MIN202408092,2024-08-09,9,37
CLE,MIN202408100,2024-08-10,9,32
CLE,MIN202408110,2024-08-11,7,43
CLE,CLE202408120,2024-08-12,6,34
CLE,CLE202408130,2024-08-13,5,32
CLE,CLE202408140,2024-08-14,6,35
CLE,MIL202408160,2024-08-16,9,37
CLE,MIL202408170,2024-08-17,7,31
CLE,MIL202408180,2024-08-18,6,31
CLE,NYA202408200,2024-08-20,12,62
CLE,NYA202408210,2024-08-21,5,31
CLE,NYA202408220,2024-08-22,6,34
CLE,CLE202408230,2024-08-23,10,37
CLE,CLE202408240,2024-08-24,6,42
CLE,CLE202408250,2024-08-25,6,32
CLE,CLE202408261,2024-08-26,7,41
CLE,CLE202408262,2024-08-26,5,38
CLE,CLE202408270,2024-08-27,8,32
CLE,CLE202408280,2024-08-28,8,41
CLE,CLE202408300,2024-08-30,8,43
CLE,CLE202408310,2024-08-31,9,31
CLE,CLE202409010,2024-09-01,7,39
CLE,KCA202409020,2024-09-02,5,36
CLE,KCA202409030,2024-09-03,7,41
CLE,KCA202409040,2024-09-04,8,31
CLE,LAN202409060,2024-09-06,10,34
CLE,LAN202409070,2024-09-07,7,39
CLE,LAN202409080,2024-09-08,8,32
CLE,CHA202409090,2024-09-09,10,43
CLE,CHA202409100,2024-09-10,8,39
CLE,CHA202409110,2024-09-11,10,39
CLE,CLE202409120,2024-09-12,9,35
CLE,CLE202409130,2024-09-13,9,32
CLE,CLE202409140,2024-09-14,6,33
CLE,CLE202409150,2024-09-15,9,33
CLE,CLE202409160,2024-09-16,7,36
CLE,CLE202409170,2024-09-17,9,35
CLE,CLE202409180,2024-09-18,15,36
CLE,CLE202409190,2024-09-19,12,42
CLE,SLN202409200,2024-09-20,3,38
CLE,SLN202409210,2024-09-21,9,38
CLE,SLN202409220,2024-09-22,4,30
CLE,CLE202409240,2024-09-24,7,36
CLE,CLE202409250,2024-09-25,7,31
CLE,CLE202409270,2024-09-27,10,36
CLE,CLE202409280,2024-09-28,9,36
CLE,KCA202503270,2025-03-27,5,42
CLE,KCA202503290,2025-03-29,5,33
CLE,KCA202503300,2025-03-30,6,42
CLE,SDN202503310,2025-03-31,8,35
CLE,SDN202504010,2025-04-01,16,34
CLE,SDN202504020,2025-04-02,9,35
CLE,ANA202504040,2025-04-04,11,41
CLE,ANA202504050,2025-04-05,7,37
CLE,ANA202504060,2025-04-06,10,35
CLE,CLE202504080,2025-04-08,9,33
CLE,CLE202504090,2025-04-09,8,34
CLE,CLE202504100,2025-04-10,6,37
CLE,CLE202504110,2025-04-11,6,40
CLE,CLE202504120,2025-04-12,7,37
CLE,CLE202504130,2025-04-13,14,31
CLE,BAL202504150,2025-04-15,4,40
CLE,BAL202504160,2025-04-16,7,36
CLE,BAL202504170,2025-04-17,7,34
CLE,PIT202504180,2025-04-18,6,44
CLE,PIT202504190,2025-04-19,8,36
CLE,PIT202504200,2025-04-20,6,41
CLE,CLE202504210,2025-04-21,7,39
CLE,CLE202504220,2025-04-22,6,33
CLE,CLE202504230,2025-04-23,10,34
CLE,CLE202504261,2025-04-26,11,36
CLE,CLE202504262,2025-04-26,7,35
CLE,CLE202504270,2025-04-27,9,38
CLE,CLE202504280,2025-04-28,3,36
CLE,CLE202504290,2025-04-29,7,31
CLE,CLE202504300,2025-04-30,10,30
CLE,CLE202505010,2025-05-01,11,41
CLE,TOR202505020,2025-05-02,6,38
CLE,TOR202505030,2025-05-03,16,34
CLE,TOR202505040,2025-05-04,6,42
CLE,WAS202505062,2025-05-06,5,40
CLE,WAS202505061,2025-05-06,1,44
CLE,WAS202505070,2025-05-07,10,42
CLE,CLE202505090,2025-05-09,8,35
CLE,CLE202505100,2025-05-10,6,32
CLE,CLE202505110,2025-05-11,11,31
CLE,CLE202505120,2025-05-12,10,36
CLE,CLE202505130,2025-05-13,7,34
CLE,CLE202505140,2025-05-14,9,36
CLE,CIN202505160,2025-05-16,5,34
CLE,CIN202505170,2025-05-17,6,32
CLE,CIN202505180,2025-05-18,8,40
CLE,MIN202505190,2025-05-19,8,36
CLE,MIN202505210,2025-05-21,6,40
CLE,DET202505220,2025-05-22,10,39
CLE,DET202505230,2025-05-23,7,39
CLE,DET202505240,2025-05-24,9,45
CLE,DET202505250,2025-05-25,13,29
CLE,CLE202505260,2025-05-26,8,36
CLE,CLE202505270,2025-05-27,13,35
CLE,CLE202505280,2025-05-28,9,40
CLE,CLE202505300,2025-05-30,5,37
CLE,CLE202505310,2025-05-31,6,40
CLE,CLE202506010,2025-06-01,7,36
CLE,NYA202506030,2025-06-03,9,35
CLE,NYA202506040,2025-06-04,12,39
CLE,NYA202506050,2025-06-05,10,32
CLE,CLE202506060,2025-06-06,9,33
CLE,CLE202506070,2025-06-07,15,44
CLE,CLE202506080,2025-06-08,7,35
CLE,CLE202506090,2025-06-09,7,38
CLE,CLE202506100,2025-06-10,5,31
CLE,CLE202506110,2025-06-11,12,39
CLE,SEA202506130,2025-06-13,8,33
CLE,SEA202506140,2025-06-14,9,37
CLE,SEA202506150,2025-06-15,6,30
CLE,SFN202506170,2025-06-17,6,35
CLE,SFN202506180,2025-06-18,10,36
CLE,SFN202506190,2025-06-19,12,34
CLE,ATH202506200,2025-06-20,8,33
CLE,ATH202506210,2025-06-21,10,41
CLE,ATH202506220,2025-06-22,9,36
CLE,CLE202506240,2025-06-24,10,41
CLE,CLE202506250,2025-06-25,6,39
CLE,CLE202506260,2025-06-26,7,32
CLE,CLE202506270,2025-06-27,11,28
CLE,CLE202506280,2025-06-28,9,39
CLE,CLE202506290,2025-06-29,11,37
CLE,CHN202507010,2025-07-01,8,33
CLE,CHN202507020,2025-07-02,4,38
CLE,CHN202507030,2025-07-03,9,37
CLE,CLE202507040,2025-07-04,8,38
CLE,CLE202507050,2025-07-05,6,33
CLE,CLE202507060,2025-07-06,12,38
CLE,HOU202507070,2025-07-07,5,39
CLE,HOU202507080,2025-07-08,6,43
CLE,HOU202507090,2025-07-09,7,33
CLE,CHA202507112,2025-07-11,10,49
CLE,CHA202507111,2025-07-11,9,33
CLE,CHA202507120,2025-07-12,9,40
CLE,CHA202507130,2025-07-13,9,38
CLE,CLE202507180,2025-07-18,12,37
CLE,CLE202507190,2025-07-19,7,32
CLE,CLE202507200,2025-07-20,5,38
CLE,CLE202507210,2025-07-21,7,49
CLE,CLE202507220,2025-07-22,6,39
CLE,CLE202507230,2025-07-23,6,30
CLE,CLE202507240,2025-07-24,11,37
CLE,KCA202507261,2025-07-26,11,42
CLE,KCA202507262,2025-07-26,6,39
CLE,KCA202507270,2025-07-27,9,36
CLE,CLE202507280,2025-07-28,11,44
CLE,CLE202507290,2025-07-29,5,42
CLE,CLE202507300,2025-07-30,6,34
CLE,CLE202508010,2025-08-01,6,40
CLE,CLE202508020,2025-08-02,6,36
CLE,CLE202508030,2025-08-03,9,39
CLE,NYN202508040,2025-08-04,9,43
CLE,NYN202508050,2025-08-05,9,36
CLE,NYN202508060,2025-08-06,9,36
CLE,CHA202508080,2025-08-08,9,41
CLE,CHA202508090,2025-08-09,11,37
CLE,CHA202508100,2025-08-10,6,39
CLE,CLE202508120,2025-08-12,5,32
CLE,CLE202508130,2025-08-13,11,32
CLE,CLE202508140,2025-08-14,8,40
CLE,CLE202508150,2025-08-15,9,31
CLE,CLE202508160,2025-08-16,8,34
CLE,CLE202508170,2025-08-17,10,44
CLE,ARI202508180,2025-08-18,4,32
CLE,ARI202508190,2025-08-19,5,41
CLE,ARI202508200,2025-08-20,10,38
CLE,TEX202508220,2025-08-22,13,35
CLE,TEX202508230,2025-08-23,11,31
CLE,TEX202508240,2025-08-24,9,32
CLE,CLE202508250,2025-08-25,13,31
CLE,CLE202508260,2025-08-26,9,29
CLE,CLE202508270,2025-08-27,11,39
CLE,CLE202508290,2025-08-29,8,37
CLE,CLE202508300,2025-08-30,8,32
CLE,CLE202508310,2025-08-31,8,30
CLE,BOS202509010,2025-09-01,6,37
CLE,BOS202509020,2025-09-02,6,37
CLE,BOS202509030,2025-09-03,6,41
CLE,TBA202509040,2025-09-04,13,34
CLE,TBA202509050,2025-09-05,10,43
CLE,TBA202509060,2025-09-06,14,38
CLE,TBA202509070,2025-09-07,7,38
CLE,CLE202509080,2025-09-08,10,45
CLE,CLE202509090,2025-09-09,9,30
CLE,CLE202509100,2025-09-10,6,37
CLE,CLE202509110,2025-09-11,5,30
CLE,CLE202509120,2025-09-12,3,30
CLE,CLE202509130,2025-09-13,6,31
CLE,CLE202509140,2025-09-14,6,33
CLE,DET202509160,2025-09-16,15,44
CLE,DET202509170,2025-09-17,9,42
CLE,DET202509180,2025-09-18,11,40
CLE,MIN202509190,2025-09-19,10,40
CLE,MIN202509201,2025-09-20,7,37
CLE,MIN202509202,2025-09-20,7,41
CLE,MIN202509210,2025-09-21,6,34
CLE,CLE202509230,2025-09-23,10,34
CLE,CLE202509240,2025-09-24,9,35
CLE,CLE202509250,2025-09-25,8,34
CLE,CLE202509260,2025-09-26,11,34
CLE,CLE202509270,2025-09-27,8,34
CLE,CLE202509280,2025-09-28,9,43
COL,ARI202403280,2024-03-28,6,34
COL,ARI202403290,2024-03-29,11,33
COL,ARI202403300,2024-03-30,9,41
COL,ARI202403310,2024-03-31,9,34
COL,CHN202404010,2024-04-01,9,32
COL,CHN202404020,2024-04-02,6,36
COL,CHN202404030,2024-04-03,12,43
COL,COL202404050,2024-04-05,9,41
COL,COL202404060,2024-04-06,8,40
COL,COL202404070,2024-04-07,15,36
COL,COL202404080,2024-04-08,14,39
COL,COL202404090,2024-04-09,6,35
COL,COL202404100,2024-04-10,11,41
COL,TOR202404120,2024-04-12,9,48
COL,TOR202404130,2024-04-13,15,36
COL,TOR202404140,2024-04-14,10,33
COL,PHI202404150,2024-04-15,10,35
COL,PHI202404160,2024-04-16,8,32
COL,PHI202404170,2024-04-17,12,42
COL,COL202404200,2024-04-20,11,32
COL,COL202404211,2024-04-21,11,39
COL,COL202404212,2024-04-21,6,35
COL,COL202404220,2024-04-22,11,30
COL,COL202404230,2024-04-23,9,42
COL,COL202404240,2024-04-24,6,35
COL,COL202404250,2024-04-25,9,42
COL,COL202404270,2024-04-27,14,43
COL,COL202404280,2024-04-28,11,32
COL,MIA202404300,2024-04-30,13,41
COL,MIA202405010,2024-05-01,8,34
COL,MIA202405020,2024-05-02,16,40
COL,PIT202405030,2024-05-03,9,39
COL,PIT202405040,2024-05-04,11,28
COL,PIT202405050,2024-05-05,6,35
COL,COL202405070,2024-05-07,7,35
COL,COL202405080,2024-05-08,7,41
COL,COL202405090,2024-05-09,9,38
COL,COL202405100,2024-05-10,10,38
COL,COL202405110,2024-05-11,13,40
COL,COL202405120,2024-05-12,4,35
COL,SDN202405130,2024-05-13,6,37
COL,SDN202405140,2024-05-14,13,38
COL,SDN202405150,2024-05-15,9,41
COL,SFN202405170,2024-05-17,7,43
COL,SFN202405180,2024-05-18,10,40
COL,SFN202405190,2024-05-19,5,33
COL,OAK202405210,2024-05-21,6,38
COL,OAK202405220,2024-05-22,11,51
COL,OAK202405230,2024-05-23,12,44
COL,COL202405240,2024-05-24,6,46
COL,COL202405250,2024-05-25,11,38
COL,COL202405260,2024-05-26,10,34
COL,COL202405270,2024-05-27,9,36
COL,COL202405280,2024-05-28,14,41
COL,COL202405290,2024-05-29,3,35
COL,LAN202405310,2024-05-31,8,37
COL,LAN202406010,2024-06-01,10,36
COL,LAN202406020,2024-06-02,11,32
COL,COL202406030,2024-06-03,8,37
COL,COL202406040,2024-06-04,12,33
COL,COL202406050,2024-06-05,6,42
COL,SLN202406060,2024-06-06,9,35
COL,SLN202406070,2024-06-07,14,41
COL,SLN202406080,2024-06-08,9,38
COL,SLN202406090,2024-06-09,8,33
COL,MIN202406100,2024-06-10,10,32
COL,MIN202406110,2024-06-11,6,36
COL,MIN202406120,2024-06-12,8,42
COL,COL202406140,2024-06-14,9,38
COL,COL202406150,2024-06-15,8,45
COL,COL202406160,2024-06-16,7,35
COL,COL202406170,2024-06-17,9,35
COL,COL202406180,2024-06-18,8,43
COL,COL202406190,2024-06-19,4,37
COL,COL202406200,2024-06-20,13,36
COL,COL202406210,2024-06-21,10,39
COL,COL202406220,2024-06-22,12,39
COL,COL202406230,2024-06-23,13,34
COL,HOU202406250,2024-06-25,11,37
COL,HOU202406260,2024-06-26,14,32
COL,CHA202406280,2024-06-28,9,32
COL,CHA202406290,2024-06-29,7,32
COL,CHA202406300,2024-06-30,21,52
COL,COL202407010,2024-07-01,4,45
COL,COL202407020,2024-07-02,9,40
COL,COL202407030,2024-07-03,6,34
COL,COL202407040,2024-07-04,7,32
COL,COL202407050,2024-07-05,10,35
COL,COL202407060,2024-07-06,7,34
COL,COL202407070,2024-07-07,10,34
COL,CIN202407080,2024-07-08,9,31
COL,CIN202407090,2024-07-09,11,43
COL,CIN202407100,2024-07-10,8,38
COL,CIN202407110,2024-07-11,13,32
COL,NYN202407120,2024-07-12,11,38
COL,NYN202407130,2024-07-13,13,35
COL,NYN202407140,2024-07-14,13,39
COL,COL202407190,2024-07-19,10,40
COL,COL202407200,2024-07-20,8,33
COL,COL202407210,2024-07-21,15,34
COL,COL202407220,2024-07-22,7,56
COL,COL202407230,2024-07-23,7,32
COL,COL202407240,2024-07-24,10,50
COL,SFN202407260,2024-07-26,12,35
COL,SFN202407272,2024-07-27,13,33
COL,SFN202407271,2024-07-27,17,33
COL,SFN202407280,2024-07-28,11,37
COL,ANA202407300,2024-07-30,7,36
COL,ANA202407310,2024-07-31,11,36
COL,ANA202408010,2024-08-01,13,39
COL,SDN202408020,2024-08-02,10,39
COL,SDN202408030,2024-08-03,11,32
COL,SDN202408040,2024-08-04,12,34
COL,COL202408060,2024-08-06,6,36
COL,COL202408070,2024-08-07,10,37
COL,COL202408080,2024-08-08,10,39
COL,COL202408090,2024-08-09,12,38
COL,COL202408100,2024-08-10,14,42
COL,COL202408110,2024-08-11,10,41
COL,ARI202408120,2024-08-12,11,35
COL,ARI202408130,2024-08-13,11,35
COL,ARI202408140,2024-08-14,11,39
COL,COL202408160,2024-08-16,9,36
COL,COL202408170,2024-08-17,9,36
COL,COL202408180,2024-08-18,9,33
COL,WAS202408200,2024-08-20,9,39
COL,WAS202408210,2024-08-21,7,33
COL,WAS202408220,2024-08-22,13,34
COL,NYA202408230,2024-08-23,9,34
COL,NYA202408240,2024-08-24,14,46
COL,NYA202408250,2024-08-25,8,38
COL,COL202408260,2024-08-26,11,33
COL,COL202408270,2024-08-27,8,39
COL,COL202408280,2024-08-28,10,39
COL,COL202408290,2024-08-29,10,42
COL,COL202408300,2024-08-30,6,35
COL,COL202408310,2024-08-31,9,37
COL,COL202409010,2024-09-01,11,34
COL,ATL202409030,2024-09-03,13,34
COL,ATL202409040,2024-09-04,16,36
COL,ATL202409050,2024-09-05,16,36
COL,MIL202409060,2024-09-06,14,33
COL,MIL202409070,2024-09-07,16,34
COL,MIL202409080,2024-09-08,6,41
COL,DET202409100,2024-09-10,5,27
COL,DET202409110,2024-09-11,11,36
COL,DET202409120,2024-09-12,10,36
COL,COL202409130,2024-09-13,6,38
COL,COL202409140,2024-09-14,9,39
COL,COL202409150,2024-09-15,11,37
COL,COL202409160,2024-09-16,6,32
COL,COL202409170,2024-09-17,9,42
COL,COL202409180,2024-09-18,11,36
COL,LAN202409200,2024-09-20,15,35
COL,LAN202409210,2024-09-21,14,38
COL,LAN202409220,2024-09-22,17,40
COL,COL202409240,2024-09-24,10,35
COL,COL202409250,2024-09-25,11,33
COL,COL202409260,2024-09-26,8,41
COL,COL202409270,2024-09-27,13,41
COL,COL202409280,2024-09-28,10,32
COL,COL202409290,2024-09-29,12,35
COL,TBA202503280,2025-03-28,12,37
COL,TBA202503290,2025-03-29,9,33
COL,TBA202503300,2025-03-30,10,36
COL,PHI202503310,2025-03-31,13,37
COL,PHI202504020,2025-04-02,14,33
COL,PHI202504030,2025-04-03,10,37
COL,COL202504040,2025-04-04,14,47
COL,COL202504050,2025-04-05,5,38
COL,COL202504060,2025-04-06,11,42
COL,COL202504080,2025-04-08,14,36
COL,COL202504090,2025-04-09,9,40
COL,COL202504100,2025-04-10,7,39
COL,SDN202504110,2025-04-11,15,31
COL,SDN202504120,2025-04-12,9,31
COL,SDN202504130,2025-04-13,8,29
COL,LAN202504140,2025-04-14,9,37
COL,LAN202504150,2025-04-15,10,36
COL,LAN202504160,2025-04-16,16,39
COL,COL202504190,2025-04-19,17,44
COL,COL202504202,2025-04-20,10,37
COL,COL202504201,2025-04-20,12,32
COL,KCA202504220,2025-04-22,7,42
COL,KCA202504242,2025-04-24,9,39
COL,KCA202504241,2025-04-24,7,33
COL,COL202504250,2025-04-25,7,43
COL,COL202504260,2025-04-26,13,37
COL,COL202504270,2025-04-27,9,33
COL,COL202504280,2025-04-28,7,37
COL,COL202504290,2025-04-29,7,34
COL,COL202504300,2025-04-30,12,28
COL,SFN202505010,2025-05-01,6,36
COL,SFN202505020,2025-05-02,9,30
COL,SFN202505030,2025-05-03,9,36
COL,SFN202505040,2025-05-04,8,38
COL,COL202505070,2025-05-07,8,45
COL,COL202505082,2025-05-08,4,33
COL,COL202505081,2025-05-08,11,32
COL,COL202505090,2025-05-09,6,44
COL,COL202505100,2025-05-10,7,32
COL,COL202505110,2025-05-11,9,40
COL,TEX202505120,2025-05-12,7,34
COL,TEX202505130,2025-05-13,8,34
COL,TEX202505140,2025-05-14,14,36
COL,ARI202505160,2025-05-16,14,33
COL,ARI202505170,2025-05-17,7,49
COL,ARI202505180,2025-05-18,14,33
COL,COL202505190,2025-05-19,9,34
COL,COL202505200,2025-05-20,11,37
COL,COL202505210,2025-05-21,7,40
COL,COL202505220,2025-05-22,8,37
COL,COL202505230,2025-05-23,10,33
COL,COL202505240,2025-05-24,10,33
COL,COL202505250,2025-05-25,13,39
COL,CHN202505260,2025-05-26,9,33
COL,CHN202505270,2025-05-27,8,42
COL,CHN202505280,2025-05-28,11,31
COL,NYN202505300,2025-05-30,11,35
COL,NYN202505310,2025-05-31,9,33
COL,NYN202506010,2025-06-01,8,32
COL,MIA202506020,2025-06-02,9,39
COL,MIA202506030,2025-06-03,5,37
COL,MIA202506040,2025-06-04,8,33
COL,COL202506060,2025-06-06,8,35
COL,COL202506070,2025-06-07,9,36
COL,COL202506080,2025-06-08,8,41
COL,COL202506100,2025-06-10,10,40
COL,COL202506110,2025-06-11,6,42
COL,COL202506120,2025-06-12,8,43
COL,ATL202506130,2025-06-13,8,43
COL,ATL202506140,2025-06-14,19,33
COL,ATL202506150,2025-06-15,16,42
COL,WAS202506160,2025-06-16,7,35
COL,WAS202506170,2025-06-17,12,43
COL,WAS202506180,2025-06-18,9,34
COL,WAS202506190,2025-06-19,13,44
COL,COL202506200,2025-06-20,12,40
COL,COL202506210,2025-06-21,11,34
COL,COL202506220,2025-06-22,10,32
COL,COL202506240,2025-06-24,11,43
COL,COL202506250,2025-06-25,11,34
COL,COL202506260,2025-06-26,8,30
COL,MIL202506270,2025-06-27,11,41
COL,MIL202506280,2025-06-28,11,32
COL,MIL202506290,2025-06-29,15,44
COL,COL202507010,2025-07-01,10,41
COL,COL202507020,2025-07-02,11,37
COL,COL202507030,2025-07-03,3,35
COL,COL202507040,2025-07-04,8,33
COL,COL202507050,2025-07-05,3,39
COL,COL202507060,2025-07-06,4,36
COL,BOS202507070,2025-07-07,11,37
COL,BOS202507080,2025-07-08,10,33
COL,BOS202507090,2025-07-09,7,32
COL,CIN202507110,2025-07-11,16,37
COL,CIN202507120,2025-07-12,11,35
COL,CIN202507130,2025-07-13,7,37
COL,COL202507180,2025-07-18,9,39
COL,COL202507190,2025-07-19,9,40
COL,COL202507200,2025-07-20,13,31
COL,COL202507210,2025-07-21,5,34
COL,COL202507220,2025-07-22,13,39
COL,COL202507230,2025-07-23,8,37
COL,BAL202507250,2025-07-25,10,37
COL,BAL202507260,2025-07-26,7,30
COL,BAL202507270,2025-07-27,12,36
COL,CLE202507280,2025-07-28,4,42
COL,CLE202507290,2025-07-29,7,37
COL,CLE202507300,2025-07-30,10,30
COL,COL202508010,2025-08-01,7,52
COL,COL202508020,2025-08-02,10,38
COL,COL202508030,2025-08-03,9,40
COL,COL202508040,2025-08-04,7,34
COL,COL202508050,2025-08-05,7,37
COL,COL202508060,2025-08-06,11,34
COL,ARI202508080,2025-08-08,8,35
COL,ARI202508090,2025-08-09,6,40
COL,ARI202508100,2025-08-10,5,41
COL,SLN202508110,2025-08-11,5,34
COL,SLN202508120,2025-08-12,10,31
COL,SLN202508130,2025-08-13,6,38
COL,COL202508140,2025-08-14,8,36
COL,COL202508150,2025-08-15,7,34
COL,COL202508160,2025-08-16,6,38
COL,COL202508170,2025-08-17,7,36
COL,COL202508180,2025-08-18,6,33
COL,COL202508190,2025-08-19,8,36
COL,COL202508200,2025-08-20,6,40
COL,COL202508210,2025-08-21,7,38
COL,PIT202508220,2025-08-22,9,30
COL,PIT202508230,2025-08-23,13,35
COL,PIT202508240,2025-08-24,9,32
COL,HOU202508260,2025-08-26,11,35
COL,HOU202508270,2025-08-27,9,32
COL,HOU202508280,2025-08-28,13,40
COL,COL202508290,2025-08-29,10,44
COL,COL202508300,2025-08-30,4,33
COL,COL202508310,2025-08-31,7,37
COL,COL202509010,2025-09-01,10,37
COL,COL202509020,2025-09-02,10,37
COL,COL202509030,2025-09-03,11,40
COL,COL202509050,2025-09-05,9,36
COL,COL202509060,2025-09-06,7,41
COL,COL202509070,2025-09-07,9,34
COL,LAN202509080,2025-09-08,12,30
COL,LAN202509090,2025-09-09,12,32
COL,LAN202509100,2025-09-10,17,35
COL,SDN202509110,2025-09-11,14,31
COL,SDN202509120,2025-09-12,11,37
COL,SDN202509130,2025-09-13,10,37
COL,SDN202509140,2025-09-14,13,38
COL,COL202509160,2025-09-16,9,39
COL,COL202509170,2025-09-17,5,41
COL,COL202509180,2025-09-18,9,40
COL,COL202509190,2025-09-19,9,36
COL,COL202509200,2025-09-20,6,32
COL,COL202509210,2025-09-21,9,32
COL,SEA202509230,2025-09-23,10,34
COL,SEA202509240,2025-09-24,11,30
COL,SEA202509250,2025-09-25,13,39
COL,SFN202509260,2025-09-26,13,33
COL,SFN202509270,2025-09-27,8,37
COL,SFN202509280,2025-09-28,13,32
DET,CHA202403280,2024-03-28,11,35
DET,CHA202403300,2024-03-30,3,45
DET,CHA202403310,2024-03-31,13,39
DET,NYN202404010,2024-04-01,12,37
DET,NYN202404041,2024-04-04,8,47
DET,NYN202404042,2024-04-04,10,34
DET,DET202404050,2024-04-05,4,35
DET,DET202404060,2024-04-06,9,34
DET,DET202404070,2024-04-07,7,37
DET,PIT202404080,2024-04-08,12,40
DET,PIT202404090,2024-04-09,8,38
DET,DET202404120,2024-04-12,15,41
DET,DET202404131,2024-04-13,17,48
DET,DET202404132,2024-04-13,10,32
DET,DET202404140,2024-04-14,4,32
DET,DET202404150,2024-04-15,7,35
DET,DET202404160,2024-04-16,10,33
DET,DET202404170,2024-04-17,11,40
DET,DET202404180,2024-04-18,7,44
DET,MIN202404190,2024-04-19,11,39
DET,MIN202404200,2024-04-20,10,35
DET,MIN202404210,2024-04-21,9,40
DET,TBA202404220,2024-04-22,10,40
DET,TBA202404230,2024-04-23,6,35
DET,TBA202404240,2024-04-24,10,37
DET,DET202404260,2024-04-26,10,34
DET,DET202404270,2024-04-27,7,39
DET,DET202404280,2024-04-28,5,35
DET,DET202404302,2024-04-30,6,43
DET,DET202404301,2024-04-30,13,33
DET,DET202405010,2024-05-01,5,32
DET,NYA202405030,2024-05-03,4,38
DET,NYA202405040,2024-05-04,14,35
DET,NYA202405050,2024-05-05,11,31
DET,CLE202405060,2024-05-06,9,37
DET,CLE202405070,2024-05-07,8,44
DET,CLE202405080,2024-05-08,9,38
DET,DET202405100,2024-05-10,9,37
DET,DET202405110,2024-05-11,9,41
DET,DET202405120,2024-05-12,10,36
DET,DET202405130,2024-05-13,6,34
DET,DET202405140,2024-05-14,6,34
DET,DET202405150,2024-05-15,8,37
DET,ARI202405170,2024-05-17,11,47
DET,ARI202405180,2024-05-18,11,46
DET,ARI202405190,2024-05-19,7,35
DET,KCA202405200,2024-05-20,4,36
DET,KCA202405210,2024-05-21,8,36
DET,KCA202405220,2024-05-22,12,40
DET,DET202405230,2024-05-23,10,31
DET,DET202405240,2024-05-24,6,36
DET,DET202405250,2024-05-25,7,29
DET,DET202405260,2024-05-26,3,46
DET,DET202405292,2024-05-29,13,34
DET,DET202405291,2024-05-29,6,38
DET,BOS202405300,2024-05-30,14,37
DET,BOS202405310,2024-05-31,8,38
DET,BOS202406010,2024-06-01,9,33
DET,BOS202406020,2024-06-02,8,46
DET,TEX202406030,2024-06-03,10,31
DET,TEX202406040,2024-06-04,7,35
DET,TEX202406050,2024-06-05,11,30
DET,DET202406070,2024-06-07,5,31
DET,DET202406080,2024-06-08,11,39
DET,DET202406090,2024-06-09,5,41
DET,DET202406110,2024-06-11,11,41
DET,DET202406120,2024-06-12,9,40
DET,DET202406130,2024-06-13,6,37
DET,HOU202406140,2024-06-14,10,31
DET,HOU202406150,2024-06-15,11,53
DET,HOU202406160,2024-06-16,10,34
DET,ATL202406170,2024-06-17,11,36
DET,ATL202406180,2024-06-18,10,36
DET,ATL202406190,2024-06-19,11,35
DET,DET202406210,2024-06-21,3,29
DET,DET202406220,2024-06-22,9,37
DET,DET202406230,2024-06-23,11,43
DET,DET202406240,2024-06-24,8,33
DET,DET202406250,2024-06-25,5,33
DET,DET202406260,2024-06-26,7,32
DET,ANA202406270,2024-06-27,8,29
DET,ANA202406280,2024-06-28,6,33
DET,ANA202406290,2024-06-29,8,41
DET,ANA202406300,2024-06-30,6,37
DET,MIN202407020,2024-07-02,7,34
DET,MIN202407030,2024-07-03,10,38
DET,MIN202407040,2024-07-04,11,30
DET,CIN202407050,2024-07-05,10,41
DET,CIN202407060,2024-07-06,9,38
DET,CIN202407070,2024-07-07,8,39
DET,DET202407080,2024-07-08,7,32
DET,DET202407090,2024-07-09,7,43
DET,DET202407100,2024-07-10,9,33
DET,DET202407110,2024-07-11,8,43
DET,DET202407120,2024-07-12,7,40
DET,DET202407130,2024-07-13,8,47
DET,DET202407140,2024-07-14,5,37
DET,TOR202407190,2024-07-19,9,35
DET,TOR202407200,2024-07-20,11,40
DET,TOR202407210,2024-07-21,6,36
DET,CLE202407220,2024-07-22,13,39
DET,CLE202407230,2024-07-23,6,36
DET,CLE202407240,2024-07-24,9,30
DET,CLE202407250,2024-07-25,10,36
DET,DET202407260,2024-07-26,8,38
DET,DET202407270,2024-07-27,11,35
DET,DET202407280,2024-07-28,13,31
DET,DET202407290,2024-07-29,3,39
DET,DET202407300,2024-07-30,10,31
DET,DET202408010,2024-08-01,5,32
DET,DET202408020,2024-08-02,6,33
DET,DET202408030,2024-08-03,8,46
DET,DET202408040,2024-08-04,5,38
DET,SEA202408060,2024-08-06,14,37
DET,SEA202408070,2024-08-07,9,43
DET,SEA202408080,2024-08-08,11,33
DET,SFN202408090,2024-08-09,10,34
DET,SFN202408100,2024-08-10,11,35
DET,SFN202408110,2024-08-11,8,40
DET,DET202408130,2024-08-13,6,45
DET,DET202408140,2024-08-14,9,36
DET,DET202408150,2024-08-15,10,28
DET,DET202408160,2024-08-16,11,34
DET,DET202408170,2024-08-17,10,35
DET,DET202408180,2024-08-18,10,37
DET,CHN202408200,2024-08-20,14,36
DET,CHN202408210,2024-08-21,9,40
DET,CHN202408220,2024-08-22,13,32
DET,CHA202408230,2024-08-23,11,43
DET,CHA202408240,2024-08-24,6,45
DET,CHA202408250,2024-08-25,11,45
DET,CHA202408260,2024-08-26,8,43
DET,DET202408270,2024-08-27,12,31
DET,DET202408280,2024-08-28,7,31
DET,DET202408290,2024-08-29,9,37
DET,DET202408300,2024-08-30,13,41
DET,DET202408310,2024-08-31,7,31
DET,DET202409010,2024-09-01,11,29
DET,SDN202409020,2024-09-02,10,34
DET,SDN202409040,2024-09-04,12,43
DET,SDN202409050,2024-09-05,8,37
DET,OAK202409060,2024-09-06,17,55
DET,OAK202409070,2024-09-07,10,37
DET,OAK202409080,2024-09-08,9,48
DET,DET202409100,2024-09-10,8,40
DET,DET202409110,2024-09-11,8,38
DET,DET202409120,2024-09-12,11,34
DET,DET202409130,2024-09-13,5,30
DET,DET202409140,2024-09-14,8,34
DET,DET202409150,2024-09-15,12,32
DET,KCA202409160,2024-09-16,11,44
DET,KCA202409170,2024-09-17,11,40
DET,KCA202409180,2024-09-18,13,41
DET,BAL202409200,2024-09-20,10,37
DET,BAL202409210,2024-09-21,11,44
DET,BAL202409220,2024-09-22,11,36
DET,DET202409240,2024-09-24,12,31
DET,DET202409250,2024-09-25,11,38
DET,DET202409260,2024-09-26,10,34
DET,DET202409270,2024-09-27,10,38
DET,DET202409280,2024-09-28,11,32
DET,DET202409290,2024-09-29,4,38
DET,LAN202503270,2025-03-27,9,42
DET,LAN202503280,2025-03-28,16,44
DET,LAN202503290,2025-03-29,13,36
DET,SEA202503310,2025-03-31,5,46
DET,SEA202504010,2025-04-01,13,36
DET,SEA202504020,2025-04-02,8,37
DET,DET202504040,2025-04-04,9,41
DET,DET202504050,2025-04-05,8,38
DET,DET202504060,2025-04-06,5,39
DET,DET202504070,2025-04-07,10,34
DET,DET202504080,2025-04-08,9,33
DET,DET202504090,2025-04-09,14,37
DET,MIN202504110,2025-04-11,8,43
DET,MIN202504120,2025-04-12,9,36
DET,MIN202504130,2025-04-13,12,34
DET,MIL202504140,2025-04-14,9,41
DET,MIL202504150,2025-04-15,10,31
DET,MIL202504160,2025-04-16,9,37
DET,DET202504170,2025-04-17,6,41
DET,DET202504180,2025-04-18,11,38
DET,DET202504190,2025-04-19,5,32
DET,DET202504200,2025-04-20,8,42
DET,DET202504210,2025-04-21,5,41
DET,DET202504220,2025-04-22,7,32
DET,DET202504230,2025-04-23,10,36
DET,DET202504261,2025-04-26,11,38
DET,DET202504262,2025-04-26,7,37
DET,DET202504270,2025-04-27,5,36
DET,HOU202504280,2025-04-28,12,36
DET,HOU202504290,2025-04-29,13,39
DET,HOU202504300,2025-04-30,7,39
DET,ANA202505010,2025-05-01,10,44
DET,ANA202505020,2025-05-02,8,41
DET,ANA202505030,2025-05-03,3,32
DET,ANA202505040,2025-05-04,8,48
DET,COL202505070,2025-05-07,9,45
DET,COL202505081,2025-05-08,10,43
DET,COL202505082,2025-05-08,5,41
DET,DET202505090,2025-05-09,5,31
DET,DET202505100,2025-05-10,13,34
DET,DET202505110,2025-05-11,10,33
DET,DET202505120,2025-05-12,4,47
DET,DET202505130,2025-05-13,13,45
DET,DET202505140,2025-05-14,7,36
DET,TOR202505160,2025-05-16,10,41
DET,TOR202505170,2025-05-17,7,31
DET,TOR202505180,2025-05-18,6,40
DET,SLN202505190,2025-05-19,12,36
DET,SLN202505200,2025-05-20,5,34
DET,SLN202505210,2025-05-21,7,40
DET,DET202505220,2025-05-22,12,34
DET,DET202505230,2025-05-23,9,35
DET,DET202505240,2025-05-24,10,40
DET,DET202505250,2025-05-25,7,38
DET,DET202505260,2025-05-26,8,34
DET,DET202505270,2025-05-27,13,32
DET,DET202505280,2025-05-28,16,36
DET,KCA202505300,2025-05-30,12,41
DET,KCA202505310,2025-05-31,8,31
DET,KCA202506010,2025-06-01,10,34
DET,CHA202506020,2025-06-02,7,46
DET,CHA202506030,2025-06-03,10,37
DET,CHA202506040,2025-06-04,7,41
DET,CHA202506050,2025-06-05,9,40
DET,DET202506060,2025-06-06,7,32
DET,DET202506070,2025-06-07,7,34
DET,DET202506080,2025-06-08,8,36
DET,BAL202506100,2025-06-10,9,39
DET,BAL202506110,2025-06-11,8,33
DET,BAL202506120,2025-06-12,10,36
DET,DET202506130,2025-06-13,5,45
DET,DET202506140,2025-06-14,4,35
DET,DET202506150,2025-06-15,9,39
DET,DET202506170,2025-06-17,7,35
DET,DET202506191,2025-06-19,4,40
DET,DET202506192,2025-06-19,12,40
DET,TBA202506200,2025-06-20,9,39
DET,TBA202506210,2025-06-21,10,39
DET,TBA202506220,2025-06-22,10,41
DET,DET202506240,2025-06-24,4,40
DET,DET202506250,2025-06-25,9,32
DET,DET202506260,2025-06-26,5,36
DET,DET202506270,2025-06-27,11,35
DET,DET202506280,2025-06-28,7,44
DET,DET202506290,2025-06-29,8,36
DET,WAS202507022,2025-07-02,6,38
DET,WAS202507021,2025-07-02,11,45
DET,WAS202507030,2025-07-03,7,40
DET,CLE202507040,2025-07-04,8,36
DET,CLE202507050,2025-07-05,9,32
DET,CLE202507060,2025-07-06,11,43
DET,DET202507070,2025-07-07,10,36
DET,DET202507080,2025-07-08,10,35
DET,DET202507090,2025-07-09,7,38
DET,DET202507110,2025-07-11,10,37
DET,DET202507120,2025-07-12,10,42
DET,DET202507130,2025-07-13,13,37
DET,TEX202507180,2025-07-18,9,32
DET,TEX202507190,2025-07-19,6,34
DET,TEX202507200,2025-07-20,8,38
DET,PIT202507210,2025-07-21,11,35
DET,PIT202507220,2025-07-22,11,40
DET,PIT202507230,2025-07-23,11,32
DET,DET202507240,2025-07-24,7,36
DET,DET202507250,2025-07-25,9,33
DET,DET202507260,2025-07-26,13,30
DET,DET202507270,2025-07-27,13,35
DET,DET202507280,2025-07-28,9,34
DET,DET202507290,2025-07-29,4,44
DET,DET202507300,2025-07-30,10,37
DET,PHI202508010,2025-08-01,5,32
DET,PHI202508020,2025-08-02,12,40
DET,PHI202508030,2025-08-03,7,32
DET,DET202508040,2025-08-04,9,32
DET,DET202508050,2025-08-05,10,37
DET,DET202508060,2025-08-06,7,34
DET,DET202508080,2025-08-08,9,33
DET,DET202508090,2025-08-09,14,39
DET,DET202508100,2025-08-10,4,40
DET,CHA202508110,2025-08-11,13,35
DET,CHA202508120,2025-08-12,11,41
DET,CHA202508130,2025-08-13,9,37
DET,MIN202508140,2025-08-14,6,40
DET,MIN202508150,2025-08-15,5,39
DET,MIN202508160,2025-08-16,10,49
DET,MIN202508170,2025-08-17,12,32
DET,DET202508180,2025-08-18,8,43
DET,DET202508190,2025-08-19,9,38
DET,DET202508200,2025-08-20,5,34
DET,DET202508220,2025-08-22,7,38
DET,DET202508230,2025-08-23,6,32
DET,DET202508240,2025-08-24,10,39
DET,ATH202508250,2025-08-25,11,39
DET,ATH202508260,2025-08-26,13,44
DET,ATH202508270,2025-08-27,10,31
DET,KCA202508290,2025-08-29,11,40
DET,KCA202508300,2025-08-30,4,34
DET,KCA202508310,2025-08-31,9,40
DET,DET202509010,2025-09-01,10,43
DET,DET202509020,2025-09-02,8,37
DET,DET202509030,2025-09-03,9,37
DET,DET202509050,2025-09-05,11,38
DET,DET202509060,2025-09-06,9,34
DET,DET202509070,2025-09-07,9,36
DET,NYA202509090,2025-09-09,8,45
DET,NYA202509100,2025-09-10,8,45
DET,NYA202509110,2025-09-11,9,38
DET,MIA202509120,2025-09-12,10,34
DET,MIA202509130,2025-09-13,10,46
DET,MIA202509140,2025-09-14,7,35
DET,DET202509160,2025-09-16,9,42
DET,DET202509170,2025-09-17,13,35
DET,DET202509180,2025-09-18,10,34
DET,DET202509190,2025-09-19,8,31
DET,DET202509200,2025-09-20,11,38
DET,DET202509210,2025-09-21,10,42
DET,CLE202509230,2025-09-23,19,34
DET,CLE202509240,2025-09-24,9,35
DET,CLE202509250,2025-09-25,10,40
DET,BOS202509260,2025-09-26,12,40
DET,BOS202509270,2025-09-27,10,35
DET,BOS202509280,2025-09-28,10,37
HOU,HOU202403280,2024-03-28,7,40
HOU,HOU202403290,2024-03-29,6,39
HOU,HOU202403300,2024-03-30,6,35
HOU,HOU202403310,2024-03-31,8,39
HOU,HOU202404010,2024-04-01,8,38
HOU,HOU202404020,2024-04-02,4,34
HOU,HOU202404030,2024-04-03,7,42
HOU,TEX202404050,2024-04-05,5,32
HOU,TEX202404060,2024-04-06,7,39
HOU,TEX202404070,2024-04-07,10,35
HOU,TEX202404080,2024-04-08,8,41
HOU,KCA202404090,2024-04-09,10,45
HOU,KCA202404100,2024-04-10,4,39
HOU,KCA202404110,2024-04-11,6,43
HOU,HOU202404120,2024-04-12,8,43
HOU,HOU202404130,2024-04-13,2,46
HOU,HOU202404140,2024-04-14,4,38
HOU,HOU202404150,2024-04-15,7,36
HOU,HOU202404160,2024-04-16,10,36
HOU,HOU202404170,2024-04-17,7,42
HOU,WAS202404190,2024-04-19,5,40
HOU,WAS202404200,2024-04-20,6,39
HOU,WAS202404210,2024-04-21,9,31
HOU,CHN202404230,2024-04-23,5,34
HOU,CHN202404240,2024-04-24,7,40
HOU,CHN202404250,2024-04-25,6,34
HOU,COL202404270,2024-04-27,4,46
HOU,COL202404280,2024-04-28,2,37
HOU,HOU202404300,2024-04-30,9,45
HOU,HOU202405010,2024-05-01,7,36
HOU,HOU202405020,2024-05-02,9,39
HOU,HOU202405030,2024-05-03,5,36
HOU,HOU202405040,2024-05-04,7,31
HOU,HOU202405050,2024-05-05,5,37
HOU,NYA202405070,2024-05-07,5,36
HOU,NYA202405080,2024-05-08,8,39
HOU,NYA202405090,2024-05-09,10,39
HOU,DET202405100,2024-05-10,3,38
HOU,DET202405110,2024-05-11,9,37
HOU,DET202405120,2024-05-12,7,45
HOU,HOU202405130,2024-05-13,3,37
HOU,HOU202405140,2024-05-14,11,36
HOU,HOU202405150,2024-05-15,5,32
HOU,HOU202405160,2024-05-16,8,38
HOU,HOU202405170,2024-05-17,9,35
HOU,HOU202405180,2024-05-18,9,36
HOU,HOU202405190,2024-05-19,10,44
HOU,HOU202405200,2024-05-20,5,40
HOU,HOU202405210,2024-05-21,6,41
HOU,HOU202405220,2024-05-22,6,34
HOU,OAK202405240,2024-05-24,4,40
HOU,OAK202405250,2024-05-25,6,33
HOU,OAK202405260,2024-05-26,5,41
HOU,SEA202405270,2024-05-27,9,34
HOU,SEA202405280,2024-05-28,10,34
HOU,SEA202405290,2024-05-29,14,37
HOU,SEA202405300,2024-05-30,5,36
HOU,HOU202405310,2024-05-31,7,34
HOU,HOU202406010,2024-06-01,5,34
HOU,HOU202406020,2024-06-02,8,36
HOU,HOU202406030,2024-06-03,11,38
HOU,HOU202406040,2024-06-04,5,39
HOU,HOU202406050,2024-06-05,7,32
HOU,ANA202406070,2024-06-07,4,41
HOU,ANA202406080,2024-06-08,8,39
HOU,ANA202406090,2024-06-09,6,42
HOU,SFN202406100,2024-06-10,6,40
HOU,SFN202406110,2024-06-11,10,34
HOU,SFN202406120,2024-06-12,7,33
HOU,HOU202406140,2024-06-14,4,31
HOU,HOU202406150,2024-06-15,9,38
HOU,HOU202406160,2024-06-16,3,30
HOU,CHA202406180,2024-06-18,4,34
HOU,CHA202406190,2024-06-19,9,40
HOU,CHA202406200,2024-06-20,12,43
HOU,HOU202406210,2024-06-21,10,43
HOU,HOU202406220,2024-06-22,5,30
HOU,HOU202406230,2024-06-23,5,41
HOU,HOU202406250,2024-06-25,4,35
HOU,HOU202406260,2024-06-26,5,38
HOU,NYN202406280,2024-06-28,10,43
HOU,NYN202406290,2024-06-29,10,45
HOU,NYN202406300,2024-06-30,5,46
HOU,TOR202407010,2024-07-01,9,32
HOU,TOR202407020,2024-07-02,6,37
HOU,TOR202407030,2024-07-03,7,46
HOU,TOR202407040,2024-07-04,9,42
HOU,MIN202407050,2024-07-05,9,51
HOU,MIN202407060,2024-07-06,12,36
HOU,MIN202407070,2024-07-07,7,35
HOU,HOU202407090,2024-07-09,8,33
HOU,HOU202407100,2024-07-10,7,39
HOU,HOU202407110,2024-07-11,4,34
HOU,HOU202407120,2024-07-12,5,36
HOU,HOU202407130,2024-07-13,11,40
HOU,HOU202407140,2024-07-14,9,36
HOU,SEA202407190,2024-07-19,8,35
HOU,SEA202407200,2024-07-20,11,35
HOU,SEA202407210,2024-07-21,11,36
HOU,OAK202407220,2024-07-22,9,35
HOU,OAK202407230,2024-07-23,9,36
HOU,OAK202407240,2024-07-24,6,40
HOU,HOU202407260,2024-07-26,5,36
HOU,HOU202407270,2024-07-27,5,38
HOU,HOU202407280,2024-07-28,11,33
HOU,HOU202407290,2024-07-29,8,40
HOU,HOU202407300,2024-07-30,7,37
HOU,HOU202407310,2024-07-31,5,32
HOU,HOU202408020,2024-08-02,7,35
HOU,HOU202408030,2024-08-03,7,31
HOU,HOU202408040,2024-08-04,12,33
HOU,TEX202408050,2024-08-05,12,43
HOU,TEX202408060,2024-08-06,4,41
HOU,TEX202408070,2024-08-07,4,43
HOU,BOS202408090,2024-08-09,4,45
HOU,BOS202408100,2024-08-10,9,39
HOU,BOS202408110,2024-08-11,8,44
HOU,TBA202408120,2024-08-12,11,39
HOU,TBA202408130,2024-08-13,9,38
HOU,TBA202408140,2024-08-14,9,36
HOU,HOU202408160,2024-08-16,16,37
HOU,HOU202408170,2024-08-17,7,39
HOU,HOU202408180,2024-08-18,7,32
HOU,HOU202408190,2024-08-19,13,39
HOU,HOU202408200,2024-08-20,4,36
HOU,HOU202408210,2024-08-21,9,36
HOU,BAL202408220,2024-08-22,7,39
HOU,BAL202408230,2024-08-23,5,38
HOU,BAL202408240,2024-08-24,8,34
HOU,BAL202408250,2024-08-25,10,39
HOU,PHI202408260,2024-08-26,8,39
HOU,PHI202408270,2024-08-27,8,34
HOU,PHI202408280,2024-08-28,2,44
HOU,HOU202408290,2024-08-29,9,36
HOU,HOU202408300,2024-08-30,10,37
HOU,HOU202408310,2024-08-31,11,32
HOU,HOU202409010,2024-09-01,9,34
HOU,CIN202409020,2024-09-02,8,38
HOU,CIN202409040,2024-09-04,13,39
HOU,CIN202409050,2024-09-05,5,34
HOU,HOU202409060,2024-09-06,8,38
HOU,HOU202409070,2024-09-07,6,41
HOU,HOU202409080,2024-09-08,12,42
HOU,HOU202409100,2024-09-10,7,49
HOU,HOU202409110,2024-09-11,3,37
HOU,HOU202409120,2024-09-12,2,37
HOU,ANA202409130,2024-09-13,5,43
HOU,ANA202409140,2024-09-14,10,40
HOU,ANA202409150,2024-09-15,9,40
HOU,SDN202409160,2024-09-16,4,36
HOU,SDN202409170,2024-09-17,11,42
HOU,SDN202409180,2024-09-18,6,30
HOU,HOU202409190,2024-09-19,6,36
HOU,HOU202409200,2024-09-20,6,40
HOU,HOU202409210,2024-09-21,4,48
HOU,HOU202409220,2024-09-22,6,43
HOU,HOU202409230,2024-09-23,5,33
HOU,HOU202409240,2024-09-24,8,31
HOU,HOU202409250,2024-09-25,8,34
HOU,CLE202409270,2024-09-27,13,44
HOU,CLE202409280,2024-09-28,8,42
HOU,HOU202503270,2025-03-27,7,36
HOU,HOU202503280,2025-03-28,10,34
HOU,HOU202503290,2025-03-29,6,31
HOU,HOU202503310,2025-03-31,10,34
HOU,HOU202504010,2025-04-01,7,31
HOU,HOU202504020,2025-04-02,14,39
HOU,MIN202504030,2025-04-03,12,37
HOU,MIN202504050,2025-04-05,13,39
HOU,MIN202504060,2025-04-06,9,47
HOU,SEA202504070,2025-04-07,10,35
HOU,SEA202504080,2025-04-08,12,47
HOU,SEA202504090,2025-04-09,5,45
HOU,HOU202504110,2025-04-11,3,48
HOU,HOU202504120,2025-04-12,10,34
HOU,HOU202504130,2025-04-13,3,34
HOU,SLN202504140,2025-04-14,5,34
HOU,SLN202504150,2025-04-15,8,36
HOU,SLN202504160,2025-04-16,8,32
HOU,HOU202504180,2025-04-18,4,36
HOU,HOU202504190,2025-04-19,7,34
HOU,HOU202504200,2025-04-20,11,36
HOU,HOU202504210,2025-04-21,9,37
HOU,HOU202504220,2025-04-22,8,37
HOU,HOU202504230,2025-04-23,6,37
HOU,KCA202504250,2025-04-25,9,30
HOU,KCA202504260,2025-04-26,8,35
HOU,KCA202504270,2025-04-27,7,39
HOU,HOU202504280,2025-04-28,5,35
HOU,HOU202504290,2025-04-29,8,38
HOU,HOU202504300,2025-04-30,10,43
HOU,CHA202505020,2025-05-02,6,38
HOU,CHA202505030,2025-05-03,9,41
HOU,CHA202505040,2025-05-04,4,32
HOU,MIL202505050,2025-05-05,6,36
HOU,MIL202505060,2025-05-06,8,35
HOU,MIL202505070,2025-05-07,5,43
HOU,HOU202505090,2025-05-09,7,36
HOU,HOU202505100,2025-05-10,10,47
HOU,HOU202505110,2025-05-11,10,42
HOU,HOU202505120,2025-05-12,7,41
HOU,HOU202505130,2025-05-13,10,30
HOU,HOU202505140,2025-05-14,6,31
HOU,TEX202505150,2025-05-15,7,34
HOU,TEX202505160,2025-05-16,6,41
HOU,TEX202505170,2025-05-17,5,35
HOU,TEX202505180,2025-05-18,5,34
HOU,TBA202505190,2025-05-19,3,36
HOU,TBA202505200,2025-05-20,13,38
HOU,TBA202505210,2025-05-21,12,35
HOU,HOU202505220,2025-05-22,6,41
HOU,HOU202505230,2025-05-23,3,40
HOU,HOU202505240,2025-05-24,5,34
HOU,HOU202505250,2025-05-25,8,40
HOU,HOU202505270,2025-05-27,7,39
HOU,HOU202505280,2025-05-28,5,37
HOU,HOU202505290,2025-05-29,7,35
HOU,HOU202505300,2025-05-30,8,32
HOU,HOU202505310,2025-05-31,6,37
HOU,HOU202506010,2025-06-01,11,32
HOU,PIT202506030,2025-06-03,8,33
HOU,PIT202506040,2025-06-04,12,34
HOU,PIT202506050,2025-06-05,7,39
HOU,CLE202506060,2025-06-06,4,41
HOU,CLE202506070,2025-06-07,7,39
HOU,CLE202506080,2025-06-08,9,34
HOU,HOU202506100,2025-06-10,6,36
HOU,HOU202506110,2025-06-11,9,40
HOU,HOU202506120,2025-06-12,6,35
HOU,HOU202506130,2025-06-13,9,40
HOU,HOU202506140,2025-06-14,10,34
HOU,HOU202506150,2025-06-15,8,35
HOU,ATH202506160,2025-06-16,9,33
HOU,ATH202506170,2025-06-17,4,50
HOU,ATH202506180,2025-06-18,8,48
HOU,ATH202506190,2025-06-19,10,43
HOU,ANA202506200,2025-06-20,11,40
HOU,ANA202506210,2025-06-21,13,34
HOU,ANA202506220,2025-06-22,7,44
HOU,HOU202506240,2025-06-24,8,29
HOU,HOU202506250,2025-06-25,10,32
HOU,HOU202506260,2025-06-26,11,33
HOU,HOU202506270,2025-06-27,3,39
HOU,HOU202506280,2025-06-28,5,33
HOU,HOU202506290,2025-06-29,6,33
HOU,COL202507010,2025-07-01,9,40
HOU,COL202507020,2025-07-02,3,43
HOU,COL202507030,2025-07-03,4,43
HOU,LAN202507040,2025-07-04,8,54
HOU,LAN202507050,2025-07-05,10,36
HOU,LAN202507060,2025-07-06,9,41
HOU,HOU202507070,2025-07-07,4,34
HOU,HOU202507080,2025-07-08,15,47
HOU,HOU202507090,2025-07-09,11,34
HOU,HOU202507110,2025-07-11,10,37
HOU,HOU202507120,2025-07-12,11,41
HOU,HOU202507130,2025-07-13,9,32
HOU,SEA202507180,2025-07-18,8,34
HOU,SEA202507190,2025-07-19,14,52
HOU,SEA202507200,2025-07-20,8,44
HOU,ARI202507210,2025-07-21,10,37
HOU,ARI202507220,2025-07-22,6,42
HOU,ARI202507230,2025-07-23,7,41
HOU,HOU202507240,2025-07-24,9,33
HOU,HOU202507250,2025-07-25,8,34
HOU,HOU202507260,2025-07-26,10,34
HOU,HOU202507270,2025-07-27,5,36
HOU,HOU202507280,2025-07-28,7,32
HOU,HOU202507290,2025-07-29,7,41
HOU,HOU202507300,2025-07-30,7,36
HOU,BOS202508010,2025-08-01,6,37
HOU,BOS202508020,2025-08-02,6,44
HOU,BOS202508030,2025-08-03,5,31
HOU,MIA202508040,2025-08-04,7,40
HOU,MIA202508050,2025-08-05,3,41
HOU,MIA202508060,2025-08-06,9,40
HOU,NYA202508080,2025-08-08,7,44
HOU,NYA202508090,2025-08-09,11,37
HOU,NYA202508100,2025-08-10,10,45
HOU,HOU202508110,2025-08-11,7,35
HOU,HOU202508120,2025-08-12,10,37
HOU,HOU202508130,2025-08-13,3,32
HOU,HOU202508150,2025-08-15,7,28
HOU,HOU202508160,2025-08-16,16,50
HOU,HOU202508170,2025-08-17,12,33
HOU,DET202508180,2025-08-18,11,34
HOU,DET202508190,2025-08-19,12,33
HOU,DET202508200,2025-08-20,10,37
HOU,BAL202508210,2025-08-21,2,42
HOU,BAL202508220,2025-08-22,9,42
HOU,BAL202508230,2025-08-23,5,40
HOU,BAL202508240,2025-08-24,12,37
HOU,HOU202508260,2025-08-26,7,39
HOU,HOU202508270,2025-08-27,10,33
HOU,HOU202508280,2025-08-28,7,34
HOU,HOU202508290,2025-08-29,3,39
HOU,HOU202508300,2025-08-30,5,35
HOU,HOU202508310,2025-08-31,10,31
HOU,HOU202509010,2025-09-01,9,40
HOU,HOU202509020,2025-09-02,9,34
HOU,HOU202509030,2025-09-03,8,38
HOU,HOU202509040,2025-09-04,10,41
HOU,TEX202509050,2025-09-05,11,45
HOU,TEX202509060,2025-09-06,12,49
HOU,TEX202509070,2025-09-07,8,33
HOU,TOR202509090,2025-09-09,5,43
HOU,TOR202509100,2025-09-10,8,37
HOU,TOR202509110,2025-09-11,9,30
HOU,ATL202509120,2025-09-12,9,43
HOU,ATL202509130,2025-09-13,11,41
HOU,ATL202509140,2025-09-14,11,37
HOU,HOU202509150,2025-09-15,5,33
HOU,HOU202509160,2025-09-16,6,38
HOU,HOU202509170,2025-09-17,9,32
HOU,HOU202509190,2025-09-19,11,32
HOU,HOU202509200,2025-09-20,11,38
HOU,HOU202509210,2025-09-21,6,37
HOU,ATH202509230,2025-09-23,6,33
HOU,ATH202509240,2025-09-24,9,32
HOU,ATH202509250,2025-09-25,10,47
HOU,ANA202509260,2025-09-26,13,36
HOU,ANA202509270,2025-09-27,6,34
HOU,ANA202509280,2025-09-28,9,43
KCA,KCA202403280,2024-03-28,8,32
KCA,KCA202403300,2024-03-30,11,34
KCA,KCA202403310,2024-03-31,7,41
KCA,BAL202404010,2024-04-01,9,38
KCA,BAL202404020,2024-04-02,9,38
KCA,BAL202404030,2024-04-03,7,38
KCA,KCA202404040,2024-04-04,4,37
KCA,KCA202404050,2024-04-05,10,35
KCA,KCA202404060,2024-04-06,8,35
KCA,KCA202404070,2024-04-07,6,32
KCA,KCA202404090,2024-04-09,7,40
KCA,KCA202404100,2024-04-10,5,40
KCA,KCA202404110,2024-04-11,4,42
KCA,NYN202404120,2024-04-12,10,34
KCA,NYN202404130,2024-04-13,7,47
KCA,NYN202404140,2024-04-14,14,31
KCA,CHA202404150,2024-04-15,8,36
KCA,CHA202404171,2024-04-17,5,36
KCA,CHA202404172,2024-04-17,6,34
KCA,KCA202404190,2024-04-19,5,37
KCA,KCA202404200,2024-04-20,6,40
KCA,KCA202404210,2024-04-21,5,36
KCA,KCA202404220,2024-04-22,7,35
KCA,KCA202404230,2024-04-23,4,33
KCA,KCA202404240,2024-04-24,2,36
KCA,KCA202404250,2024-04-25,1,20
KCA,DET202404260,2024-04-26,10,40
KCA,DET202404270,2024-04-27,2,39
KCA,DET202404280,2024-04-28,9,34
KCA,TOR202404290,2024-04-29,7,41
KCA,TOR202404300,2024-04-30,4,35
KCA,TOR202405010,2024-05-01,7,36
KCA,KCA202405030,2024-05-03,4,37
KCA,KCA202405040,2024-05-04,6,38
KCA,KCA202405050,2024-05-05,10,39
KCA,KCA202405060,2024-05-06,8,34
KCA,KCA202405070,2024-05-07,7,39
KCA,KCA202405080,2024-05-08,4,37
KCA,ANA202405090,2024-05-09,13,42
KCA,ANA202405100,2024-05-10,7,37
KCA,ANA202405110,2024-05-11,5,35
KCA,ANA202405120,2024-05-12,8,39
KCA,SEA202405130,2024-05-13,10,36
KCA,SEA202405140,2024-05-14,10,33
KCA,SEA202405150,2024-05-15,9,35
KCA,KCA202405170,2024-05-17,5,38
KCA,KCA202405180,2024-05-18,4,34
KCA,KCA202405190,2024-05-19,5,36
KCA,KCA202405200,2024-05-20,6,39
KCA,KCA202405210,2024-05-21,7,41
KCA,KCA202405220,2024-05-22,10,37
KCA,TBA202405240,2024-05-24,8,43
KCA,TBA202405250,2024-05-25,6,47
KCA,TBA202405260,2024-05-26,8,38
KCA,MIN202405270,2024-05-27,10,38
KCA,MIN202405280,2024-05-28,9,33
KCA,MIN202405290,2024-05-29,5,37
KCA,MIN202405300,2024-05-30,8,39
KCA,KCA202405310,2024-05-31,7,41
KCA,KCA202406010,2024-06-01,8,39
KCA,KCA202406020,2024-06-02,5,33
KCA,CLE202406040,2024-06-04,10,38
KCA,CLE202406060,2024-06-06,9,42
KCA,KCA202406070,2024-06-07,5,41
KCA,KCA202406080,2024-06-08,6,37
KCA,KCA202406090,2024-06-09,8,39
KCA,KCA202406100,2024-06-10,8,34
KCA,KCA202406110,2024-06-11,4,38
KCA,KCA202406120,2024-06-12,5,42
KCA,KCA202406130,2024-06-13,3,37
KCA,LAN202406140,2024-06-14,4,33
KCA,LAN202406150,2024-06-15,8,39
KCA,LAN202406160,2024-06-16,11,31
KCA,OAK202406180,2024-06-18,7,38
KCA,OAK202406190,2024-06-19,7,36
KCA,OAK202406200,2024-06-20,9,35
KCA,TEX202406210,2024-06-21,12,35
KCA,TEX202406220,2024-06-22,9,30
KCA,TEX202406230,2024-06-23,5,28
KCA,KCA202406240,2024-06-24,5,33
KCA,KCA202406250,2024-06-25,9,33
KCA,KCA202406260,2024-06-26,8,36
KCA,KCA202406270,2024-06-27,8,30
KCA,KCA202406280,2024-06-28,4,41
KCA,KCA202406290,2024-06-29,10,31
KCA,KCA202406300,2024-06-30,5,37
KCA,KCA202407020,2024-07-02,6,32
KCA,KCA202407030,2024-07-03,4,35
KCA,KCA202407040,2024-07-04,4,39
KCA,COL202407050,2024-07-05,7,37
KCA,COL202407060,2024-07-06,4,35
KCA,COL202407070,2024-07-07,6,40
KCA,SLN202407101,2024-07-10,7,36
KCA,SLN202407102,2024-07-10,6,39
KCA,BOS202407120,2024-07-12,2,39
KCA,BOS202407130,2024-07-13,6,33
KCA,BOS202407140,2024-07-14,7,36
KCA,KCA202407190,2024-07-19,6,37
KCA,KCA202407200,2024-07-20,8,35
KCA,KCA202407210,2024-07-21,10,36
KCA,KCA202407220,2024-07-22,4,41
KCA,KCA202407230,2024-07-23,5,34
KCA,KCA202407240,2024-07-24,4,40
KCA,KCA202407260,2024-07-26,5,35
KCA,KCA202407270,2024-07-27,4,36
KCA,KCA202407280,2024-07-28,8,34
KCA,CHA202407290,2024-07-29,5,43
KCA,CHA202407300,2024-07-30,2,35
KCA,CHA202407310,2024-07-31,4,46
KCA,DET202408010,2024-08-01,3,39
KCA,DET202408020,2024-08-02,10,43
KCA,DET202408030,2024-08-03,8,43
KCA,DET202408040,2024-08-04,8,38
KCA,KCA202408050,2024-08-05,7,37
KCA,KCA202408060,2024-08-06,11,38
KCA,KCA202408070,2024-08-07,8,37
KCA,KCA202408090,2024-08-09,7,39
KCA,KCA202408100,2024-08-10,4,39
KCA,MIN202408120,2024-08-12,9,37
KCA,MIN202408130,2024-08-13,9,34
KCA,MIN202408140,2024-08-14,6,40
KCA,CIN202408160,2024-08-16,9,40
KCA,CIN202408170,2024-08-17,7,51
KCA,CIN202408180,2024-08-18,8,40
KCA,KCA202408190,2024-08-19,10,37
KCA,KCA202408200,2024-08-20,5,38
KCA,KCA202408210,2024-08-21,4,33
KCA,KCA202408230,2024-08-23,4,39
KCA,KCA202408240,2024-08-24,8,33
KCA,KCA202408250,2024-08-25,8,37
KCA,CLE202408262,2024-08-26,4,45
KCA,CLE202408261,2024-08-26,6,36
KCA,CLE202408270,2024-08-27,9,40
KCA,CLE202408280,2024-08-28,10,40
KCA,HOU202408290,2024-08-29,7,33
KCA,HOU202408300,2024-08-30,9,33
KCA,HOU202408310,2024-08-31,13,34
KCA,HOU202409010,2024-09-01,6,38
KCA,KCA202409020,2024-09-02,6,31
KCA,KCA202409030,2024-09-03,8,36
KCA,KCA202409040,2024-09-04,11,35
KCA,KCA202409060,2024-09-06,5,35
KCA,KCA202409070,2024-09-07,8,31
KCA,KCA202409080,2024-09-08,5,33
KCA,NYA202409090,2024-09-09,14,37
KCA,NYA202409100,2024-09-10,8,38
KCA,NYA202409110,2024-09-11,11,44
KCA,PIT202409130,2024-09-13,10,38
KCA,PIT202409140,2024-09-14,8,39
KCA,PIT202409150,2024-09-15,8,40
KCA,KCA202409160,2024-09-16,9,37
KCA,KCA202409170,2024-09-17,8,40
KCA,KCA202409180,2024-09-18,11,36
KCA,KCA202409200,2024-09-20,8,37
KCA,KCA202409210,2024-09-21,6,35
KCA,KCA202409220,2024-09-22,13,34
KCA,WAS202409240,2024-09-24,12,41
KCA,WAS202409250,2024-09-25,6,36
KCA,WAS202409260,2024-09-26,4,40
KCA,ATL202409270,2024-09-27,9,31
KCA,ATL202409280,2024-09-28,13,31
KCA,ATL202409290,2024-09-29,14,33
KCA,KCA202503270,2025-03-27,10,38
KCA,KCA202503290,2025-03-29,4,35
KCA,KCA202503300,2025-03-30,6,38
KCA,MIL202503310,2025-03-31,7,48
KCA,MIL202504010,2025-04-01,9,36
KCA,MIL202504020,2025-04-02,14,37
KCA,KCA202504040,2025-04-04,5,40
KCA,KCA202504050,2025-04-05,6,35
KCA,KCA202504060,2025-04-06,7,35
KCA,KCA202504070,2025-04-07,8,36
KCA,KCA202504080,2025-04-08,8,31
KCA,KCA202504090,2025-04-09,4,30
KCA,KCA202504100,2025-04-10,6,34
KCA,CLE202504110,2025-04-11,7,34
KCA,CLE202504120,2025-04-12,15,35
KCA,CLE202504130,2025-04-13,9,35
KCA,NYA202504140,2025-04-14,8,33
KCA,NYA202504150,2025-04-15,9,34
KCA,NYA202504160,2025-04-16,6,33
KCA,DET202504170,2025-04-17,7,38
KCA,DET202504180,2025-04-18,9,44
KCA,DET202504190,2025-04-19,3,36
KCA,DET202504200,2025-04-20,11,39
KCA,KCA202504220,2025-04-22,5,40
KCA,KCA202504241,2025-04-24,6,42
KCA,KCA202504242,2025-04-24,8,36
KCA,KCA202504250,2025-04-25,3,31
KCA,KCA202504260,2025-04-26,5,29
KCA,KCA202504270,2025-04-27,10,37
KCA,TBA202504290,2025-04-29,4,36
KCA,TBA202504300,2025-04-30,7,37
KCA,TBA202505010,2025-05-01,5,48
KCA,BAL202505020,2025-05-02,4,32
KCA,BAL202505030,2025-05-03,6,37
KCA,BAL202505040,2025-05-04,6,44
KCA,KCA202505050,2025-05-05,7,35
KCA,KCA202505060,2025-05-06,3,38
KCA,KCA202505070,2025-05-07,3,33
KCA,KCA202505080,2025-05-08,4,42
KCA,KCA202505090,2025-05-09,12,44
KCA,KCA202505100,2025-05-10,11,37
KCA,KCA202505110,2025-05-11,7,33
KCA,HOU202505120,2025-05-12,4,42
KCA,HOU202505130,2025-05-13,8,32
KCA,HOU202505140,2025-05-14,10,39
KCA,KCA202505160,2025-05-16,6,36
KCA,KCA202505170,2025-05-17,4,32
KCA,KCA202505180,2025-05-18,6,35
KCA,SFN202505190,2025-05-19,7,36
KCA,SFN202505200,2025-05-20,10,33
KCA,SFN202505210,2025-05-21,5,44
KCA,MIN202505230,2025-05-23,6,36
KCA,MIN202505240,2025-05-24,18,43
KCA,MIN202505250,2025-05-25,6,38
KCA,KCA202505260,2025-05-26,4,35
KCA,KCA202505270,2025-05-27,5,36
KCA,KCA202505280,2025-05-28,5,34
KCA,KCA202505300,2025-05-30,10,43
KCA,KCA202505310,2025-05-31,7,27
KCA,KCA202506010,2025-06-01,4,35
KCA,SLN202506030,2025-06-03,5,42
KCA,SLN202506052,2025-06-05,6,41
KCA,SLN202506051,2025-06-05,4,43
KCA,CHA202506060,2025-06-06,8,35
KCA,CHA202506070,2025-06-07,9,36
KCA,CHA202506080,2025-06-08,5,41
KCA,KCA202506100,2025-06-10,5,38
KCA,KCA202506110,2025-06-11,9,37
KCA,KCA202506120,2025-06-12,5,33
KCA,KCA202506130,2025-06-13,2,37
KCA,KCA202506140,2025-06-14,12,33
KCA,KCA202506150,2025-06-15,7,35
KCA,TEX202506170,2025-06-17,7,37
KCA,TEX202506180,2025-06-18,6,38
KCA,TEX202506190,2025-06-19,2,36
KCA,SDN202506200,2025-06-20,7,40
KCA,SDN202506210,2025-06-21,6,35
KCA,SDN202506220,2025-06-22,3,35
KCA,KCA202506240,2025-06-24,6,32
KCA,KCA202506250,2025-06-25,10,33
KCA,KCA202506260,2025-06-26,9,31
KCA,KCA202506270,2025-06-27,7,42
KCA,KCA202506280,2025-06-28,6,39
KCA,KCA202506290,2025-06-29,10,32
KCA,SEA202506300,2025-06-30,9,33
KCA,SEA202507010,2025-07-01,3,42
KCA,SEA202507020,2025-07-02,14,37
KCA,SEA202507030,2025-07-03,5,39
KCA,ARI202507040,2025-07-04,10,43
KCA,ARI202507050,2025-07-05,7,31
KCA,ARI202507060,2025-07-06,8,37
KCA,KCA202507070,2025-07-07,5,37
KCA,KCA202507080,2025-07-08,6,34
KCA,KCA202507090,2025-07-09,7,37
KCA,KCA202507110,2025-07-11,6,38
KCA,KCA202507120,2025-07-12,6,33
KCA,KCA202507130,2025-07-13,9,34
KCA,MIA202507180,2025-07-18,7,42
KCA,MIA202507190,2025-07-19,5,31
KCA,MIA202507200,2025-07-20,4,40
KCA,CHN202507210,2025-07-21,5,42
KCA,CHN202507220,2025-07-22,8,32
KCA,CHN202507230,2025-07-23,6,41
KCA,KCA202507262,2025-07-26,10,35
KCA,KCA202507261,2025-07-26,5,37
KCA,KCA202507270,2025-07-27,8,34
KCA,KCA202507280,2025-07-28,5,44
KCA,KCA202507290,2025-07-29,4,39
KCA,KCA202507300,2025-07-30,9,31
KCA,TOR202508010,2025-08-01,7,41
KCA,TOR202508020,2025-08-02,7,34
KCA,TOR202508030,2025-08-03,6,42
KCA,BOS202508040,2025-08-04,9,41
KCA,BOS202508050,2025-08-05,8,34
KCA,BOS202508060,2025-08-06,10,45
KCA,MIN202508080,2025-08-08,8,38
KCA,MIN202508090,2025-08-09,4,36
KCA,MIN202508100,2025-08-10,8,49
KCA,KCA202508110,2025-08-11,6,38
KCA,KCA202508120,2025-08-12,6,36
KCA,KCA202508130,2025-08-13,6,45
KCA,KCA202508150,2025-08-15,6,31
KCA,KCA202508160,2025-08-16,10,35
KCA,KCA202508170,2025-08-17,6,34
KCA,KCA202508180,2025-08-18,10,36
KCA,KCA202508190,2025-08-19,6,32
KCA,KCA202508200,2025-08-20,9,39
KCA,KCA202508210,2025-08-21,6,40
KCA,DET202508220,2025-08-22,2,40
KCA,DET202508230,2025-08-23,5,34
KCA,DET202508240,2025-08-24,5,44
KCA,CHA202508250,2025-08-25,4,30
KCA,CHA202508260,2025-08-26,8,38
KCA,CHA202508270,2025-08-27,5,46
KCA,KCA202508290,2025-08-29,5,38
KCA,KCA202508300,2025-08-30,8,31
KCA,KCA202508310,2025-08-31,6,32
KCA,KCA202509020,2025-09-02,5,33
KCA,KCA202509030,2025-09-03,8,33
KCA,KCA202509040,2025-09-04,3,30
KCA,KCA202509050,2025-09-05,6,32
KCA,KCA202509060,2025-09-06,6,43
KCA,KCA202509070,2025-09-07,7,37
KCA,CLE202509080,2025-09-08,5,34
KCA,CLE202509090,2025-09-09,7,31
KCA,CLE202509100,2025-09-10,6,36
KCA,CLE202509110,2025-09-11,11,37
KCA,PHI202509120,2025-09-12,6,36
KCA,PHI202509130,2025-09-13,6,39
KCA,PHI202509140,2025-09-14,7,44
KCA,KCA202509160,2025-09-16,6,42
KCA,KCA202509170,2025-09-17,5,39
KCA,KCA202509180,2025-09-18,8,33
KCA,KCA202509190,2025-09-19,6,56
KCA,KCA202509200,2025-09-20,5,32
KCA,KCA202509210,2025-09-21,4,39
KCA,ANA202509230,2025-09-23,7,45
KCA,ANA202509240,2025-09-24,9,32
KCA,ANA202509250,2025-09-25,9,42
KCA,ATH202509260,2025-09-26,7,33
KCA,ATH202509270,2025-09-27,7,39
KCA,ATH202509280,2025-09-28,8,47
LAN,SDN202403200,2024-03-20,7,45
LAN,LAN202403210,2024-03-21,9,50
LAN,LAN202403280,2024-03-28,10,36
LAN,LAN202403290,2024-03-29,9,32
LAN,LAN202403300,2024-03-30,14,47
LAN,LAN202403310,2024-03-31,6,35
LAN,LAN202404010,2024-04-01,10,35
LAN,LAN202404020,2024-04-02,11,37
LAN,LAN202404030,2024-04-03,6,34
LAN,CHN202404050,2024-04-05,12,43
LAN,CHN202404060,2024-04-06,14,40
LAN,CHN202404070,2024-04-07,8,33
LAN,MIN202404080,2024-04-08,12,39
LAN,MIN202404090,2024-04-09,14,41
LAN,MIN202404100,2024-04-10,11,37
LAN,LAN202404120,2024-04-12,9,46
LAN,LAN202404130,2024-04-13,7,38
LAN,LAN202404140,2024-04-14,3,35
LAN,LAN202404150,2024-04-15,9,37
LAN,LAN202404160,2024-04-16,8,39
LAN,LAN202404170,2024-04-17,9,33
LAN,LAN202404190,2024-04-19,9,41
LAN,LAN202404200,2024-04-20,14,44
LAN,LAN202404210,2024-04-21,5,40
LAN,WAS202404230,2024-04-23,4,41
LAN,WAS202404240,2024-04-24,6,49
LAN,WAS202404250,2024-04-25,7,35
LAN,TOR202404260,2024-04-26,7,50
LAN,TOR202404270,2024-04-27,3,40
LAN,TOR202404280,2024-04-28,8,35
LAN,ARI202404290,2024-04-29,0,44
LAN,ARI202404300,2024-04-30,9,41
LAN,ARI202405010,2024-05-01,9,43
LAN,LAN202405030,2024-05-03,8,43
LAN,LAN202405040,2024-05-04,7,44
LAN,LAN202405050,2024-05-05,8,33
LAN,LAN202405060,2024-05-06,6,37
LAN,LAN202405070,2024-05-07,9,35
LAN,LAN202405080,2024-05-08,3,29
LAN,SDN202405100,2024-05-10,11,35
LAN,SDN202405110,2024-05-11,10,38
LAN,SDN202405120,2024-05-12,9,33
LAN,SFN202405130,2024-05-13,13,42
LAN,SFN202405140,2024-05-14,12,43
LAN,SFN202405150,2024-05-15,10,39
LAN,LAN202405160,2024-05-16,11,34
LAN,LAN202405170,2024-05-17,2,37
LAN,LAN202405180,2024-05-18,8,33
LAN,LAN202405190,2024-05-19,10,38
LAN,LAN202405200,2024-05-20,2,33
LAN,LAN202405210,2024-05-21,10,34
LAN,LAN202405220,2024-05-22,9,35
LAN,CIN202405240,2024-05-24,5,44
LAN,CIN202405250,2024-05-25,8,32
LAN,CIN202405260,2024-05-26,8,32
LAN,NYN202405282,2024-05-28,6,37
LAN,NYN202405281,2024-05-28,13,42
LAN,NYN202405290,2024-05-29,9,45
LAN,LAN202405310,2024-05-31,5,33
LAN,LAN202406010,2024-06-01,7,37
LAN,LAN202406020,2024-06-02,5,40
LAN,PIT202406040,2024-06-04,8,36
LAN,PIT202406050,2024-06-05,11,41
LAN,PIT202406060,2024-06-06,11,48
LAN,NYA202406070,2024-06-07,7,44
LAN,NYA202406080,2024-06-08,9,43
LAN,NYA202406090,2024-06-09,8,37
LAN,LAN202406110,2024-06-11,3,46
LAN,LAN202406120,2024-06-12,9,35
LAN,LAN202406130,2024-06-13,8,34
LAN,LAN202406140,2024-06-14,6,31
LAN,LAN202406150,2024-06-15,7,36
LAN,LAN202406160,2024-06-16,6,32
LAN,COL202406170,2024-06-17,8,49
LAN,COL202406180,2024-06-18,5,41
LAN,COL202406190,2024-06-19,11,41
LAN,COL202406200,2024-06-20,3,41
LAN,LAN202406210,2024-06-21,8,35
LAN,LAN202406220,2024-06-22,7,37
LAN,CHA202406240,2024-06-24,8,38
LAN,CHA202406250,2024-06-25,7,38
LAN,CHA202406260,2024-06-26,12,36
LAN,SFN202406280,2024-06-28,8,35
LAN,SFN202406290,2024-06-29,8,54
LAN,SFN202406300,2024-06-30,7,37
LAN,LAN202407020,2024-07-02,7,40
LAN,LAN202407030,2024-07-03,5,36
LAN,LAN202407040,2024-07-04,12,36
LAN,LAN202407050,2024-07-05,10,41
LAN,LAN202407060,2024-07-06,6,40
LAN,LAN202407070,2024-07-07,9,40
LAN,PHI202407090,2024-07-09,12,40
LAN,PHI202407100,2024-07-10,8,36
LAN,PHI202407110,2024-07-11,11,36
LAN,DET202407120,2024-07-12,10,39
LAN,DET202407130,2024-07-13,6,48
LAN,DET202407140,2024-07-14,11,35
LAN,LAN202407190,2024-07-19,10,32
LAN,LAN202407200,2024-07-20,12,47
LAN,LAN202407210,2024-07-21,5,35
LAN,LAN202407220,2024-07-22,6,32
LAN,LAN202407230,2024-07-23,13,39
LAN,LAN202407240,2024-07-24,10,35
LAN,LAN202407250,2024-07-25,7,40
LAN,HOU202407260,2024-07-26,15,34
LAN,HOU202407270,2024-07-27,16,41
LAN,HOU202407280,2024-07-28,11,42
LAN,SDN202407300,2024-07-30,13,42
LAN,SDN202407310,2024-07-31,11,32
LAN,OAK202408020,2024-08-02,11,38
LAN,OAK202408030,2024-08-03,12,46
LAN,OAK202408040,2024-08-04,11,36
LAN,LAN202408050,2024-08-05,5,31
LAN,LAN202408060,2024-08-06,6,36
LAN,LAN202408070,2024-08-07,4,38
LAN,LAN202408090,2024-08-09,8,36
LAN,LAN202408100,2024-08-10,12,34
LAN,LAN202408110,2024-08-11,6,47
LAN,MIL202408120,2024-08-12,7,36
LAN,MIL202408130,2024-08-13,8,41
LAN,MIL202408140,2024-08-14,10,39
LAN,MIL202408150,2024-08-15,5,37
LAN,SLN202408160,2024-08-16,11,39
LAN,SLN202408170,2024-08-17,6,32
LAN,SLN202408180,2024-08-18,9,39
LAN,LAN202408190,2024-08-19,6,34
LAN,LAN202408200,2024-08-20,9,38
LAN,LAN202408210,2024-08-21,10,38
LAN,LAN202408230,2024-08-23,4,37
LAN,LAN202408240,2024-08-24,7,39
LAN,LAN202408250,2024-08-25,11,34
LAN,LAN202408270,2024-08-27,7,36
LAN,LAN202408280,2024-08-28,6,31
LAN,LAN202408290,2024-08-29,6,41
LAN,ARI202408300,2024-08-30,9,42
LAN,ARI202408310,2024-08-31,5,46
LAN,ARI202409010,2024-09-01,14,38
LAN,ARI202409020,2024-09-02,5,46
LAN,ANA202409030,2024-09-03,16,40
LAN,ANA202409040,2024-09-04,8,35
LAN,LAN202409060,2024-09-06,8,34
LAN,LAN202409070,2024-09-07,8,34
LAN,LAN202409080,2024-09-08,9,35
LAN,LAN202409090,2024-09-09,7,41
LAN,LAN202409100,2024-09-10,4,34
LAN,LAN202409110,2024-09-11,5,42
LAN,ATL202409130,2024-09-13,9,32
LAN,ATL202409140,2024-09-14,7,35
LAN,ATL202409150,2024-09-15,10,43
LAN,ATL202409160,2024-09-16,9,39
LAN,MIA202409170,2024-09-17,9,42
LAN,MIA202409180,2024-09-18,11,41
LAN,MIA202409190,2024-09-19,6,53
LAN,LAN202409200,2024-09-20,2,34
LAN,LAN202409210,2024-09-21,9,42
LAN,LAN202409220,2024-09-22,5,38
LAN,LAN202409240,2024-09-24,5,36
LAN,LAN202409250,2024-09-25,5,36
LAN,LAN202409260,2024-09-26,7,39
LAN,COL202409270,2024-09-27,8,44
LAN,COL202409280,2024-09-28,8,53
LAN,COL202409290,2024-09-29,7,33
LAN,CHN202503180,2025-03-18,9,42
LAN,CHN202503190,2025-03-19,9,38
LAN,LAN202503270,2025-03-27,6,32
LAN,LAN202503280,2025-03-28,10,38
LAN,LAN202503290,2025-03-29,9,34
LAN,LAN202503310,2025-03-31,7,38
LAN,LAN202504010,2025-04-01,7,31
LAN,LAN202504020,2025-04-02,8,37
LAN,PHI202504040,2025-04-04,11,33
LAN,PHI202504050,2025-04-05,3,35
LAN,PHI202504060,2025-04-06,10,39
LAN,WAS202504070,2025-04-07,11,38
LAN,WAS202504080,2025-04-08,15,41
LAN,WAS202504090,2025-04-09,10,40
LAN,LAN202504110,2025-04-11,9,34
LAN,LAN202504120,2025-04-12,7,32
LAN,LAN202504130,2025-04-13,10,37
LAN,LAN202504140,2025-04-14,3,39
LAN,LAN202504150,2025-04-15,5,42
LAN,LAN202504160,2025-04-16,10,38
LAN,TEX202504180,2025-04-18,8,34
LAN,TEX202504190,2025-04-19,10,33
LAN,TEX202504200,2025-04-20,5,34
LAN,CHN202504220,2025-04-22,10,44
LAN,CHN202504230,2025-04-23,8,38
LAN,LAN202504250,2025-04-25,11,34
LAN,LAN202504260,2025-04-26,6,40
LAN,LAN202504270,2025-04-27,3,42
LAN,LAN202504280,2025-04-28,8,45
LAN,LAN202504290,2025-04-29,5,50
LAN,LAN202504300,2025-04-30,7,45
LAN,ATL202505020,2025-05-02,11,32
LAN,ATL202505030,2025-05-03,12,44
LAN,ATL202505040,2025-05-04,12,36
LAN,MIA202505050,2025-05-05,8,40
LAN,MIA202505060,2025-05-06,11,40
LAN,MIA202505070,2025-05-07,11,43
LAN,ARI202505080,2025-05-08,9,38
LAN,ARI202505090,2025-05-09,11,48
LAN,ARI202505100,2025-05-10,6,33
LAN,ARI202505110,2025-05-11,7,44
LAN,LAN202505130,2025-05-13,5,36
LAN,LAN202505140,2025-05-14,7,42
LAN,LAN202505150,2025-05-15,6,50
LAN,LAN202505160,2025-05-16,7,34
LAN,LAN202505170,2025-05-17,7,47
LAN,LAN202505180,2025-05-18,11,37
LAN,LAN202505190,2025-05-19,2,36
LAN,LAN202505200,2025-05-20,7,41
LAN,LAN202505210,2025-05-21,9,30
LAN,NYN202505230,2025-05-23,11,54
LAN,NYN202505240,2025-05-24,10,32
LAN,NYN202505250,2025-05-25,7,35
LAN,CLE202505260,2025-05-26,8,42
LAN,CLE202505270,2025-05-27,12,42
LAN,CLE202505280,2025-05-28,7,35
LAN,LAN202505300,2025-05-30,4,37
LAN,LAN202505310,2025-05-31,5,51
LAN,LAN202506010,2025-06-01,10,32
LAN,LAN202506020,2025-06-02,10,43
LAN,LAN202506030,2025-06-03,12,39
LAN,LAN202506040,2025-06-04,10,35
LAN,LAN202506050,2025-06-05,7,36
LAN,SLN202506060,2025-06-06,9,36
LAN,SLN202506070,2025-06-07,6,40
LAN,SLN202506080,2025-06-08,8,42
LAN,SDN202506090,2025-06-09,8,47
LAN,SDN202506100,2025-06-10,12,39
LAN,SDN202506110,2025-06-11,8,41
LAN,LAN202506130,2025-06-13,5,32
LAN,LAN202506140,2025-06-14,1,44
LAN,LAN202506150,2025-06-15,9,33
LAN,LAN202506160,2025-06-16,12,38
LAN,LAN202506170,2025-06-17,5,38
LAN,LAN202506180,2025-06-18,6,35
LAN,LAN202506190,2025-06-19,7,39
LAN,LAN202506200,2025-06-20,5,38
LAN,LAN202506210,2025-06-21,11,36
LAN,LAN202506220,2025-06-22,11,39
LAN,COL202506240,2025-06-24,11,44
LAN,COL202506250,2025-06-25,3,39
LAN,COL202506260,2025-06-26,7,36
LAN,KCA202506270,2025-06-27,9,36
LAN,KCA202506280,2025-06-28,12,43
LAN,KCA202506290,2025-06-29,7,35
LAN,LAN202507010,2025-07-01,10,34
LAN,LAN202507020,2025-07-02,7,40
LAN,LAN202507030,2025-07-03,6,34
LAN,LAN202507040,2025-07-04,6,39
LAN,LAN202507050,2025-07-05,11,40
LAN,LAN202507060,2025-07-06,7,34
LAN,MIL202507070,2025-07-07,11,36
LAN,MIL202507080,2025-07-08,15,32
LAN,MIL202507090,2025-07-09,11,42
LAN,SFN202507110,2025-07-11,6,40
LAN,SFN202507120,2025-07-12,10,35
LAN,SFN202507130,2025-07-13,12,43
LAN,LAN202507180,2025-07-18,10,29
LAN,LAN202507190,2025-07-19,9,40
LAN,LAN202507200,2025-07-20,5,37
LAN,LAN202507210,2025-07-21,8,32
LAN,LAN202507220,2025-07-22,8,39
LAN,LAN202507230,2025-07-23,8,40
LAN,BOS202507250,2025-07-25,10,38
LAN,BOS202507260,2025-07-26,15,36
LAN,BOS202507270,2025-07-27,6,43
LAN,CIN202507280,2025-07-28,13,42
LAN,CIN202507290,2025-07-29,14,40
LAN,CIN202507300,2025-07-30,8,38
LAN,TBA202508010,2025-08-01,15,38
LAN,TBA202508020,2025-08-02,11,31
LAN,TBA202508030,2025-08-03,3,39
LAN,LAN202508040,2025-08-04,9,32
LAN,LAN202508050,2025-08-05,8,43
LAN,LAN202508060,2025-08-06,6,36
LAN,LAN202508080,2025-08-08,7,37
LAN,LAN202508090,2025-08-09,8,41
LAN,LAN202508100,2025-08-10,10,47
LAN,ANA202508110,2025-08-11,10,36
LAN,ANA202508120,2025-08-12,9,43
LAN,ANA202508130,2025-08-13,11,40
LAN,LAN202508150,2025-08-15,11,30
LAN,LAN202508160,2025-08-16,4,35
LAN,LAN202508170,2025-08-17,11,32
LAN,COL202508180,2025-08-18,12,36
LAN,COL202508190,2025-08-19,3,49
LAN,COL202508200,2025-08-20,7,36
LAN,COL202508210,2025-08-21,9,44
LAN,SDN202508220,2025-08-22,8,32
LAN,SDN202508230,2025-08-23,7,29
LAN,SDN202508240,2025-08-24,9,40
LAN,LAN202508250,2025-08-25,8,36
LAN,LAN202508260,2025-08-26,6,37
LAN,LAN202508270,2025-08-27,9,37
LAN,LAN202508290,2025-08-29,10,33
LAN,LAN202508300,2025-08-30,7,36
LAN,LAN202508310,2025-08-31,10,35
LAN,PIT202509020,2025-09-02,6,40
LAN,PIT202509030,2025-09-03,9,37
LAN,PIT202509040,2025-09-04,12,36
LAN,BAL202509050,2025-09-05,8,36
LAN,BAL202509060,2025-09-06,7,38
LAN,BAL202509070,2025-09-07,6,40
LAN,LAN202509080,2025-09-08,7,33
LAN,LAN202509090,2025-09-09,4,34
LAN,LAN202509100,2025-09-10,5,41
LAN,SFN202509120,2025-09-12,5,39
LAN,SFN202509130,2025-09-13,7,49
LAN,SFN202509140,2025-09-14,9,51
LAN,LAN202509150,2025-09-15,11,43
LAN,LAN202509160,2025-09-16,6,37
LAN,LAN202509170,2025-09-17,7,33
LAN,LAN202509180,2025-09-18,5,30
LAN,LAN202509190,2025-09-19,6,32
LAN,LAN202509200,2025-09-20,10,41
LAN,LAN202509210,2025-09-21,6,33
LAN,ARI202509230,2025-09-23,6,34
LAN,ARI202509240,2025-09-24,13,43
LAN,ARI202509250,2025-09-25,10,44
LAN,SEA202509260,2025-09-26,14,35
LAN,SEA202509270,2025-09-27,6,37
LAN,SEA202509280,2025-09-28,10,37
MIA,MIA202403280,2024-03-28,7,48
MIA,MIA202403290,2024-03-29,7,37
MIA,MIA202403300,2024-03-30,13,35
MIA,MIA202403310,2024-03-31,11,41
MIA,MIA202404010,2024-04-01,9,39
MIA,MIA202404020,2024-04-02,6,34
MIA,MIA202404030,2024-04-03,9,33
MIA,SLN202404040,2024-04-04,9,38
MIA,SLN202404060,2024-04-06,5,34
MIA,SLN202404070,2024-04-07,8,44
MIA,NYA202404080,2024-04-08,6,29
MIA,NYA202404090,2024-04-09,7,34
MIA,NYA202404100,2024-04-10,8,37
MIA,MIA202404120,2024-04-12,7,34
MIA,MIA202404130,2024-04-13,7,34
MIA,MIA202404140,2024-04-14,14,37
MIA,MIA202404150,2024-04-15,5,38
MIA,MIA202404160,2024-04-16,7,38
MIA,MIA202404170,2024-04-17,6,31
MIA,CHN202404190,2024-04-19,9,35
MIA,CHN202404201,2024-04-20,6,40
MIA,CHN202404202,2024-04-20,9,35
MIA,CHN202404210,2024-04-21,9,39
MIA,ATL202404220,2024-04-22,7,33
MIA,ATL202404230,2024-04-23,6,29
MIA,ATL202404240,2024-04-24,9,39
MIA,MIA202404260,2024-04-26,8,33
MIA,MIA202404270,2024-04-27,4,40
MIA,MIA202404280,2024-04-28,8,43
MIA,MIA202404290,2024-04-29,5,31
MIA,MIA202404300,2024-04-30,4,39
MIA,MIA202405010,2024-05-01,2,37
MIA,MIA202405020,2024-05-02,8,41
MIA,OAK202405030,2024-05-03,10,36
MIA,OAK202405040,2024-05-04,4,35
MIA,OAK202405050,2024-05-05,8,45
MIA,LAN202405060,2024-05-06,8,34
MIA,LAN202405070,2024-05-07,6,33
MIA,LAN202405080,2024-05-08,6,32
MIA,MIA202405100,2024-05-10,11,34
MIA,MIA202405110,2024-05-11,8,37
MIA,MIA202405120,2024-05-12,9,41
MIA,DET202405130,2024-05-13,11,38
MIA,DET202405140,2024-05-14,8,32
MIA,DET202405150,2024-05-15,8,33
MIA,MIA202405170,2024-05-17,8,41
MIA,MIA202405180,2024-05-18,6,43
MIA,MIA202405190,2024-05-19,11,37
MIA,MIA202405200,2024-05-20,4,39
MIA,MIA202405210,2024-05-21,7,40
MIA,MIA202405220,2024-05-22,7,28
MIA,ARI202405240,2024-05-24,5,34
MIA,ARI202405250,2024-05-25,8,37
MIA,ARI202405260,2024-05-26,10,41
MIA,SDN202405270,2024-05-27,11,33
MIA,SDN202405280,2024-05-28,11,33
MIA,SDN202405290,2024-05-29,6,46
MIA,MIA202405310,2024-05-31,4,39
MIA,MIA202406010,2024-06-01,12,35
MIA,MIA202406020,2024-06-02,11,32
MIA,MIA202406040,2024-06-04,12,40
MIA,MIA202406050,2024-06-05,6,35
MIA,MIA202406070,2024-06-07,4,34
MIA,MIA202406080,2024-06-08,9,33
MIA,MIA202406090,2024-06-09,9,32
MIA,NYN202406110,2024-06-11,13,36
MIA,NYN202406120,2024-06-12,8,37
MIA,NYN202406130,2024-06-13,7,36
MIA,WAS202406140,2024-06-14,11,37
MIA,WAS202406150,2024-06-15,17,32
MIA,WAS202406160,2024-06-16,7,36
MIA,MIA202406170,2024-06-17,6,44
MIA,MIA202406180,2024-06-18,9,45
MIA,MIA202406190,2024-06-19,5,35
MIA,MIA202406210,2024-06-21,7,33
MIA,MIA202406220,2024-06-22,8,31
MIA,MIA202406230,2024-06-23,9,33
MIA,KCA202406240,2024-06-24,15,35
MIA,KCA202406250,2024-06-25,10,36
MIA,KCA202406260,2024-06-26,6,32
MIA,PHI202406270,2024-06-27,9,42
MIA,PHI202406280,2024-06-28,9,29
MIA,PHI202406290,2024-06-29,12,35
MIA,PHI202406300,2024-06-30,6,43
MIA,MIA202407020,2024-07-02,9,34
MIA,MIA202407030,2024-07-03,9,36
MIA,MIA202407040,2024-07-04,15,48
MIA,MIA202407050,2024-07-05,8,39
MIA,MIA202407060,2024-07-06,9,37
MIA,MIA202407070,2024-07-07,4,40
MIA,HOU202407090,2024-07-09,10,34
MIA,HOU202407100,2024-07-10,14,31
MIA,HOU202407110,2024-07-11,13,39
MIA,CIN202407120,2024-07-12,11,38
MIA,CIN202407130,2024-07-13,11,47
MIA,CIN202407140,2024-07-14,8,38
MIA,MIA202407190,2024-07-19,6,37
MIA,MIA202407200,2024-07-20,13,37
MIA,MIA202407210,2024-07-21,7,36
MIA,MIA202407220,2024-07-22,8,40
MIA,MIA202407230,2024-07-23,9,35
MIA,MIA202407240,2024-07-24,5,35
MIA,MIA202407250,2024-07-25,10,43
MIA,MIL202407260,2024-07-26,10,43
MIA,MIL202407270,2024-07-27,6,40
MIA,MIL202407280,2024-07-28,11,39
MIA,TBA202407300,2024-07-30,9,39
MIA,TBA202407310,2024-07-31,11,36
MIA,ATL202408010,2024-08-01,10,36
MIA,ATL202408020,2024-08-02,15,36
MIA,ATL202408030,2024-08-03,9,40
MIA,ATL202408040,2024-08-04,13,42
MIA,MIA202408050,2024-08-05,9,41
MIA,MIA202408060,2024-08-06,12,34
MIA,MIA202408070,2024-08-07,10,33
MIA,MIA202408080,2024-08-08,9,44
MIA,MIA202408090,2024-08-09,9,36
MIA,MIA202408100,2024-08-10,11,47
MIA,MIA202408110,2024-08-11,11,37
MIA,PHI202408130,2024-08-13,12,40
MIA,PHI202408140,2024-08-14,11,42
MIA,NYN202408160,2024-08-16,6,34
MIA,NYN202408170,2024-08-17,8,32
MIA,NYN202408180,2024-08-18,7,36
MIA,MIA202408190,2024-08-19,7,39
MIA,MIA202408200,2024-08-20,9,36
MIA,MIA202408210,2024-08-21,10,44
MIA,MIA202408230,2024-08-23,6,40
MIA,MIA202408240,2024-08-24,5,33
MIA,MIA202408250,2024-08-25,3,35
MIA,COL202408260,2024-08-26,8,37
MIA,COL202408270,2024-08-27,5,42
MIA,COL202408280,2024-08-28,10,36
MIA,COL202408290,2024-08-29,7,50
MIA,SFN202408300,2024-08-30,10,32
MIA,SFN202408310,2024-08-31,11,33
MIA,SFN202409010,2024-09-01,7,38
MIA,MIA202409030,2024-09-03,13,37
MIA,MIA202409040,2024-09-04,13,37
MIA,MIA202409050,2024-09-05,9,36
MIA,MIA202409060,2024-09-06,13,36
MIA,MIA202409070,2024-09-07,9,43
MIA,MIA202409080,2024-09-08,4,36
MIA,PIT202409090,2024-09-09,14,36
MIA,PIT202409100,2024-09-10,9,40
MIA,PIT202409110,2024-09-11,7,35
MIA,WAS202409120,2024-09-12,6,38
MIA,WAS202409130,2024-09-13,6,35
MIA,WAS202409140,2024-09-14,11,33
MIA,WAS202409150,2024-09-15,9,35
MIA,MIA202409170,2024-09-17,7,42
MIA,MIA202409180,2024-09-18,7,37
MIA,MIA202409190,2024-09-19,10,39
MIA,MIA202409200,2024-09-20,8,35
MIA,MIA202409210,2024-09-21,10,35
MIA,MIA202409220,2024-09-22,13,38
MIA,MIN202409240,2024-09-24,9,41
MIA,MIN202409250,2024-09-25,16,39
MIA,MIN202409260,2024-09-26,20,58
MIA,TOR202409270,2024-09-27,8,48
MIA,TOR202409280,2024-09-28,8,39
MIA,TOR202409290,2024-09-29,8,36
MIA,MIA202503270,2025-03-27,11,38
MIA,MIA202503280,2025-03-28,7,35
MIA,MIA202503290,2025-03-29,9,50
MIA,MIA202503300,2025-03-30,5,33
MIA,MIA202503310,2025-03-31,12,40
MIA,MIA202504010,2025-04-01,9,29
MIA,MIA202504020,2025-04-02,11,50
MIA,ATL202504040,2025-04-04,12,31
MIA,ATL202504050,2025-04-05,10,40
MIA,NYN202504070,2025-04-07,8,33
MIA,NYN202504080,2025-04-08,14,36
MIA,NYN202504090,2025-04-09,12,43
MIA,MIA202504110,2025-04-11,5,41
MIA,MIA202504120,2025-04-12,4,37
MIA,MIA202504130,2025-04-13,9,44
MIA,MIA202504150,2025-04-15,11,38
MIA,MIA202504160,2025-04-16,10,37
MIA,MIA202504170,2025-04-17,16,46
MIA,PHI202504180,2025-04-18,16,34
MIA,PHI202504190,2025-04-19,2,46
MIA,PHI202504200,2025-04-20,9,44
MIA,MIA202504210,2025-04-21,4,38
MIA,MIA202504220,2025-04-22,6,36
MIA,MIA202504230,2025-04-23,9,33
MIA,SEA202504250,2025-04-25,8,37
MIA,SEA202504260,2025-04-26,7,33
MIA,SEA202504270,2025-04-27,7,39
MIA,LAN202504280,2025-04-28,4,39
MIA,LAN202504290,2025-04-29,7,36
MIA,LAN202504300,2025-04-30,12,38
MIA,MIA202505020,2025-05-02,10,33
MIA,MIA202505030,2025-05-03,9,38
MIA,MIA202505040,2025-05-04,4,32
MIA,MIA202505050,2025-05-05,10,41
MIA,MIA202505060,2025-05-06,14,40
MIA,MIA202505070,2025-05-07,9,34
MIA,CHA202505090,2025-05-09,5,40
MIA,CHA202505100,2025-05-10,10,36
MIA,CHA202505110,2025-05-11,3,37
MIA,CHN202505120,2025-05-12,8,34
MIA,CHN202505130,2025-05-13,9,40
MIA,CHN202505140,2025-05-14,11,34
MIA,MIA202505160,2025-05-16,9,44
MIA,MIA202505170,2025-05-17,6,33
MIA,MIA202505180,2025-05-18,4,35
MIA,MIA202505190,2025-05-19,12,37
MIA,MIA202505200,2025-05-20,2,34
MIA,MIA202505210,2025-05-21,3,35
MIA,ANA202505230,2025-05-23,8,45
MIA,ANA202505240,2025-05-24,6,44
MIA,ANA202505250,2025-05-25,8,35
MIA,SDN202505260,2025-05-26,9,40
MIA,SDN202505270,2025-05-27,6,40
MIA,SDN202505280,2025-05-28,5,41
MIA,MIA202505300,2025-05-30,11,37
MIA,MIA202505310,2025-05-31,9,28
MIA,MIA202506010,2025-06-01,9,40
MIA,MIA202506020,2025-06-02,8,40
MIA,MIA202506030,2025-06-03,3,36
MIA,MIA202506040,2025-06-04,6,31
MIA,TBA202506060,2025-06-06,6,37
MIA,TBA202506070,2025-06-07,9,42
MIA,TBA202506080,2025-06-08,7,34
MIA,PIT202506090,2025-06-09,9,39
MIA,PIT202506100,2025-06-10,7,35
MIA,PIT202506110,2025-06-11,8,37
MIA,WAS202506130,2025-06-13,6,46
MIA,WAS202506140,2025-06-14,7,40
MIA,WAS202506150,2025-06-15,7,40
MIA,MIA202506160,2025-06-16,7,35
MIA,MIA202506170,2025-06-17,7,41
MIA,MIA202506180,2025-06-18,12,36
MIA,MIA202506190,2025-06-19,4,33
MIA,MIA202506200,2025-06-20,6,36
MIA,MIA202506210,2025-06-21,8,36
MIA,MIA202506220,2025-06-22,7,38
MIA,SFN202506240,2025-06-24,7,39
MIA,SFN202506250,2025-06-25,10,46
MIA,SFN202506260,2025-06-26,8,45
MIA,ARI202506270,2025-06-27,13,42
MIA,ARI202506280,2025-06-28,14,43
MIA,ARI202506290,2025-06-29,10,43
MIA,MIA202507010,2025-07-01,4,32
MIA,MIA202507020,2025-07-02,5,36
MIA,MIA202507030,2025-07-03,8,31
MIA,MIA202507040,2025-07-04,9,39
MIA,MIA202507050,2025-07-05,5,32
MIA,MIA202507060,2025-07-06,12,29
MIA,CIN202507070,2025-07-07,7,40
MIA,CIN202507080,2025-07-08,2,45
MIA,CIN202507090,2025-07-09,7,35
MIA,CIN202507100,2025-07-10,6,33
MIA,BAL202507110,2025-07-11,9,33
MIA,BAL202507120,2025-07-12,8,38
MIA,BAL202507130,2025-07-13,6,46
MIA,MIA202507180,2025-07-18,9,41
MIA,MIA202507190,2025-07-19,3,34
MIA,MIA202507200,2025-07-20,6,40
MIA,MIA202507210,2025-07-21,4,34
MIA,MIA202507220,2025-07-22,8,36
MIA,MIA202507230,2025-07-23,7,33
MIA,MIL202507250,2025-07-25,13,42
MIA,MIL202507260,2025-07-26,6,39
MIA,MIL202507270,2025-07-27,8,36
MIA,SLN202507280,2025-07-28,6,33
MIA,SLN202507290,2025-07-29,5,39
MIA,SLN202507300,2025-07-30,7,33
MIA,MIA202508010,2025-08-01,12,47
MIA,MIA202508020,2025-08-02,9,29
MIA,MIA202508030,2025-08-03,8,38
MIA,MIA202508040,2025-08-04,10,36
MIA,MIA202508050,2025-08-05,9,36
MIA,MIA202508060,2025-08-06,7,42
MIA,ATL202508070,2025-08-07,7,39
MIA,ATL202508080,2025-08-08,7,39
MIA,ATL202508091,2025-08-09,7,32
MIA,ATL202508092,2025-08-09,9,40
MIA,ATL202508100,2025-08-10,4,36
MIA,CLE202508120,2025-08-12,7,39
MIA,CLE202508130,2025-08-13,9,49
MIA,CLE202508140,2025-08-14,6,40
MIA,BOS202508150,2025-08-15,6,36
MIA,BOS202508160,2025-08-16,3,36
MIA,BOS202508170,2025-08-17,9,38
MIA,MIA202508180,2025-08-18,8,34
MIA,MIA202508190,2025-08-19,10,36
MIA,MIA202508200,2025-08-20,7,40
MIA,MIA202508220,2025-08-22,11,34
MIA,MIA202508230,2025-08-23,13,48
MIA,MIA202508240,2025-08-24,8,35
MIA,MIA202508250,2025-08-25,5,29
MIA,MIA202508260,2025-08-26,3,40
MIA,MIA202508270,2025-08-27,6,33
MIA,NYN202508280,2025-08-28,5,42
MIA,NYN202508290,2025-08-29,10,45
MIA,NYN202508300,2025-08-30,10,45
MIA,NYN202508310,2025-08-31,10,39
MIA,WAS202509010,2025-09-01,10,33
MIA,WAS202509020,2025-09-02,11,36
MIA,WAS202509030,2025-09-03,7,39
MIA,MIA202509050,2025-09-05,6,35
MIA,MIA202509060,2025-09-06,11,35
MIA,MIA202509070,2025-09-07,4,39
MIA,MIA202509080,2025-09-08,4,42
MIA,MIA202509090,2025-09-09,4,38
MIA,MIA202509100,2025-09-10,7,39
MIA,MIA202509110,2025-09-11,6,35
MIA,MIA202509120,2025-09-12,5,34
MIA,MIA202509130,2025-09-13,7,42
MIA,MIA202509140,2025-09-14,8,36
MIA,COL202509160,2025-09-16,3,39
MIA,COL202509170,2025-09-17,3,46
MIA,COL202509180,2025-09-18,5,40
MIA,TEX202509190,2025-09-19,10,52
MIA,TEX202509200,2025-09-20,7,39
MIA,TEX202509210,2025-09-21,9,37
MIA,PHI202509230,2025-09-23,11,44
MIA,PHI202509240,2025-09-24,10,30
MIA,PHI202509250,2025-09-25,6,36
MIA,MIA202509260,2025-09-26,6,35
MIA,MIA202509270,2025-09-27,5,32
MIA,MIA202509280,2025-09-28,6,37
MIL,NYN202403290,2024-03-29,7,36
MIL,NYN202403300,2024-03-30,12,45
MIL,NYN202403310,2024-03-31,10,41
MIL,MIL202404020,2024-04-02,8,36
MIL,MIL202404030,2024-04-03,9,35
MIL,MIL202404050,2024-04-05,9,38
MIL,MIL202404060,2024-04-06,8,36
MIL,MIL202404070,2024-04-07,11,41
MIL,CIN202404080,2024-04-08,11,42
MIL,CIN202404090,2024-04-09,5,45
MIL,CIN202404100,2024-04-10,12,39
MIL,BAL202404120,2024-04-12,6,46
MIL,BAL202404130,2024-04-13,6,46
MIL,BAL202404140,2024-04-14,10,39
MIL,MIL202404150,2024-04-15,5,39
MIL,MIL202404160,2024-04-16,11,39
MIL,MIL202404170,2024-04-17,11,28
MIL,SLN202404190,2024-04-19,9,39
MIL,SLN202404200,2024-04-20,7,48
MIL,SLN202404210,2024-04-21,13,34
MIL,PIT202404220,2024-04-22,10,37
MIL,PIT202404230,2024-04-23,11,32
MIL,PIT202404240,2024-04-24,8,40
MIL,PIT202404250,2024-04-25,10,44
MIL,MIL202404260,2024-04-26,11,44
MIL,MIL202404270,2024-04-27,10,35
MIL,MIL202404280,2024-04-28,9,47
MIL,MIL202404290,2024-04-29,12,33
MIL,MIL202404300,2024-04-30,4,40
MIL,MIL202405010,2024-05-01,8,37
MIL,CHN202405030,2024-05-03,12,37
MIL,CHN202405040,2024-05-04,11,40
MIL,CHN202405050,2024-05-05,9,35
MIL,KCA202405060,2024-05-06,10,33
MIL,KCA202405070,2024-05-07,8,42
MIL,KCA202405080,2024-05-08,6,39
MIL,MIL202405090,2024-05-09,9,36
MIL,MIL202405100,2024-05-10,10,39
MIL,MIL202405110,2024-05-11,9,37
MIL,MIL202405120,2024-05-12,8,35
MIL,MIL202405130,2024-05-13,11,42
MIL,MIL202405140,2024-05-14,9,35
MIL,MIL202405150,2024-05-15,10,40
MIL,HOU202405170,2024-05-17,9,37
MIL,HOU202405180,2024-05-18,3,35
MIL,HOU202405190,2024-05-19,8,38
MIL,MIA202405200,2024-05-20,11,41
MIL,MIA202405210,2024-05-21,9,44
MIL,MIA202405220,2024-05-22,5,30
MIL,BOS202405240,2024-05-24,6,43
MIL,BOS202405250,2024-05-25,8,41
MIL,BOS202405260,2024-05-26,12,36
MIL,MIL202405270,2024-05-27,9,34
MIL,MIL202405280,2024-05-28,14,36
MIL,MIL202405290,2024-05-29,2,35
MIL,MIL202405300,2024-05-30,7,34
MIL,MIL202405310,2024-05-31,11,52
MIL,MIL202406010,2024-06-01,13,40
MIL,MIL202406020,2024-06-02,6,36
MIL,PHI202406030,2024-06-03,8,32
MIL,PHI202406040,2024-06-04,8,37
MIL,PHI202406050,2024-06-05,9,31
MIL,DET202406070,2024-06-07,10,44
MIL,DET202406080,2024-06-08,3,39
MIL,DET202406090,2024-06-09,11,36
MIL,MIL202406100,2024-06-10,8,31
MIL,MIL202406110,2024-06-11,11,37
MIL,MIL202406120,2024-06-12,8,40
MIL,MIL202406140,2024-06-14,9,45
MIL,MIL202406150,2024-06-15,7,31
MIL,MIL202406160,2024-06-16,10,35
MIL,ANA202406170,2024-06-17,5,35
MIL,ANA202406180,2024-06-18,9,37
MIL,ANA202406190,2024-06-19,6,36
MIL,SDN202406200,2024-06-20,9,44
MIL,SDN202406210,2024-06-21,15,42
MIL,SDN202406220,2024-06-22,7,38
MIL,SDN202406230,2024-06-23,10,40
MIL,MIL202406240,2024-06-24,6,37
MIL,MIL202406250,2024-06-25,5,37
MIL,MIL202406260,2024-06-26,8,44
MIL,MIL202406280,2024-06-28,6,31
MIL,MIL202406290,2024-06-29,8,37
MIL,MIL202406300,2024-06-30,6,37
MIL,COL202407010,2024-07-01,7,43
MIL,COL202407020,2024-07-02,6,43
MIL,COL202407030,2024-07-03,6,38
MIL,COL202407040,2024-07-04,5,39
MIL,LAN202407050,2024-07-05,11,33
MIL,LAN202407060,2024-07-06,7,35
MIL,LAN202407070,2024-07-07,9,42
MIL,MIL202407090,2024-07-09,12,39
MIL,MIL202407100,2024-07-10,6,43
MIL,MIL202407110,2024-07-11,15,32
MIL,MIL202407120,2024-07-12,13,36
MIL,MIL202407130,2024-07-13,12,38
MIL,MIL202407140,2024-07-14,10,41
MIL,MIN202407200,2024-07-20,9,48
MIL,MIN202407210,2024-07-21,9,39
MIL,CHN202407220,2024-07-22,7,38
MIL,CHN202407230,2024-07-23,6,35
MIL,CHN202407240,2024-07-24,9,40
MIL,MIL202407260,2024-07-26,6,34
MIL,MIL202407270,2024-07-27,9,35
MIL,MIL202407280,2024-07-28,9,36
MIL,MIL202407290,2024-07-29,10,37
MIL,MIL202407300,2024-07-30,9,35
MIL,MIL202407310,2024-07-31,12,38
MIL,WAS202408020,2024-08-02,9,44
MIL,WAS202408030,2024-08-03,9,37
MIL,WAS202408040,2024-08-04,6,34
MIL,ATL202408060,2024-08-06,8,48
MIL,ATL202408070,2024-08-07,16,49
MIL,ATL202408080,2024-08-08,8,54
MIL,MIL202408090,2024-08-09,11,36
MIL,MIL202408100,2024-08-10,9,26
MIL,MIL202408110,2024-08-11,6,34
MIL,MIL202408120,2024-08-12,12,35
MIL,MIL202408130,2024-08-13,8,35
MIL,MIL202408140,2024-08-14,9,34
MIL,MIL202408150,2024-08-15,9,35
MIL,MIL202408160,2024-08-16,10,34
MIL,MIL202408170,2024-08-17,10,28
MIL,MIL202408180,2024-08-18,7,30
MIL,SLN202408200,2024-08-20,3,36
MIL,SLN202408210,2024-08-21,14,45
MIL,SLN202408220,2024-08-22,6,33
MIL,OAK202408230,2024-08-23,8,44
MIL,OAK202408240,2024-08-24,12,44
MIL,OAK202408250,2024-08-25,9,33
MIL,MIL202408270,2024-08-27,10,42
MIL,MIL202408280,2024-08-28,9,34
MIL,MIL202408290,2024-08-29,12,38
MIL,CIN202408301,2024-08-30,6,37
MIL,CIN202408302,2024-08-30,12,49
MIL,CIN202408310,2024-08-31,14,42
MIL,CIN202409010,2024-09-01,6,40
MIL,MIL202409020,2024-09-02,8,38
MIL,MIL202409030,2024-09-03,17,45
MIL,MIL202409040,2024-09-04,12,39
MIL,MIL202409060,2024-09-06,7,34
MIL,MIL202409070,2024-09-07,4,33
MIL,MIL202409080,2024-09-08,7,31
MIL,SFN202409100,2024-09-10,6,36
MIL,SFN202409110,2024-09-11,11,39
MIL,SFN202409120,2024-09-12,7,33
MIL,ARI202409130,2024-09-13,12,38
MIL,ARI202409140,2024-09-14,4,49
MIL,ARI202409150,2024-09-15,15,48
MIL,MIL202409160,2024-09-16,7,37
MIL,MIL202409170,2024-09-17,9,31
MIL,MIL202409180,2024-09-18,12,33
MIL,MIL202409190,2024-09-19,15,29
MIL,MIL202409200,2024-09-20,11,40
MIL,MIL202409210,2024-09-21,13,28
MIL,MIL202409220,2024-09-22,9,43
MIL,PIT202409240,2024-09-24,8,41
MIL,PIT202409250,2024-09-25,6,32
MIL,PIT202409260,2024-09-26,9,42
MIL,MIL202409270,2024-09-27,8,38
MIL,MIL202409280,2024-09-28,18,37
MIL,MIL202409290,2024-09-29,12,33
MIL,NYA202503270,2025-03-27,13,38
MIL,NYA202503290,2025-03-29,9,48
MIL,NYA202503300,2025-03-30,10,35
MIL,MIL202503310,2025-03-31,11,36
MIL,MIL202504010,2025-04-01,8,33
MIL,MIL202504020,2025-04-02,17,46
MIL,MIL202504030,2025-04-03,4,30
MIL,MIL202504040,2025-04-04,5,32
MIL,MIL202504050,2025-04-05,12,43
MIL,MIL202504060,2025-04-06,5,35
MIL,COL202504080,2025-04-08,7,37
MIL,COL202504090,2025-04-09,6,46
MIL,COL202504100,2025-04-10,10,37
MIL,ARI202504110,2025-04-11,4,41
MIL,ARI202504120,2025-04-12,6,33
MIL,ARI202504130,2025-04-13,11,38
MIL,MIL202504140,2025-04-14,11,34
MIL,MIL202504150,2025-04-15,5,39
MIL,MIL202504160,2025-04-16,11,35
MIL,MIL202504180,2025-04-18,8,36
MIL,MIL202504190,2025-04-19,3,30
MIL,MIL202504200,2025-04-20,3,46
MIL,SFN202504210,2025-04-21,9,36
MIL,SFN202504220,2025-04-22,6,45
MIL,SFN202504230,2025-04-23,8,39
MIL,SFN202504240,2025-04-24,7,40
MIL,SLN202504250,2025-04-25,5,36
MIL,SLN202504260,2025-04-26,6,40
MIL,SLN202504270,2025-04-27,7,41
MIL,CHA202504290,2025-04-29,9,45
MIL,CHA202504300,2025-04-30,9,40
MIL,CHA202505010,2025-05-01,9,32
MIL,MIL202505020,2025-05-02,8,33
MIL,MIL202505030,2025-05-03,7,31
MIL,MIL202505040,2025-05-04,7,32
MIL,MIL202505050,2025-05-05,8,36
MIL,MIL202505060,2025-05-06,10,34
MIL,MIL202505070,2025-05-07,9,34
MIL,TBA202505090,2025-05-09,9,38
MIL,TBA202505100,2025-05-10,7,34
MIL,TBA202505110,2025-05-11,7,37
MIL,CLE202505120,2025-05-12,8,38
MIL,CLE202505130,2025-05-13,10,31
MIL,CLE202505140,2025-05-14,9,43
MIL,MIL202505160,2025-05-16,16,34
MIL,MIL202505170,2025-05-17,10,34
MIL,MIL202505180,2025-05-18,7,33
MIL,MIL202505190,2025-05-19,7,39
MIL,MIL202505200,2025-05-20,6,38
MIL,MIL202505210,2025-05-21,8,42
MIL,PIT202505220,2025-05-22,5,38
MIL,PIT202505230,2025-05-23,16,46
MIL,PIT202505240,2025-05-24,9,37
MIL,PIT202505250,2025-05-25,2,39
MIL,MIL202505260,2025-05-26,12,35
MIL,MIL202505270,2025-05-27,8,40
MIL,MIL202505280,2025-05-28,5,43
MIL,PHI202505300,2025-05-30,13,43
MIL,PHI202505310,2025-05-31,7,51
MIL,PHI202506010,2025-06-01,5,38
MIL,CIN202506020,2025-06-02,7,34
MIL,CIN202506030,2025-06-03,9,36
MIL,CIN202506040,2025-06-04,7,43
MIL,MIL202506060,2025-06-06,8,37
MIL,MIL202506070,2025-06-07,2,35
MIL,MIL202506080,2025-06-08,9,37
MIL,MIL202506090,2025-06-09,15,33
MIL,MIL202506100,2025-06-10,12,35
MIL,MIL202506110,2025-06-11,9,31
MIL,MIL202506120,2025-06-12,4,34
MIL,MIL202506130,2025-06-13,8,30
MIL,MIL202506140,2025-06-14,14,43
MIL,MIL202506150,2025-06-15,10,33
MIL,CHN202506170,2025-06-17,10,39
MIL,CHN202506190,2025-06-19,7,41
MIL,MIN202506200,2025-06-20,10,49
MIL,MIN202506210,2025-06-21,3,44
MIL,MIN202506220,2025-06-22,7,45
MIL,MIL202506230,2025-06-23,7,37
MIL,MIL202506240,2025-06-24,5,38
MIL,MIL202506250,2025-06-25,5,34
MIL,MIL202506270,2025-06-27,4,40
MIL,MIL202506280,2025-06-28,3,37
MIL,MIL202506290,2025-06-29,10,44
MIL,NYN202507021,2025-07-02,3,43
MIL,NYN202507022,2025-07-02,11,38
MIL,NYN202507030,2025-07-03,9,35
MIL,MIA202507040,2025-07-04,10,39
MIL,MIA202507050,2025-07-05,12,37
MIL,MIA202507060,2025-07-06,5,36
MIL,MIL202507070,2025-07-07,5,38
MIL,MIL202507080,2025-07-08,6,32
MIL,MIL202507090,2025-07-09,10,39
MIL,MIL202507110,2025-07-11,3,37
MIL,MIL202507120,2025-07-12,2,35
MIL,MIL202507130,2025-07-13,10,39
MIL,LAN202507180,2025-07-18,8,38
MIL,LAN202507190,2025-07-19,8,42
MIL,LAN202507200,2025-07-20,6,42
MIL,SEA202507210,2025-07-21,6,36
MIL,SEA202507220,2025-07-22,13,33
MIL,SEA202507230,2025-07-23,12,47
MIL,MIL202507250,2025-07-25,8,34
MIL,MIL202507260,2025-07-26,9,36
MIL,MIL202507270,2025-07-27,9,39
MIL,MIL202507280,2025-07-28,3,38
MIL,MIL202507290,2025-07-29,8,42
MIL,MIL202507300,2025-07-30,10,34
MIL,WAS202508010,2025-08-01,7,57
MIL,WAS202508020,2025-08-02,5,43
MIL,WAS202508030,2025-08-03,10,51
MIL,ATL202508040,2025-08-04,2,34
MIL,ATL202508050,2025-08-05,7,39
MIL,ATL202508060,2025-08-06,8,42
MIL,MIL202508080,2025-08-08,7,36
MIL,MIL202508090,2025-08-09,6,34
MIL,MIL202508100,2025-08-10,7,38
MIL,MIL202508110,2025-08-11,9,38
MIL,MIL202508120,2025-08-12,8,46
MIL,MIL202508130,2025-08-13,10,44
MIL,CIN202508150,2025-08-15,7,45
MIL,CIN202508160,2025-08-16,7,48
MIL,CIN202508170,2025-08-17,8,35
MIL,CHN202508180,2025-08-18,11,44
MIL,CHN202508192,2025-08-19,5,34
MIL,CHN202508191,2025-08-19,9,39
MIL,CHN202508200,2025-08-20,8,39
MIL,CHN202508210,2025-08-21,7,35
MIL,MIL202508220,2025-08-22,8,38
MIL,MIL202508230,2025-08-23,7,36
MIL,MIL202508240,2025-08-24,3,38
MIL,MIL202508250,2025-08-25,7,36
MIL,MIL202508260,2025-08-26,8,42
MIL,MIL202508270,2025-08-27,6,37
MIL,MIL202508280,2025-08-28,5,41
MIL,TOR202508290,2025-08-29,12,41
MIL,TOR202508300,2025-08-30,9,35
MIL,TOR202508310,2025-08-31,7,40
MIL,MIL202509010,2025-09-01,7,45
MIL,MIL202509030,2025-09-03,8,33
MIL,MIL202509040,2025-09-04,7,35
MIL,PIT202509050,2025-09-05,8,44
MIL,PIT202509060,2025-09-06,8,36
MIL,PIT202509070,2025-09-07,9,45
MIL,TEX202509080,2025-09-08,5,31
MIL,TEX202509090,2025-09-09,5,39
MIL,TEX202509100,2025-09-10,10,38
MIL,MIL202509120,2025-09-12,2,39
MIL,MIL202509130,2025-09-13,12,45
MIL,MIL202509140,2025-09-14,9,37
MIL,MIL202509160,2025-09-16,7,42
MIL,MIL202509170,2025-09-17,8,36
MIL,MIL202509180,2025-09-18,2,37
MIL,SLN202509190,2025-09-19,11,40
MIL,SLN202509200,2025-09-20,5,42
MIL,SLN202509210,2025-09-21,10,38
MIL,SDN202509220,2025-09-22,11,47
MIL,SDN202509230,2025-09-23,5,33
MIL,SDN202509240,2025-09-24,9,38
MIL,MIL202509260,2025-09-26,9,33
MIL,MIL202509270,2025-09-27,7,38
MIL,MIL202509280,2025-09-28,12,40
MIN,KCA202403280,2024-03-28,12,42
MIN,KCA202403300,2024-03-30,6,40
MIN,KCA202403310,2024-03-31,12,35
MIN,MIL202404020,2024-04-02,8,34
MIN,MIL202404030,2024-04-03,6,45
MIN,MIN202404040,2024-04-04,15,38
MIN,MIN202404060,2024-04-06,14,39
MIN,MIN202404080,2024-04-08,7,31
MIN,MIN202404090,2024-04-09,15,33
MIN,MIN202404100,2024-04-10,10,32
MIN,DET202404120,2024-04-12,11,37
MIN,DET202404131,2024-04-13,12,51
MIN,DET202404132,2024-04-13,11,37
MIN,DET202404140,2024-04-14,8,38
MIN,BAL202404150,2024-04-15,9,36
MIN,BAL202404160,2024-04-16,10,36
MIN,BAL202404170,2024-04-17,9,35
MIN,MIN202404190,2024-04-19,12,35
MIN,MIN202404200,2024-04-20,6,36
MIN,MIN202404210,2024-04-21,5,37
MIN,MIN202404220,2024-04-22,6,36
MIN,MIN202404230,2024-04-23,14,37
MIN,MIN202404240,2024-04-24,13,41
MIN,MIN202404250,2024-04-25,3,36
MIN,ANA202404260,2024-04-26,6,39
MIN,ANA202404270,2024-04-27,5,51
MIN,ANA202404280,2024-04-28,7,46
MIN,CHA202404290,2024-04-29,11,35
MIN,CHA202404300,2024-04-30,8,41
MIN,CHA202405010,2024-05-01,8,45
MIN,MIN202405030,2024-05-03,7,36
MIN,MIN202405040,2024-05-04,8,34
MIN,MIN202405050,2024-05-05,8,39
MIN,MIN202405060,2024-05-06,9,32
MIN,MIN202405070,2024-05-07,4,38
MIN,MIN202405080,2024-05-08,9,32
MIN,MIN202405090,2024-05-09,8,39
MIN,TOR202405100,2024-05-10,5,33
MIN,TOR202405110,2024-05-11,12,41
MIN,TOR202405120,2024-05-12,9,35
MIN,MIN202405140,2024-05-14,8,34
MIN,MIN202405150,2024-05-15,6,35
MIN,MIN202405160,2024-05-16,8,33
MIN,CLE202405170,2024-05-17,9,33
MIN,CLE202405180,2024-05-18,10,37
MIN,CLE202405190,2024-05-19,9,35
MIN,WAS202405200,2024-05-20,8,36
MIN,WAS202405210,2024-05-21,4,41
MIN,WAS202405220,2024-05-22,9,35
MIN,MIN202405240,2024-05-24,8,37
MIN,MIN202405250,2024-05-25,7,37
MIN,MIN202405260,2024-05-26,6,34
MIN,MIN202405270,2024-05-27,8,33
MIN,MIN202405280,2024-05-28,10,37
MIN,MIN202405290,2024-05-29,7,40
MIN,MIN202405300,2024-05-30,5,37
MIN,HOU202405310,2024-05-31,8,37
MIN,HOU202406010,2024-06-01,6,33
MIN,HOU202406020,2024-06-02,10,35
MIN,NYA202406040,2024-06-04,9,31
MIN,NYA202406050,2024-06-05,12,33
MIN,NYA202406060,2024-06-06,6,43
MIN,PIT202406070,2024-06-07,11,36
MIN,PIT202406080,2024-06-08,7,33
MIN,PIT202406090,2024-06-09,6,53
MIN,MIN202406100,2024-06-10,2,32
MIN,MIN202406110,2024-06-11,8,37
MIN,MIN202406120,2024-06-12,4,47
MIN,MIN202406130,2024-06-13,3,38
MIN,MIN202406140,2024-06-14,5,40
MIN,MIN202406162,2024-06-16,7,41
MIN,MIN202406161,2024-06-16,3,39
MIN,MIN202406180,2024-06-18,11,42
MIN,MIN202406190,2024-06-19,7,41
MIN,MIN202406200,2024-06-20,10,42
MIN,OAK202406210,2024-06-21,3,39
MIN,OAK202406220,2024-06-22,9,50
MIN,OAK202406230,2024-06-23,6,33
MIN,ARI202406250,2024-06-25,3,35
MIN,ARI202406260,2024-06-26,10,45
MIN,ARI202406270,2024-06-27,4,46
MIN,SEA202406280,2024-06-28,4,36
MIN,SEA202406290,2024-06-29,12,37
MIN,SEA202406300,2024-06-30,6,35
MIN,MIN202407020,2024-07-02,8,35
MIN,MIN202407030,2024-07-03,5,39
MIN,MIN202407040,2024-07-04,5,41
MIN,MIN202407050,2024-07-05,9,48
MIN,MIN202407060,2024-07-06,8,39
MIN,MIN202407070,2024-07-07,8,36
MIN,CHA202407080,2024-07-08,6,46
MIN,CHA202407101,2024-07-10,11,35
MIN,CHA202407102,2024-07-10,4,37
MIN,SFN202407120,2024-07-12,5,38
MIN,SFN202407130,2024-07-13,7,41
MIN,SFN202407140,2024-07-14,9,30
MIN,MIN202407200,2024-07-20,12,48
MIN,MIN202407210,2024-07-21,10,43
MIN,MIN202407220,2024-07-22,8,42
MIN,MIN202407230,2024-07-23,11,35
MIN,MIN202407240,2024-07-24,9,40
MIN,DET202407260,2024-07-26,9,45
MIN,DET202407270,2024-07-27,9,35
MIN,DET202407280,2024-07-28,10,43
MIN,NYN202407290,2024-07-29,7,38
MIN,NYN202407300,2024-07-30,13,32
MIN,NYN202407310,2024-07-31,7,40
MIN,MIN202408020,2024-08-02,8,40
MIN,MIN202408030,2024-08-03,5,37
MIN,MIN202408040,2024-08-04,10,47
MIN,CHN202408050,2024-08-05,9,34
MIN,CHN202408060,2024-08-06,11,31
MIN,CHN202408070,2024-08-07,7,37
MIN,MIN202408092,2024-08-09,4,33
MIN,MIN202408091,2024-08-09,5,32
MIN,MIN202408100,2024-08-10,6,32
MIN,MIN202408110,2024-08-11,9,38
MIN,MIN202408120,2024-08-12,12,38
MIN,MIN202408130,2024-08-13,7,43
MIN,MIN202408140,2024-08-14,8,34
MIN,TEX202408150,2024-08-15,7,39
MIN,TEX202408160,2024-08-16,11,35
MIN,TEX202408170,2024-08-17,7,35
MIN,TEX202408180,2024-08-18,7,39
MIN,SDN202408190,2024-08-19,9,36
MIN,SDN202408200,2024-08-20,5,37
MIN,SDN202408210,2024-08-21,9,47
MIN,MIN202408230,2024-08-23,6,34
MIN,MIN202408240,2024-08-24,8,34
MIN,MIN202408250,2024-08-25,7,36
MIN,MIN202408260,2024-08-26,10,38
MIN,MIN202408270,2024-08-27,14,48
MIN,MIN202408280,2024-08-28,11,36
MIN,MIN202408300,2024-08-30,6,31
MIN,MIN202408310,2024-08-31,8,32
MIN,MIN202409010,2024-09-01,6,35
MIN,TBA202409020,2024-09-02,5,40
MIN,TBA202409030,2024-09-03,9,35
MIN,TBA202409040,2024-09-04,10,39
MIN,TBA202409050,2024-09-05,11,35
MIN,KCA202409060,2024-09-06,11,31
MIN,KCA202409070,2024-09-07,10,34
MIN,KCA202409080,2024-09-08,9,30
MIN,MIN202409090,2024-09-09,12,34
MIN,MIN202409100,2024-09-10,5,38
MIN,MIN202409110,2024-09-11,5,37
MIN,MIN202409130,2024-09-13,6,34
MIN,MIN202409140,2024-09-14,8,33
MIN,MIN202409150,2024-09-15,7,38
MIN,CLE202409160,2024-09-16,12,40
MIN,CLE202409170,2024-09-17,10,38
MIN,CLE202409180,2024-09-18,9,40
MIN,CLE202409190,2024-09-19,14,39
MIN,BOS202409200,2024-09-20,8,52
MIN,BOS202409221,2024-09-22,7,35
MIN,BOS202409222,2024-09-22,8,37
MIN,MIN202409240,2024-09-24,6,38
MIN,MIN202409250,2024-09-25,6,36
MIN,MIN202409260,2024-09-26,6,56
MIN,MIN202409270,2024-09-27,4,34
MIN,MIN202409280,2024-09-28,6,35
MIN,MIN202409290,2024-09-29,8,35
MIN,SLN202503270,2025-03-27,11,37
MIN,SLN202503290,2025-03-29,3,30
MIN,SLN202503300,2025-03-30,5,34
MIN,CHA202503310,2025-03-31,13,35
MIN,CHA202504010,2025-04-01,7,42
MIN,CHA202504020,2025-04-02,4,36
MIN,MIN202504030,2025-04-03,11,32
MIN,MIN202504050,2025-04-05,10,35
MIN,MIN202504060,2025-04-06,12,46
MIN,KCA202504070,2025-04-07,5,36
MIN,KCA202504080,2025-04-08,12,34
MIN,KCA202504090,2025-04-09,10,35
MIN,KCA202504100,2025-04-10,8,38
MIN,MIN202504110,2025-04-11,7,44
MIN,MIN202504120,2025-04-12,5,32
MIN,MIN202504130,2025-04-13,3,34
MIN,MIN202504140,2025-04-14,13,33
MIN,MIN202504150,2025-04-15,5,37
MIN,MIN202504160,2025-04-16,12,39
MIN,ATL202504180,2025-04-18,4,36
MIN,ATL202504190,2025-04-19,13,38
MIN,ATL202504200,2025-04-20,10,38
MIN,MIN202504220,2025-04-22,7,36
MIN,MIN202504230,2025-04-23,7,43
MIN,MIN202504240,2025-04-24,10,28
MIN,MIN202504250,2025-04-25,6,40
MIN,MIN202504260,2025-04-26,8,42
MIN,MIN202504270,2025-04-27,7,35
MIN,CLE202504280,2025-04-28,5,46
MIN,CLE202504290,2025-04-29,7,33
MIN,CLE202504300,2025-04-30,13,34
MIN,CLE202505010,2025-05-01,4,44
MIN,BOS202505020,2025-05-02,9,32
MIN,BOS202505030,2025-05-03,4,40
MIN,BOS202505040,2025-05-04,10,39
MIN,MIN202505060,2025-05-06,7,36
MIN,MIN202505070,2025-05-07,6,33
MIN,MIN202505080,2025-05-08,11,33
MIN,MIN202505090,2025-05-09,9,33
MIN,MIN202505100,2025-05-10,12,30
MIN,MIN202505110,2025-05-11,10,44
MIN,BAL202505142,2025-05-14,11,41
MIN,BAL202505141,2025-05-14,8,40
MIN,BAL202505150,2025-05-15,7,36
MIN,MIL202505160,2025-05-16,5,37
MIN,MIL202505170,2025-05-17,10,45
MIN,MIL202505180,2025-05-18,9,38
MIN,MIN202505190,2025-05-19,8,43
MIN,MIN202505210,2025-05-21,7,33
MIN,MIN202505230,2025-05-23,11,32
MIN,MIN202505240,2025-05-24,3,39
MIN,MIN202505250,2025-05-25,12,34
MIN,TBA202505260,2025-05-26,6,31
MIN,TBA202505270,2025-05-27,10,36
MIN,TBA202505280,2025-05-28,7,34
MIN,SEA202505300,2025-05-30,7,48
MIN,SEA202505310,2025-05-31,11,48
MIN,SEA202506010,2025-06-01,9,36
MIN,ATH202506020,2025-06-02,5,47
MIN,ATH202506030,2025-06-03,14,46
MIN,ATH202506040,2025-06-04,9,39
MIN,ATH202506050,2025-06-05,7,35
MIN,MIN202506060,2025-06-06,11,38
MIN,MIN202506070,2025-06-07,7,37
MIN,MIN202506080,2025-06-08,7,43
MIN,MIN202506100,2025-06-10,4,38
MIN,MIN202506110,2025-06-11,5,36
MIN,MIN202506120,2025-06-12,9,38
MIN,HOU202506130,2025-06-13,8,34
MIN,HOU202506140,2025-06-14,17,33
MIN,HOU202506150,2025-06-15,12,38
MIN,CIN202506170,2025-06-17,11,38
MIN,CIN202506180,2025-06-18,4,24
MIN,CIN202506190,2025-06-19,10,53
MIN,MIN202506200,2025-06-20,8,37
MIN,MIN202506210,2025-06-21,5,33
MIN,MIN202506220,2025-06-22,8,48
MIN,MIN202506230,2025-06-23,11,36
MIN,MIN202506240,2025-06-24,6,36
MIN,MIN202506250,2025-06-25,6,29
MIN,MIN202506260,2025-06-26,3,45
MIN,DET202506270,2025-06-27,9,38
MIN,DET202506280,2025-06-28,8,36
MIN,DET202506290,2025-06-29,14,29
MIN,MIA202507010,2025-07-01,9,30
MIN,MIA202507020,2025-07-02,9,33
MIN,MIA202507030,2025-07-03,10,33
MIN,MIN202507040,2025-07-04,10,36
MIN,MIN202507050,2025-07-05,7,39
MIN,MIN202507060,2025-07-06,11,41
MIN,MIN202507080,2025-07-08,3,37
MIN,MIN202507090,2025-07-09,8,34
MIN,MIN202507100,2025-07-10,9,33
MIN,MIN202507110,2025-07-11,10,30
MIN,MIN202507120,2025-07-12,6,44
MIN,MIN202507130,2025-07-13,6,34
MIN,COL202507180,2025-07-18,7,39
MIN,COL202507190,2025-07-19,7,38
MIN,COL202507200,2025-07-20,6,41
MIN,LAN202507210,2025-07-21,7,42
MIN,LAN202507220,2025-07-22,13,44
MIN,LAN202507230,2025-07-23,15,35
MIN,MIN202507250,2025-07-25,7,32
MIN,MIN202507260,2025-07-26,7,38
MIN,MIN202507270,2025-07-27,3,34
MIN,MIN202507280,2025-07-28,6,40
MIN,MIN202507290,2025-07-29,10,41
MIN,MIN202507300,2025-07-30,4,34
MIN,CLE202508010,2025-08-01,14,38
MIN,CLE202508020,2025-08-02,15,38
MIN,CLE202508030,2025-08-03,12,38
MIN,DET202508040,2025-08-04,8,34
MIN,DET202508050,2025-08-05,2,39
MIN,DET202508060,2025-08-06,4,43
MIN,MIN202508080,2025-08-08,3,40
MIN,MIN202508090,2025-08-09,9,37
MIN,MIN202508100,2025-08-10,12,40
MIN,NYA202508110,2025-08-11,11,30
MIN,NYA202508120,2025-08-12,8,31
MIN,NYA202508130,2025-08-13,10,39
MIN,MIN202508140,2025-08-14,8,41
MIN,MIN202508150,2025-08-15,7,35
MIN,MIN202508160,2025-08-16,14,38
MIN,MIN202508170,2025-08-17,7,37
MIN,MIN202508190,2025-08-19,10,35
MIN,MIN202508200,2025-08-20,6,43
MIN,MIN202508210,2025-08-21,8,36
MIN,CHA202508220,2025-08-22,10,47
MIN,CHA202508230,2025-08-23,8,35
MIN,CHA202508240,2025-08-24,10,36
MIN,TOR202508250,2025-08-25,6,35
MIN,TOR202508260,2025-08-26,9,42
MIN,TOR202508270,2025-08-27,10,41
MIN,MIN202508290,2025-08-29,4,42
MIN,MIN202508300,2025-08-30,7,34
MIN,MIN202508310,2025-08-31,10,38
MIN,MIN202509010,2025-09-01,9,40
MIN,MIN202509020,2025-09-02,7,36
MIN,MIN202509030,2025-09-03,9,41
MIN,MIN202509040,2025-09-04,8,44
MIN,KCA202509050,2025-09-05,6,36
MIN,KCA202509060,2025-09-06,7,36
MIN,KCA202509070,2025-09-07,12,37
MIN,ANA202509080,2025-09-08,13,49
MIN,ANA202509090,2025-09-09,9,34
MIN,ANA202509100,2025-09-10,11,41
MIN,MIN202509120,2025-09-12,5,40
MIN,MIN202509130,2025-09-13,9,42
MIN,MIN202509140,2025-09-14,8,41
MIN,MIN202509150,2025-09-15,5,34
MIN,MIN202509160,2025-09-16,10,41
MIN,MIN202509170,2025-09-17,8,39
MIN,MIN202509190,2025-09-19,16,35
MIN,MIN202509202,2025-09-20,9,29
MIN,MIN202509201,2025-09-20,10,30
MIN,MIN202509210,2025-09-21,10,36
MIN,TEX202509230,2025-09-23,7,43
MIN,TEX202509240,2025-09-24,11,31
MIN,TEX202509250,2025-09-25,9,36
MIN,PHI202509260,2025-09-26,11,31
MIN,PHI202509270,2025-09-27,11,38
MIN,PHI202509280,2025-09-28,16,38
NYA,HOU202403280,2024-03-28,10,42
NYA,HOU202403290,2024-03-29,9,45
NYA,HOU202403300,2024-03-30,11,38
NYA,HOU202403310,2024-03-31,12,39
NYA,ARI202404010,2024-04-01,4,39
NYA,ARI202404020,2024-04-02,8,31
NYA,ARI202404030,2024-04-03,7,41
NYA,NYA202404050,2024-04-05,11,34
NYA,NYA202404060,2024-04-06,5,40
NYA,NYA202404070,2024-04-07,8,39
NYA,NYA202404080,2024-04-08,9,37
NYA,NYA202404090,2024-04-09,3,38
NYA,NYA202404100,2024-04-10,6,39
NYA,CLE202404132,2024-04-13,4,44
NYA,CLE202404131,2024-04-13,6,39
NYA,CLE202404140,2024-04-14,7,43
NYA,TOR202404150,2024-04-15,6,31
NYA,TOR202404160,2024-04-16,10,36
NYA,TOR202404170,2024-04-17,11,40
NYA,NYA202404190,2024-04-19,7,35
NYA,NYA202404200,2024-04-20,9,34
NYA,NYA202404210,2024-04-21,9,38
NYA,NYA202404220,2024-04-22,11,30
NYA,NYA202404230,2024-04-23,5,31
NYA,NYA202404240,2024-04-24,8,39
NYA,NYA202404250,2024-04-25,11,39
NYA,MIL202404260,2024-04-26,8,43
NYA,MIL202404270,2024-04-27,7,53
NYA,MIL202404280,2024-04-28,5,50
NYA,BAL202404290,2024-04-29,3,37
NYA,BAL202404300,2024-04-30,8,33
NYA,BAL202405010,2024-05-01,8,31
NYA,BAL202405020,2024-05-02,11,36
NYA,NYA202405030,2024-05-03,9,33
NYA,NYA202405040,2024-05-04,8,34
NYA,NYA202405050,2024-05-05,13,33
NYA,NYA202405070,2024-05-07,3,44
NYA,NYA202405080,2024-05-08,4,40
NYA,NYA202405090,2024-05-09,10,37
NYA,TBA202405100,2024-05-10,9,37
NYA,TBA202405110,2024-05-11,4,35
NYA,TBA202405120,2024-05-12,4,41
NYA,MIN202405140,2024-05-14,6,43
NYA,MIN202405150,2024-05-15,4,40
NYA,MIN202405160,2024-05-16,8,38
NYA,NYA202405170,2024-05-17,8,35
NYA,NYA202405180,2024-05-18,11,39
NYA,NYA202405190,2024-05-19,9,35
NYA,NYA202405200,2024-05-20,3,40
NYA,NYA202405210,2024-05-21,9,35
NYA,NYA202405220,2024-05-22,7,34
NYA,NYA202405230,2024-05-23,4,38
NYA,SDN202405240,2024-05-24,7,39
NYA,SDN202405250,2024-05-25,13,37
NYA,SDN202405260,2024-05-26,12,35
NYA,ANA202405280,2024-05-28,8,38
NYA,ANA202405290,2024-05-29,7,40
NYA,ANA202405300,2024-05-30,10,39
NYA,SFN202405310,2024-05-31,6,35
NYA,SFN202406010,2024-06-01,9,36
NYA,SFN202406020,2024-06-02,12,43
NYA,NYA202406040,2024-06-04,4,33
NYA,NYA202406050,2024-06-05,11,38
NYA,NYA202406060,2024-06-06,9,40
NYA,NYA202406070,2024-06-07,12,41
NYA,NYA202406080,2024-06-08,8,40
NYA,NYA202406090,2024-06-09,14,33
NYA,KCA202406100,2024-06-10,6,37
NYA,KCA202406110,2024-06-11,8,42
NYA,KCA202406120,2024-06-12,5,42
NYA,KCA202406130,2024-06-13,8,33
NYA,BOS202406140,2024-06-14,11,41
NYA,BOS202406150,2024-06-15,10,40
NYA,BOS202406160,2024-06-16,14,35
NYA,NYA202406180,2024-06-18,3,38
NYA,NYA202406190,2024-06-19,5,45
NYA,NYA202406200,2024-06-20,5,35
NYA,NYA202406210,2024-06-21,12,30
NYA,NYA202406220,2024-06-22,6,39
NYA,NYA202406230,2024-06-23,9,32
NYA,NYN202406250,2024-06-25,12,43
NYA,NYN202406260,2024-06-26,8,38
NYA,TOR202406270,2024-06-27,11,35
NYA,TOR202406280,2024-06-28,8,46
NYA,TOR202406290,2024-06-29,11,36
NYA,TOR202406300,2024-06-30,11,45
NYA,NYA202407020,2024-07-02,5,37
NYA,NYA202407030,2024-07-03,3,38
NYA,NYA202407040,2024-07-04,6,37
NYA,NYA202407050,2024-07-05,6,41
NYA,NYA202407060,2024-07-06,7,42
NYA,NYA202407070,2024-07-07,6,30
NYA,TBA202407090,2024-07-09,10,38
NYA,TBA202407100,2024-07-10,8,34
NYA,TBA202407110,2024-07-11,10,41
NYA,BAL202407120,2024-07-12,10,40
NYA,BAL202407130,2024-07-13,12,40
NYA,BAL202407140,2024-07-14,8,40
NYA,NYA202407190,2024-07-19,8,39
NYA,NYA202407200,2024-07-20,7,33
NYA,NYA202407210,2024-07-21,7,40
NYA,NYA202407220,2024-07-22,10,40
NYA,NYA202407230,2024-07-23,9,40
NYA,NYA202407240,2024-07-24,9,41
NYA,BOS202407260,2024-07-26,6,43
NYA,BOS202407270,2024-07-27,8,51
NYA,BOS202407280,2024-07-28,5,45
NYA,PHI202407290,2024-07-29,9,44
NYA,PHI202407300,2024-07-30,10,52
NYA,PHI202407310,2024-07-31,9,37
NYA,NYA202408020,2024-08-02,9,39
NYA,NYA202408030,2024-08-03,8,41
NYA,NYA202408040,2024-08-04,6,45
NYA,NYA202408071,2024-08-07,8,40
NYA,NYA202408072,2024-08-07,4,38
NYA,NYA202408080,2024-08-08,9,37
NYA,NYA202408101,2024-08-10,9,43
NYA,NYA202408102,2024-08-10,11,36
NYA,NYA202408110,2024-08-11,6,38
NYA,CHA202408120,2024-08-12,7,45
NYA,CHA202408130,2024-08-13,7,40
NYA,CHA202408140,2024-08-14,11,45
NYA,DET202408160,2024-08-16,8,35
NYA,DET202408170,2024-08-17,8,34
NYA,DET202408180,2024-08-18,10,37
NYA,NYA202408200,2024-08-20,5,50
NYA,NYA202408210,2024-08-21,10,36
NYA,NYA202408220,2024-08-22,8,37
NYA,NYA202408230,2024-08-23,5,31
NYA,NYA202408240,2024-08-24,9,36
NYA,NYA202408250,2024-08-25,6,39
NYA,WAS202408260,2024-08-26,7,40
NYA,WAS202408270,2024-08-27,7,37
NYA,WAS202408280,2024-08-28,9,37
NYA,NYA202408300,2024-08-30,13,32
NYA,NYA202408310,2024-08-31,8,40
NYA,NYA202409010,2024-09-01,11,40
NYA,TEX202409020,2024-09-02,7,40
NYA,TEX202409030,2024-09-03,13,39
NYA,TEX202409040,2024-09-04,7,41
NYA,CHN202409060,2024-09-06,6,37
NYA,CHN202409070,2024-09-07,7,37
NYA,CHN202409080,2024-09-08,9,35
NYA,NYA202409090,2024-09-09,6,41
NYA,NYA202409100,2024-09-10,14,30
NYA,NYA202409110,2024-09-11,9,40
NYA,NYA202409120,2024-09-12,8,38
NYA,NYA202409130,2024-09-13,7,36
NYA,NYA202409140,2024-09-14,6,37
NYA,NYA202409150,2024-09-15,12,37
NYA,SEA202409170,2024-09-17,8,45
NYA,SEA202409180,2024-09-18,15,37
NYA,SEA202409190,2024-09-19,14,37
NYA,OAK202409200,2024-09-20,9,38
NYA,OAK202409210,2024-09-21,8,47
NYA,OAK202409220,2024-09-22,4,44
NYA,NYA202409240,2024-09-24,5,36
NYA,NYA202409250,2024-09-25,5,41
NYA,NYA202409260,2024-09-26,14,37
NYA,NYA202409270,2024-09-27,12,36
NYA,NYA202409280,2024-09-28,11,40
NYA,NYA202409290,2024-09-29,8,34
NYA,NYA202503270,2025-03-27,10,34
NYA,NYA202503290,2025-03-29,5,51
NYA,NYA202503300,2025-03-30,6,39
NYA,NYA202504010,2025-04-01,14,36
NYA,NYA202504020,2025-04-02,16,34
NYA,NYA202504030,2025-04-03,7,41
NYA,PIT202504040,2025-04-04,11,47
NYA,PIT202504050,2025-04-05,7,43
NYA,PIT202504060,2025-04-06,13,45
NYA,DET202504070,2025-04-07,8,36
NYA,DET202504080,2025-04-08,9,33
NYA,DET202504090,2025-04-09,13,41
NYA,NYA202504110,2025-04-11,9,22
NYA,NYA202504120,2025-04-12,8,39
NYA,NYA202504130,2025-04-13,9,38
NYA,NYA202504140,2025-04-14,6,34
NYA,NYA202504150,2025-04-15,9,37
NYA,NYA202504160,2025-04-16,9,36
NYA,TBA202504170,2025-04-17,5,40
NYA,TBA202504180,2025-04-18,10,34
NYA,TBA202504190,2025-04-19,12,46
NYA,TBA202504200,2025-04-20,10,36
NYA,CLE202504210,2025-04-21,12,38
NYA,CLE202504220,2025-04-22,9,36
NYA,CLE202504230,2025-04-23,14,45
NYA,NYA202504250,2025-04-25,6,40
NYA,NYA202504272,2025-04-27,7,36
NYA,NYA202504271,2025-04-27,10,44
NYA,BAL202504280,2025-04-28,15,39
NYA,BAL202504290,2025-04-29,9,54
NYA,BAL202504300,2025-04-30,8,38
NYA,NYA202505020,2025-05-02,4,34
NYA,NYA202505030,2025-05-03,4,32
NYA,NYA202505040,2025-05-04,4,39
NYA,NYA202505050,2025-05-05,9,35
NYA,NYA202505060,2025-05-06,2,38
NYA,NYA202505070,2025-05-07,10,36
NYA,ATH202505090,2025-05-09,10,49
NYA,ATH202505100,2025-05-10,9,41
NYA,ATH202505110,2025-05-11,10,50
NYA,SEA202505120,2025-05-12,9,48
NYA,SEA202505130,2025-05-13,13,43
NYA,SEA202505140,2025-05-14,12,37
NYA,NYA202505160,2025-05-16,6,39
NYA,NYA202505170,2025-05-17,7,38
NYA,NYA202505180,2025-05-18,7,41
NYA,NYA202505200,2025-05-20,6,34
NYA,NYA202505210,2025-05-21,10,32
NYA,NYA202505220,2025-05-22,7,31
NYA,COL202505230,2025-05-23,7,34
NYA,COL202505240,2025-05-24,8,50
NYA,COL202505250,2025-05-25,9,40
NYA,ANA202505260,2025-05-26,7,38
NYA,ANA202505270,2025-05-27,7,38
NYA,ANA202505280,2025-05-28,13,38
NYA,LAN202505300,2025-05-30,6,40
NYA,LAN202505310,2025-05-31,9,35
NYA,LAN202506010,2025-06-01,11,46
NYA,NYA202506030,2025-06-03,6,32
NYA,NYA202506040,2025-06-04,10,33
NYA,NYA202506050,2025-06-05,5,37
NYA,NYA202506060,2025-06-06,10,43
NYA,NYA202506070,2025-06-07,15,37
NYA,NYA202506080,2025-06-08,6,42
NYA,KCA202506100,2025-06-10,9,46
NYA,KCA202506110,2025-06-11,7,39
NYA,KCA202506120,2025-06-12,7,35
NYA,BOS202506130,2025-06-13,8,34
NYA,BOS202506140,2025-06-14,8,35
NYA,BOS202506150,2025-06-15,11,33
NYA,NYA202506160,2025-06-16,10,43
NYA,NYA202506170,2025-06-17,12,33
NYA,NYA202506180,2025-06-18,10,34
NYA,NYA202506190,2025-06-19,6,35
NYA,NYA202506200,2025-06-20,9,40
NYA,NYA202506210,2025-06-21,9,42
NYA,NYA202506220,2025-06-22,9,37
NYA,CIN202506230,2025-06-23,13,37
NYA,CIN202506240,2025-06-24,13,42
NYA,CIN202506250,2025-06-25,12,46
NYA,NYA202506270,2025-06-27,7,34
NYA,NYA202506280,2025-06-28,7,33
NYA,NYA202506290,2025-06-29,9,44
NYA,TOR202506300,2025-06-30,12,38
NYA,TOR202507010,2025-07-01,5,43
NYA,TOR202507020,2025-07-02,7,46
NYA,TOR202507030,2025-07-03,12,44
NYA,NYN202507040,2025-07-04,10,37
NYA,NYN202507050,2025-07-05,7,38
NYA,NYN202507060,2025-07-06,8,40
NYA,NYA202507080,2025-07-08,9,38
NYA,NYA202507090,2025-07-09,4,38
NYA,NYA202507100,2025-07-10,6,39
NYA,NYA202507110,2025-07-11,7,43
NYA,NYA202507120,2025-07-12,7,33
NYA,NYA202507130,2025-07-13,8,28
NYA,ATL202507180,2025-07-18,13,37
NYA,ATL202507190,2025-07-19,5,43
NYA,ATL202507200,2025-07-20,4,40
NYA,TOR202507210,2025-07-21,12,35
NYA,TOR202507220,2025-07-22,6,35
NYA,TOR202507230,2025-07-23,8,33
NYA,NYA202507250,2025-07-25,7,37
NYA,NYA202507260,2025-07-26,12,42
NYA,NYA202507270,2025-07-27,9,35
NYA,NYA202507280,2025-07-28,10,35
NYA,NYA202507290,2025-07-29,11,36
NYA,NYA202507300,2025-07-30,9,43
NYA,NYA202507310,2025-07-31,9,36
NYA,MIA202508010,2025-08-01,9,45
NYA,MIA202508020,2025-08-02,7,30
NYA,MIA202508030,2025-08-03,14,35
NYA,TEX202508040,2025-08-04,8,44
NYA,TEX202508050,2025-08-05,7,28
NYA,TEX202508060,2025-08-06,5,38
NYA,NYA202508080,2025-08-08,9,37
NYA,NYA202508090,2025-08-09,2,35
NYA,NYA202508100,2025-08-10,7,34
NYA,NYA202508110,2025-08-11,12,36
NYA,NYA202508120,2025-08-12,5,45
NYA,NYA202508130,2025-08-13,9,33
NYA,SLN202508150,2025-08-15,12,40
NYA,SLN202508160,2025-08-16,13,47
NYA,SLN202508170,2025-08-17,5,43
NYA,TBA202508190,2025-08-19,10,47
NYA,TBA202508200,2025-08-20,13,39
NYA,NYA202508210,2025-08-21,6,40
NYA,NYA202508220,2025-08-22,9,29
NYA,NYA202508230,2025-08-23,13,36
NYA,NYA202508240,2025-08-24,7,35
NYA,NYA202508250,2025-08-25,8,40
NYA,NYA202508260,2025-08-26,6,37
NYA,NYA202508270,2025-08-27,12,43
NYA,CHA202508280,2025-08-28,10,44
NYA,CHA202508290,2025-08-29,14,43
NYA,CHA202508300,2025-08-30,11,44
NYA,CHA202508310,2025-08-31,10,39
NYA,HOU202509020,2025-09-02,13,40
NYA,HOU202509030,2025-09-03,10,40
NYA,HOU202509040,2025-09-04,8,42
NYA,NYA202509050,2025-09-05,5,32
NYA,NYA202509060,2025-09-06,8,34
NYA,NYA202509070,2025-09-07,13,32
NYA,NYA202509090,2025-09-09,12,31
NYA,NYA202509100,2025-09-10,13,34
NYA,NYA202509110,2025-09-11,10,43
NYA,BOS202509120,2025-09-12,8,39
NYA,BOS202509130,2025-09-13,7,41
NYA,BOS202509140,2025-09-14,16,35
NYA,MIN202509150,2025-09-15,14,33
NYA,MIN202509160,2025-09-16,4,44
NYA,MIN202509170,2025-09-17,8,42
NYA,BAL202509180,2025-09-18,11,40
NYA,BAL202509190,2025-09-19,11,34
NYA,BAL202509200,2025-09-20,10,38
NYA,BAL202509210,2025-09-21,17,47
NYA,NYA202509230,2025-09-23,12,40
NYA,NYA202509240,2025-09-24,9,39
NYA,NYA202509250,2025-09-25,8,40
NYA,NYA202509260,2025-09-26,7,37
NYA,NYA202509270,2025-09-27,7,34
NYA,NYA202509280,2025-09-28,12,32
NYN,NYN202403290,2024-03-29,10,29
NYN,NYN202403300,2024-03-30,6,41
NYN,NYN202403310,2024-03-31,7,36
NYN,NYN202404010,2024-04-01,8,38
NYN,NYN202404041,2024-04-04,13,48
NYN,NYN202404042,2024-04-04,5,33
NYN,CIN202404050,2024-04-05,10,38
NYN,CIN202404060,2024-04-06,7,41
NYN,CIN202404070,2024-04-07,5,38
NYN,ATL202404080,2024-04-08,8,42
NYN,ATL202404090,2024-04-09,8,40
NYN,ATL202404110,2024-04-11,3,48
NYN,NYN202404120,2024-04-12,5,37
NYN,NYN202404130,2024-04-13,6,39
NYN,NYN202404140,2024-04-14,8,38
NYN,NYN202404150,2024-04-15,6,39
NYN,NYN202404160,2024-04-16,9,31
NYN,NYN202404170,2024-04-17,8,38
NYN,LAN202404190,2024-04-19,13,44
NYN,LAN202404200,2024-04-20,4,44
NYN,LAN202404210,2024-04-21,10,32
NYN,SFN202404220,2024-04-22,7,33
NYN,SFN202404230,2024-04-23,5,36
NYN,SFN202404240,2024-04-24,6,42
NYN,NYN202404260,2024-04-26,9,34
NYN,NYN202404270,2024-04-27,13,38
NYN,NYN202404280,2024-04-28,6,44
NYN,NYN202404290,2024-04-29,3,34
NYN,NYN202404300,2024-04-30,4,33
NYN,NYN202405010,2024-05-01,10,33
NYN,NYN202405020,2024-05-02,11,44
NYN,TBA202405030,2024-05-03,9,38
NYN,TBA202405040,2024-05-04,10,36
NYN,TBA202405050,2024-05-05,9,48
NYN,SLN202405060,2024-05-06,5,38
NYN,SLN202405070,2024-05-07,6,43
NYN,NYN202405100,2024-05-10,10,32
NYN,NYN202405110,2024-05-11,8,35
NYN,NYN202405120,2024-05-12,9,37
NYN,NYN202405130,2024-05-13,8,44
NYN,NYN202405140,2024-05-14,8,30
NYN,PHI202405150,2024-05-15,3,40
NYN,PHI202405160,2024-05-16,13,44
NYN,MIA202405170,2024-05-17,9,34
NYN,MIA202405180,2024-05-18,7,49
NYN,MIA202405190,2024-05-19,8,43
NYN,CLE202405200,2024-05-20,11,33
NYN,CLE202405210,2024-05-21,7,38
NYN,CLE202405220,2024-05-22,11,38
NYN,NYN202405240,2024-05-24,12,41
NYN,NYN202405250,2024-05-25,14,41
NYN,NYN202405260,2024-05-26,9,36
NYN,NYN202405282,2024-05-28,10,31
NYN,NYN202405281,2024-05-28,12,37
NYN,NYN202405290,2024-05-29,7,40
NYN,NYN202405300,2024-05-30,7,34
NYN,NYN202405310,2024-05-31,6,42
NYN,NYN202406010,2024-06-01,4,40
NYN,NYN202406020,2024-06-02,12,33
NYN,WAS202406030,2024-06-03,6,44
NYN,WAS202406040,2024-06-04,6,40
NYN,WAS202406050,2024-06-05,5,39
NYN,NYN202406080,2024-06-08,9,40
NYN,PHI202406090,2024-06-09,10,40
NYN,NYN202406110,2024-06-11,8,34
NYN,NYN202406120,2024-06-12,5,42
NYN,NYN202406130,2024-06-13,7,30
NYN,NYN202406140,2024-06-14,2,31
NYN,NYN202406150,2024-06-15,9,40
NYN,NYN202406160,2024-06-16,9,41
NYN,TEX202406170,2024-06-17,7,50
NYN,TEX202406180,2024-06-18,8,42
NYN,TEX202406190,2024-06-19,12,34
NYN,CHN202406210,2024-06-21,11,45
NYN,CHN202406220,2024-06-22,14,35
NYN,CHN202406230,2024-06-23,5,39
NYN,NYN202406250,2024-06-25,3,39
NYN,NYN202406260,2024-06-26,3,45
NYN,NYN202406280,2024-06-28,7,39
NYN,NYN202406290,2024-06-29,10,41
NYN,NYN202406300,2024-06-30,8,45
NYN,WAS202407010,2024-07-01,13,45
NYN,WAS202407020,2024-07-02,14,41
NYN,WAS202407030,2024-07-03,7,33
NYN,WAS202407040,2024-07-04,10,29
NYN,PIT202407050,2024-07-05,11,34
NYN,PIT202407060,2024-07-06,7,37
NYN,PIT202407070,2024-07-07,9,39
NYN,PIT202407080,2024-07-08,6,35
NYN,NYN202407090,2024-07-09,5,38
NYN,NYN202407100,2024-07-10,6,36
NYN,NYN202407110,2024-07-11,8,35
NYN,NYN202407120,2024-07-12,7,38
NYN,NYN202407130,2024-07-13,12,39
NYN,NYN202407140,2024-07-14,13,44
NYN,MIA202407190,2024-07-19,4,40
NYN,MIA202407200,2024-07-20,9,38
NYN,MIA202407210,2024-07-21,14,38
NYN,MIA202407220,2024-07-22,8,42
NYN,NYA202407230,2024-07-23,11,38
NYN,NYA202407240,2024-07-24,6,46
NYN,NYN202407250,2024-07-25,14,33
NYN,NYN202407260,2024-07-26,8,39
NYN,NYN202407270,2024-07-27,14,31
NYN,NYN202407280,2024-07-28,10,35
NYN,NYN202407290,2024-07-29,5,49
NYN,NYN202407300,2024-07-30,10,30
NYN,NYN202407310,2024-07-31,10,36
NYN,ANA202408020,2024-08-02,11,44
NYN,ANA202408030,2024-08-03,8,39
NYN,ANA202408040,2024-08-04,11,36
NYN,SLN202408050,2024-08-05,10,37
NYN,COL202408060,2024-08-06,9,37
NYN,COL202408070,2024-08-07,8,40
NYN,COL202408080,2024-08-08,8,43
NYN,SEA202408090,2024-08-09,9,35
NYN,SEA202408100,2024-08-10,6,31
NYN,SEA202408110,2024-08-11,13,37
NYN,NYN202408130,2024-08-13,13,42
NYN,NYN202408140,2024-08-14,4,37
NYN,NYN202408150,2024-08-15,8,43
NYN,NYN202408160,2024-08-16,8,40
NYN,NYN202408170,2024-08-17,7,35
NYN,NYN202408180,2024-08-18,12,38
NYN,NYN202408190,2024-08-19,14,34
NYN,NYN202408200,2024-08-20,11,36
NYN,NYN202408210,2024-08-21,5,36
NYN,SDN202408220,2024-08-22,11,43
NYN,SDN202408230,2024-08-23,14,29
NYN,SDN202408240,2024-08-24,11,38
NYN,SDN202408250,2024-08-25,11,37
NYN,ARI202408270,2024-08-27,8,45
NYN,ARI202408280,2024-08-28,9,34
NYN,ARI202408290,2024-08-29,8,35
NYN,CHA202408300,2024-08-30,6,40
NYN,CHA202408310,2024-08-31,12,40
NYN,CHA202409010,2024-09-01,16,36
NYN,NYN202409020,2024-09-02,8,33
NYN,NYN202409030,2024-09-03,10,32
NYN,NYN202409040,2024-09-04,9,37
NYN,NYN202409060,2024-09-06,10,39
NYN,NYN202409070,2024-09-07,9,35
NYN,NYN202409080,2024-09-08,9,35
NYN,TOR202409090,2024-09-09,9,34
NYN,TOR202409100,2024-09-10,11,37
NYN,TOR202409110,2024-09-11,1,38
NYN,PHI202409130,2024-09-13,9,43
NYN,PHI202409140,2024-09-14,4,39
NYN,PHI202409150,2024-09-15,10,34
NYN,NYN202409160,2024-09-16,7,36
NYN,NYN202409170,2024-09-17,6,40
NYN,NYN202409180,2024-09-18,10,38
NYN,NYN202409190,2024-09-19,5,42
NYN,NYN202409200,2024-09-20,12,36
NYN,NYN202409210,2024-09-21,8,41
NYN,NYN202409220,2024-09-22,10,31
NYN,ATL202409240,2024-09-24,6,33
NYN,MIL202409270,2024-09-27,11,39
NYN,MIL202409280,2024-09-28,11,31
NYN,MIL202409290,2024-09-29,6,43
NYN,ATL202409301,2024-09-30,7,39
NYN,ATL202409302,2024-09-30,11,31
NYN,HOU202503270,2025-03-27,7,38
NYN,HOU202503280,2025-03-28,11,34
NYN,HOU202503290,2025-03-29,9,32
NYN,MIA202503310,2025-03-31,4,41
NYN,MIA202504010,2025-04-01,6,33
NYN,MIA202504020,2025-04-02,9,44
NYN,NYN202504040,2025-04-04,1,31
NYN,NYN202504050,2025-04-05,11,37
NYN,NYN202504060,2025-04-06,9,33
NYN,NYN202504070,2025-04-07,5,36
NYN,NYN202504080,2025-04-08,4,44
NYN,NYN202504090,2025-04-09,5,30
NYN,ATH202504110,2025-04-11,12,44
NYN,ATH202504120,2025-04-12,10,36
NYN,ATH202504130,2025-04-13,7,46
NYN,MIN202504140,2025-04-14,11,37
NYN,MIN202504150,2025-04-15,7,37
NYN,MIN202504160,2025-04-16,11,41
NYN,NYN202504170,2025-04-17,2,31
NYN,NYN202504180,2025-04-18,2,37
NYN,NYN202504190,2025-04-19,7,33
NYN,NYN202504200,2025-04-20,10,39
NYN,NYN202504210,2025-04-21,9,32
NYN,NYN202504220,2025-04-22,7,39
NYN,NYN202504230,2025-04-23,14,42
NYN,WAS202504250,2025-04-25,4,36
NYN,WAS202504260,2025-04-26,9,34
NYN,WAS202504270,2025-04-27,4,42
NYN,WAS202504280,2025-04-28,9,56
NYN,NYN202504290,2025-04-29,4,35
NYN,NYN202504300,2025-04-30,6,43
NYN,NYN202505010,2025-05-01,13,36
NYN,SLN202505020,2025-05-02,8,46
NYN,SLN202505041,2025-05-04,7,44
NYN,SLN202505042,2025-05-04,6,41
NYN,ARI202505050,2025-05-05,4,38
NYN,ARI202505060,2025-05-06,8,33
NYN,ARI202505070,2025-05-07,8,39
NYN,NYN202505090,2025-05-09,8,39
NYN,NYN202505100,2025-05-10,12,38
NYN,NYN202505110,2025-05-11,9,35
NYN,NYN202505120,2025-05-12,8,39
NYN,NYN202505130,2025-05-13,8,31
NYN,NYN202505140,2025-05-14,6,35
NYN,NYA202505160,2025-05-16,11,38
NYN,NYA202505170,2025-05-17,6,38
NYN,NYA202505180,2025-05-18,11,34
NYN,BOS202505190,2025-05-19,7,34
NYN,BOS202505200,2025-05-20,7,34
NYN,BOS202505210,2025-05-21,7,40
NYN,NYN202505230,2025-05-23,12,52
NYN,NYN202505240,2025-05-24,4,39
NYN,NYN202505250,2025-05-25,8,31
NYN,NYN202505260,2025-05-26,8,37
NYN,NYN202505270,2025-05-27,6,38
NYN,NYN202505280,2025-05-28,14,42
NYN,NYN202505300,2025-05-30,5,31
NYN,NYN202505310,2025-05-31,7,38
NYN,NYN202506010,2025-06-01,11,32
NYN,LAN202506020,2025-06-02,8,41
NYN,LAN202506030,2025-06-03,6,41
NYN,LAN202506040,2025-06-04,7,37
NYN,LAN202506050,2025-06-05,7,45
NYN,COL202506060,2025-06-06,10,43
NYN,COL202506070,2025-06-07,5,42
NYN,COL202506080,2025-06-08,10,49
NYN,NYN202506100,2025-06-10,9,35
NYN,NYN202506110,2025-06-11,5,36
NYN,NYN202506120,2025-06-12,6,36
NYN,NYN202506130,2025-06-13,13,44
NYN,NYN202506140,2025-06-14,5,37
NYN,NYN202506150,2025-06-15,8,39
NYN,ATL202506170,2025-06-17,11,35
NYN,ATL202506180,2025-06-18,7,33
NYN,ATL202506190,2025-06-19,13,34
NYN,PHI202506200,2025-06-20,10,36
NYN,PHI202506210,2025-06-21,6,45
NYN,PHI202506220,2025-06-22,9,32
NYN,NYN202506230,2025-06-23,6,33
NYN,NYN202506240,2025-06-24,14,37
NYN,NYN202506250,2025-06-25,6,37
NYN,NYN202506260,2025-06-26,8,36
NYN,PIT202506270,2025-06-27,8,36
NYN,PIT202506280,2025-06-28,9,39
NYN,PIT202506290,2025-06-29,8,34
NYN,NYN202507022,2025-07-02,5,40
NYN,NYN202507021,2025-07-02,7,32
NYN,NYN202507030,2025-07-03,8,32
NYN,NYN202507040,2025-07-04,6,36
NYN,NYN202507050,2025-07-05,8,40
NYN,NYN202507060,2025-07-06,7,38
NYN,BAL202507080,2025-07-08,13,44
NYN,BAL202507101,2025-07-10,8,36
NYN,BAL202507102,2025-07-10,6,36
NYN,KCA202507110,2025-07-11,12,42
NYN,KCA202507120,2025-07-12,11,34
NYN,KCA202507130,2025-07-13,9,37
NYN,NYN202507180,2025-07-18,9,37
NYN,NYN202507190,2025-07-19,11,40
NYN,NYN202507200,2025-07-20,7,35
NYN,NYN202507210,2025-07-21,5,38
NYN,NYN202507220,2025-07-22,7,35
NYN,NYN202507230,2025-07-23,8,35
NYN,SFN202507250,2025-07-25,10,40
NYN,SFN202507260,2025-07-26,8,39
NYN,SFN202507270,2025-07-27,8,40
NYN,SDN202507280,2025-07-28,15,38
NYN,SDN202507290,2025-07-29,8,36
NYN,SDN202507300,2025-07-30,10,30
NYN,NYN202508010,2025-08-01,7,41
NYN,NYN202508020,2025-08-02,6,43
NYN,NYN202508030,2025-08-03,8,37
NYN,NYN202508040,2025-08-04,10,45
NYN,NYN202508050,2025-08-05,9,35
NYN,NYN202508060,2025-08-06,6,32
NYN,MIL202508080,2025-08-08,10,33
NYN,MIL202508090,2025-08-09,12,38
NYN,MIL202508100,2025-08-10,6,39
NYN,NYN202508120,2025-08-12,4,43
NYN,NYN202508130,2025-08-13,9,43
NYN,NYN202508140,2025-08-14,8,33
NYN,NYN202508150,2025-08-15,12,40
NYN,NYN202508160,2025-08-16,10,35
NYN,NYN202508170,2025-08-17,9,41
NYN,WAS202508190,2025-08-19,6,42
NYN,WAS202508200,2025-08-20,5,36
NYN,WAS202508210,2025-08-21,11,38
NYN,ATL202508220,2025-08-22,5,51
NYN,ATL202508230,2025-08-23,5,45
NYN,ATL202508240,2025-08-24,7,40
NYN,NYN202508250,2025-08-25,8,46
NYN,NYN202508260,2025-08-26,10,42
NYN,NYN202508270,2025-08-27,7,36
NYN,NYN202508280,2025-08-28,10,38
NYN,NYN202508290,2025-08-29,5,48
NYN,NYN202508300,2025-08-30,8,45
NYN,NYN202508310,2025-08-31,9,35
NYN,DET202509010,2025-09-01,9,43
NYN,DET202509020,2025-09-02,4,46
NYN,DET202509030,2025-09-03,4,38
NYN,CIN202509050,2025-09-05,8,41
NYN,CIN202509060,2025-09-06,11,40
NYN,CIN202509070,2025-09-07,12,32
NYN,PHI202509080,2025-09-08,11,34
NYN,PHI202509090,2025-09-09,14,37
NYN,PHI202509100,2025-09-10,9,38
NYN,PHI202509110,2025-09-11,13,31
NYN,NYN202509120,2025-09-12,5,32
NYN,NYN202509130,2025-09-13,13,41
NYN,NYN202509140,2025-09-14,9,39
NYN,NYN202509160,2025-09-16,11,36
NYN,NYN202509170,2025-09-17,9,38
NYN,NYN202509180,2025-09-18,9,35
NYN,NYN202509190,2025-09-19,9,42
NYN,NYN202509200,2025-09-20,10,47
NYN,NYN202509210,2025-09-21,7,35
NYN,CHN202509230,2025-09-23,7,41
NYN,CHN202509240,2025-09-24,7,33
NYN,CHN202509250,2025-09-25,7,38
NYN,MIA202509260,2025-09-26,4,36
NYN,MIA202509270,2025-09-27,15,41
NYN,MIA202509280,2025-09-28,11,37
OAK,OAK202403280,2024-03-28,13,31
OAK,OAK202403290,2024-03-29,5,36
OAK,OAK202403300,2024-03-30,14,40
OAK,OAK202403310,2024-03-31,6,36
OAK,OAK202404010,2024-04-01,13,31
OAK,OAK202404020,2024-04-02,14,44
OAK,OAK202404030,2024-04-03,5,37
OAK,DET202404050,2024-04-05,14,37
OAK,DET202404060,2024-04-06,8,37
OAK,DET202404070,2024-04-07,5,42
OAK,TEX202404090,2024-04-09,13,35
OAK,TEX202404100,2024-04-10,9,38
OAK,TEX202404110,2024-04-11,14,33
OAK,OAK202404120,2024-04-12,10,35
OAK,OAK202404130,2024-04-13,18,36
OAK,OAK202404140,2024-04-14,9,37
OAK,OAK202404150,2024-04-15,10,31
OAK,OAK202404160,2024-04-16,3,33
OAK,OAK202404170,2024-04-17,5,37
OAK,CLE202404190,2024-04-19,10,36
OAK,CLE202404200,2024-04-20,11,37
OAK,CLE202404210,2024-04-21,12,38
OAK,NYA202404220,2024-04-22,8,37
OAK,NYA202404230,2024-04-23,13,36
OAK,NYA202404240,2024-04-24,9,33
OAK,NYA202404250,2024-04-25,5,33
OAK,BAL202404260,2024-04-26,11,41
OAK,BAL202404270,2024-04-27,6,32
OAK,BAL202404280,2024-04-28,11,39
OAK,OAK202404290,2024-04-29,10,36
OAK,OAK202404300,2024-04-30,9,35
OAK,OAK202405010,2024-05-01,6,36
OAK,OAK202405030,2024-05-03,9,30
OAK,OAK202405040,2024-05-04,3,54
OAK,OAK202405050,2024-05-05,7,37
OAK,OAK202405060,2024-05-06,8,36
OAK,OAK202405070,2024-05-07,7,46
OAK,OAK202405081,2024-05-08,8,36
OAK,OAK202405082,2024-05-08,11,49
OAK,SEA202405100,2024-05-10,9,37
OAK,SEA202405110,2024-05-11,12,41
OAK,SEA202405120,2024-05-12,9,35
OAK,HOU202405130,2024-05-13,12,37
OAK,HOU202405140,2024-05-14,14,39
OAK,HOU202405150,2024-05-15,9,31
OAK,HOU202405160,2024-05-16,10,32
OAK,KCA202405170,2024-05-17,10,32
OAK,KCA202405180,2024-05-18,13,39
OAK,KCA202405190,2024-05-19,12,41
OAK,OAK202405210,2024-05-21,11,33
OAK,OAK202405220,2024-05-22,11,45
OAK,OAK202405230,2024-05-23,9,53
OAK,OAK202405240,2024-05-24,13,39
OAK,OAK202405250,2024-05-25,8,36
OAK,OAK202405260,2024-05-26,8,33
OAK,TBA202405280,2024-05-28,11,36
OAK,TBA202405290,2024-05-29,10,34
OAK,TBA202405300,2024-05-30,14,48
OAK,ATL202405310,2024-05-31,11,37
OAK,ATL202406010,2024-06-01,8,43
OAK,ATL202406020,2024-06-02,9,35
OAK,OAK202406040,2024-06-04,11,40
OAK,OAK202406050,2024-06-05,6,28
OAK,OAK202406060,2024-06-06,8,30
OAK,OAK202406070,2024-06-07,7,30
OAK,OAK202406080,2024-06-08,10,32
OAK,OAK202406090,2024-06-09,10,39
OAK,SDN202406100,2024-06-10,16,39
OAK,SDN202406110,2024-06-11,8,37
OAK,SDN202406120,2024-06-12,18,41
OAK,MIN202406130,2024-06-13,7,32
OAK,MIN202406140,2024-06-14,9,42
OAK,MIN202406162,2024-06-16,8,40
OAK,MIN202406161,2024-06-16,10,37
OAK,OAK202406180,2024-06-18,9,37
OAK,OAK202406190,2024-06-19,7,39
OAK,OAK202406200,2024-06-20,9,37
OAK,OAK202406210,2024-06-21,8,37
OAK,OAK202406220,2024-06-22,10,30
OAK,OAK202406230,2024-06-23,16,31
OAK,ANA202406240,2024-06-24,9,34
OAK,ANA202406250,2024-06-25,5,42
OAK,ANA202406260,2024-06-26,6,37
OAK,ARI202406280,2024-06-28,15,44
OAK,ARI202406290,2024-06-29,10,29
OAK,ARI202406300,2024-06-30,13,34
OAK,OAK202407020,2024-07-02,6,35
OAK,OAK202407030,2024-07-03,6,36
OAK,OAK202407040,2024-07-04,5,35
OAK,OAK202407050,2024-07-05,11,33
OAK,OAK202407060,2024-07-06,6,49
OAK,OAK202407070,2024-07-07,13,37
OAK,BOS202407090,2024-07-09,15,43
OAK,BOS202407100,2024-07-10,11,38
OAK,BOS202407110,2024-07-11,11,34
OAK,PHI202407120,2024-07-12,8,39
OAK,PHI202407130,2024-07-13,12,40
OAK,PHI202407140,2024-07-14,5,46
OAK,OAK202407190,2024-07-19,7,42
OAK,OAK202407200,2024-07-20,7,35
OAK,OAK202407210,2024-07-21,4,40
OAK,OAK202407220,2024-07-22,4,32
OAK,OAK202407230,2024-07-23,7,38
OAK,OAK202407240,2024-07-24,10,38
OAK,ANA202407250,2024-07-25,4,40
OAK,ANA202407260,2024-07-26,6,37
OAK,ANA202407270,2024-07-27,11,36
OAK,ANA202407280,2024-07-28,11,37
OAK,SFN202407300,2024-07-30,7,38
OAK,SFN202407310,2024-07-31,6,34
OAK,OAK202408020,2024-08-02,10,36
OAK,OAK202408030,2024-08-03,8,35
OAK,OAK202408040,2024-08-04,10,35
OAK,OAK202408050,2024-08-05,8,37
OAK,OAK202408060,2024-08-06,5,35
OAK,OAK202408070,2024-08-07,5,33
OAK,TOR202408090,2024-08-09,8,35
OAK,TOR202408100,2024-08-10,8,34
OAK,TOR202408110,2024-08-11,9,41
OAK,NYN202408130,2024-08-13,10,43
OAK,NYN202408140,2024-08-14,6,36
OAK,NYN202408150,2024-08-15,6,50
OAK,OAK202408170,2024-08-17,7,34
OAK,OAK202408180,2024-08-18,16,41
OAK,OAK202408190,2024-08-19,6,31
OAK,OAK202408200,2024-08-20,5,31
OAK,OAK202408210,2024-08-21,10,35
OAK,OAK202408220,2024-08-22,6,36
OAK,OAK202408230,2024-08-23,6,36
OAK,OAK202408240,2024-08-24,8,39
OAK,OAK202408250,2024-08-25,9,32
OAK,CIN202408270,2024-08-27,11,41
OAK,CIN202408280,2024-08-28,10,39
OAK,CIN202408290,2024-08-29,6,43
OAK,TEX202408300,2024-08-30,8,42
OAK,TEX202408310,2024-08-31,10,33
OAK,TEX202409010,2024-09-01,7,44
OAK,OAK202409020,2024-09-02,12,31
OAK,OAK202409030,2024-09-03,8,32
OAK,OAK202409040,2024-09-04,14,34
OAK,OAK202409050,2024-09-05,11,39
OAK,OAK202409060,2024-09-06,12,51
OAK,OAK202409070,2024-09-07,6,34
OAK,OAK202409080,2024-09-08,11,38
OAK,HOU202409100,2024-09-10,14,46
OAK,HOU202409110,2024-09-11,10,40
OAK,HOU202409120,2024-09-12,10,36
OAK,CHA202409130,2024-09-13,10,35
OAK,CHA202409140,2024-09-14,10,44
OAK,CHA202409150,2024-09-15,10,36
OAK,CHN202409160,2024-09-16,13,40
OAK,CHN202409170,2024-09-17,8,36
OAK,CHN202409180,2024-09-18,7,39
OAK,OAK202409200,2024-09-20,10,33
OAK,OAK202409210,2024-09-21,8,31
OAK,OAK202409220,2024-09-22,10,38
OAK,OAK202409240,2024-09-24,9,35
OAK,OAK202409250,2024-09-25,8,41
OAK,OAK202409260,2024-09-26,3,36
OAK,SEA202409270,2024-09-27,14,34
OAK,SEA202409280,2024-09-28,11,44
OAK,SEA202409290,2024-09-29,12,35
PHI,PHI202403290,2024-03-29,15,35
PHI,PHI202403300,2024-03-30,4,37
PHI,PHI202403310,2024-03-31,9,35
PHI,PHI202404010,2024-04-01,10,39
PHI,PHI202404020,2024-04-02,6,38
PHI,PHI202404030,2024-04-03,10,36
PHI,WAS202404050,2024-04-05,9,43
PHI,WAS202404060,2024-04-06,8,37
PHI,WAS202404070,2024-04-07,10,32
PHI,SLN202404080,2024-04-08,5,42
PHI,SLN202404090,2024-04-09,13,35
PHI,SLN202404100,2024-04-10,13,41
PHI,PHI202404110,2024-04-11,10,31
PHI,PHI202404120,2024-04-12,7,36
PHI,PHI202404130,2024-04-13,9,41
PHI,PHI202404140,2024-04-14,6,33
PHI,PHI202404150,2024-04-15,4,37
PHI,PHI202404160,2024-04-16,8,31
PHI,PHI202404170,2024-04-17,11,38
PHI,PHI202404190,2024-04-19,7,32
PHI,PHI202404200,2024-04-20,6,42
PHI,PHI202404210,2024-04-21,7,41
PHI,CIN202404220,2024-04-22,7,39
PHI,CIN202404230,2024-04-23,7,37
PHI,CIN202404240,2024-04-24,8,40
PHI,CIN202404250,2024-04-25,6,38
PHI,SDN202404260,2024-04-26,8,43
PHI,SDN202404270,2024-04-27,10,38
PHI,SDN202404280,2024-04-28,8,41
PHI,ANA202404290,2024-04-29,4,41
PHI,ANA202404300,2024-04-30,11,40
PHI,ANA202405010,2024-05-01,18,36
PHI,PHI202405030,2024-05-03,10,36
PHI,PHI202405040,2024-05-04,4,48
PHI,PHI202405050,2024-05-05,17,37
PHI,PHI202405060,2024-05-06,7,38
PHI,PHI202405070,2024-05-07,10,38
PHI,PHI202405080,2024-05-08,7,36
PHI,MIA202405100,2024-05-10,8,47
PHI,MIA202405110,2024-05-11,12,42
PHI,MIA202405120,2024-05-12,11,42
PHI,NYN202405130,2024-05-13,10,42
PHI,NYN202405140,2024-05-14,7,42
PHI,PHI202405150,2024-05-15,3,40
PHI,PHI202405160,2024-05-16,9,46
PHI,PHI202405170,2024-05-17,4,32
PHI,PHI202405180,2024-05-18,4,39
PHI,PHI202405190,2024-05-19,6,41
PHI,PHI202405210,2024-05-21,7,33
PHI,PHI202405220,2024-05-22,10,40
PHI,PHI202405230,2024-05-23,6,37
PHI,COL202405240,2024-05-24,7,41
PHI,COL202405250,2024-05-25,3,41
PHI,COL202405260,2024-05-26,7,33
PHI,SFN202405270,2024-05-27,8,37
PHI,SFN202405280,2024-05-28,9,38
PHI,SFN202405290,2024-05-29,11,44
PHI,PHI202405310,2024-05-31,8,31
PHI,PHI202406010,2024-06-01,13,36
PHI,PHI202406020,2024-06-02,11,42
PHI,PHI202406030,2024-06-03,1,31
PHI,PHI202406040,2024-06-04,10,42
PHI,PHI202406050,2024-06-05,4,31
PHI,NYN202406080,2024-06-08,6,38
PHI,PHI202406090,2024-06-09,6,41
PHI,BOS202406110,2024-06-11,10,36
PHI,BOS202406120,2024-06-12,8,43
PHI,BOS202406130,2024-06-13,8,38
PHI,BAL202406140,2024-06-14,11,42
PHI,BAL202406150,2024-06-15,10,35
PHI,BAL202406160,2024-06-16,12,42
PHI,PHI202406170,2024-06-17,3,41
PHI,PHI202406180,2024-06-18,12,42
PHI,PHI202406190,2024-06-19,10,35
PHI,PHI202406210,2024-06-21,6,37
PHI,PHI202406220,2024-06-22,2,44
PHI,PHI202406230,2024-06-23,5,38
PHI,DET202406240,2024-06-24,17,47
PHI,DET202406250,2024-06-25,8,33
PHI,DET202406260,2024-06-26,10,41
PHI,PHI202406270,2024-06-27,6,39
PHI,PHI202406280,2024-06-28,8,32
PHI,PHI202406290,2024-06-29,10,35
PHI,PHI202406300,2024-06-30,12,44
PHI,CHN202407020,2024-07-02,11,38
PHI,CHN202407030,2024-07-03,11,37
PHI,CHN202407040,2024-07-04,11,34
PHI,ATL202407050,2024-07-05,8,45
PHI,ATL202407060,2024-07-06,11,34
PHI,ATL202407070,2024-07-07,9,36
PHI,PHI202407090,2024-07-09,5,40
PHI,PHI202407100,2024-07-10,6,31
PHI,PHI202407110,2024-07-11,9,39
PHI,PHI202407120,2024-07-12,6,36
PHI,PHI202407130,2024-07-13,12,43
PHI,PHI202407140,2024-07-14,7,33
PHI,PIT202407190,2024-07-19,11,45
PHI,PIT202407200,2024-07-20,6,32
PHI,PIT202407210,2024-07-21,8,43
PHI,MIN202407220,2024-07-22,6,32
PHI,MIN202407230,2024-07-23,6,35
PHI,MIN202407240,2024-07-24,13,39
PHI,PHI202407260,2024-07-26,7,36
PHI,PHI202407270,2024-07-27,11,38
PHI,PHI202407280,2024-07-28,9,38
PHI,PHI202407290,2024-07-29,9,38
PHI,PHI202407300,2024-07-30,11,52
PHI,PHI202407310,2024-07-31,9,39
PHI,SEA202408020,2024-08-02,8,37
PHI,SEA202408030,2024-08-03,12,44
PHI,SEA202408040,2024-08-04,9,38
PHI,LAN202408050,2024-08-05,12,36
PHI,LAN202408060,2024-08-06,6,42
PHI,LAN202408070,2024-08-07,4,40
PHI,ARI202408080,2024-08-08,6,45
PHI,ARI202408090,2024-08-09,12,32
PHI,ARI202408100,2024-08-10,7,37
PHI,ARI202408110,2024-08-11,6,37
PHI,PHI202408130,2024-08-13,6,32
PHI,PHI202408140,2024-08-14,5,38
PHI,PHI202408150,2024-08-15,9,46
PHI,PHI202408160,2024-08-16,4,38
PHI,PHI202408170,2024-08-17,8,34
PHI,PHI202408180,2024-08-18,6,36
PHI,ATL202408200,2024-08-20,13,33
PHI,ATL202408210,2024-08-21,5,31
PHI,ATL202408220,2024-08-22,14,32
PHI,KCA202408230,2024-08-23,8,38
PHI,KCA202408240,2024-08-24,8,44
PHI,KCA202408250,2024-08-25,4,47
PHI,PHI202408260,2024-08-26,12,39
PHI,PHI202408270,2024-08-27,8,35
PHI,PHI202408280,2024-08-28,12,34
PHI,PHI202408290,2024-08-29,8,37
PHI,PHI202408300,2024-08-30,10,36
PHI,PHI202408310,2024-08-31,5,31
PHI,PHI202409010,2024-09-01,9,40
PHI,TOR202409030,2024-09-03,11,50
PHI,TOR202409040,2024-09-04,8,37
PHI,MIA202409050,2024-09-05,8,38
PHI,MIA202409060,2024-09-06,9,53
PHI,MIA202409070,2024-09-07,7,37
PHI,MIA202409080,2024-09-08,10,33
PHI,PHI202409090,2024-09-09,4,34
PHI,PHI202409100,2024-09-10,9,41
PHI,PHI202409110,2024-09-11,5,32
PHI,PHI202409130,2024-09-13,7,34
PHI,PHI202409140,2024-09-14,9,34
PHI,PHI202409150,2024-09-15,8,33
PHI,MIL202409160,2024-09-16,8,36
PHI,MIL202409170,2024-09-17,16,39
PHI,MIL202409180,2024-09-18,16,34
PHI,NYN202409190,2024-09-19,12,38
PHI,NYN202409200,2024-09-20,9,48
PHI,NYN202409210,2024-09-21,8,31
PHI,NYN202409220,2024-09-22,12,36
PHI,PHI202409230,2024-09-23,4,38
PHI,PHI202409240,2024-09-24,10,34
PHI,PHI202409250,2024-09-25,8,39
PHI,WAS202409270,2024-09-27,8,32
PHI,WAS202409280,2024-09-28,12,34
PHI,WAS202409290,2024-09-29,6,38
PHI,WAS202503270,2025-03-27,19,43
PHI,WAS202503290,2025-03-29,5,47
PHI,WAS202503300,2025-03-30,6,38
PHI,PHI202503310,2025-03-31,5,34
PHI,PHI202504020,2025-04-02,4,38
PHI,PHI202504030,2025-04-03,7,37
PHI,PHI202504040,2025-04-04,7,32
PHI,PHI202504050,2025-04-05,8,32
PHI,PHI202504060,2025-04-06,7,40
PHI,ATL202504080,2025-04-08,9,39
PHI,ATL202504090,2025-04-09,14,40
PHI,ATL202504100,2025-04-10,10,46
PHI,SLN202504110,2025-04-11,4,32
PHI,SLN202504120,2025-04-12,10,38
PHI,SLN202504130,2025-04-13,9,31
PHI,PHI202504140,2025-04-14,13,39
PHI,PHI202504150,2025-04-15,2,36
PHI,PHI202504160,2025-04-16,13,41
PHI,PHI202504170,2025-04-17,7,34
PHI,PHI202504180,2025-04-18,6,37
PHI,PHI202504190,2025-04-19,7,46
PHI,PHI202504200,2025-04-20,6,44
PHI,NYN202504210,2025-04-21,13,39
PHI,NYN202504220,2025-04-22,8,37
PHI,NYN202504230,2025-04-23,7,44
PHI,CHN202504250,2025-04-25,12,37
PHI,CHN202504260,2025-04-26,9,43
PHI,CHN202504270,2025-04-27,3,39
PHI,PHI202504290,2025-04-29,9,36
PHI,PHI202504300,2025-04-30,2,37
PHI,PHI202505010,2025-05-01,7,36
PHI,PHI202505020,2025-05-02,4,30
PHI,PHI202505030,2025-05-03,6,40
PHI,PHI202505040,2025-05-04,14,48
PHI,TBA202505060,2025-05-06,5,42
PHI,TBA202505070,2025-05-07,9,42
PHI,TBA202505080,2025-05-08,5,40
PHI,CLE202505090,2025-05-09,10,36
PHI,CLE202505100,2025-05-10,7,41
PHI,CLE202505110,2025-05-11,13,36
PHI,PHI202505120,2025-05-12,8,37
PHI,PHI202505141,2025-05-14,5,33
PHI,PHI202505142,2025-05-14,11,40
PHI,PHI202505160,2025-05-16,4,41
PHI,PHI202505170,2025-05-17,7,38
PHI,PHI202505180,2025-05-18,9,28
PHI,COL202505190,2025-05-19,7,45
PHI,COL202505200,2025-05-20,5,46
PHI,COL202505210,2025-05-21,3,44
PHI,COL202505220,2025-05-22,8,33
PHI,ATH202505230,2025-05-23,10,38
PHI,ATH202505240,2025-05-24,12,50
PHI,ATH202505250,2025-05-25,6,35
PHI,PHI202505270,2025-05-27,11,36
PHI,PHI202505292,2025-05-29,12,39
PHI,PHI202505291,2025-05-29,7,38
PHI,PHI202505300,2025-05-30,4,32
PHI,PHI202505310,2025-05-31,8,37
PHI,PHI202506010,2025-06-01,5,37
PHI,TOR202506030,2025-06-03,10,43
PHI,TOR202506040,2025-06-04,8,33
PHI,TOR202506050,2025-06-05,8,34
PHI,PIT202506060,2025-06-06,10,37
PHI,PIT202506070,2025-06-07,8,30
PHI,PIT202506080,2025-06-08,7,31
PHI,PHI202506090,2025-06-09,2,44
PHI,PHI202506100,2025-06-10,10,38
PHI,PHI202506110,2025-06-11,9,36
PHI,PHI202506130,2025-06-13,10,38
PHI,PHI202506140,2025-06-14,6,34
PHI,PHI202506150,2025-06-15,6,44
PHI,MIA202506160,2025-06-16,6,40
PHI,MIA202506170,2025-06-17,6,35
PHI,MIA202506180,2025-06-18,9,42
PHI,MIA202506190,2025-06-19,6,34
PHI,PHI202506200,2025-06-20,8,41
PHI,PHI202506210,2025-06-21,7,38
PHI,PHI202506220,2025-06-22,8,36
PHI,HOU202506240,2025-06-24,6,36
PHI,HOU202506250,2025-06-25,10,34
PHI,HOU202506260,2025-06-26,14,31
PHI,ATL202506270,2025-06-27,9,51
PHI,ATL202506280,2025-06-28,14,33
PHI,ATL202506290,2025-06-29,6,36
PHI,PHI202506300,2025-06-30,5,35
PHI,PHI202507022,2025-07-02,6,38
PHI,PHI202507021,2025-07-02,9,38
PHI,PHI202507040,2025-07-04,6,44
PHI,PHI202507050,2025-07-05,11,32
PHI,PHI202507060,2025-07-06,14,37
PHI,SFN202507070,2025-07-07,5,35
PHI,SFN202507080,2025-07-08,6,40
PHI,SFN202507090,2025-07-09,9,48
PHI,SDN202507110,2025-07-11,11,36
PHI,SDN202507120,2025-07-12,3,39
PHI,SDN202507130,2025-07-13,11,37
PHI,PHI202507180,2025-07-18,7,36
PHI,PHI202507190,2025-07-19,11,40
PHI,PHI202507200,2025-07-20,6,34
PHI,PHI202507210,2025-07-21,8,36
PHI,PHI202507220,2025-07-22,8,34
PHI,PHI202507230,2025-07-23,7,43
PHI,NYA202507250,2025-07-25,9,47
PHI,NYA202507260,2025-07-26,8,48
PHI,NYA202507270,2025-07-27,12,33
PHI,CHA202507280,2025-07-28,11,36
PHI,CHA202507290,2025-07-29,5,38
PHI,CHA202507300,2025-07-30,8,36
PHI,PHI202508010,2025-08-01,11,37
PHI,PHI202508020,2025-08-02,13,35
PHI,PHI202508030,2025-08-03,7,30
PHI,PHI202508040,2025-08-04,9,39
PHI,PHI202508050,2025-08-05,9,34
PHI,PHI202508060,2025-08-06,11,37
PHI,TEX202508080,2025-08-08,9,47
PHI,TEX202508090,2025-08-09,11,35
PHI,TEX202508100,2025-08-10,4,37
PHI,CIN202508110,2025-08-11,6,34
PHI,CIN202508120,2025-08-12,10,31
PHI,CIN202508130,2025-08-13,10,32
PHI,WAS202508140,2025-08-14,7,37
PHI,WAS202508150,2025-08-15,9,39
PHI,WAS202508160,2025-08-16,7,33
PHI,WAS202508170,2025-08-17,7,46
PHI,PHI202508180,2025-08-18,4,48
PHI,PHI202508190,2025-08-19,6,35
PHI,PHI202508200,2025-08-20,5,48
PHI,PHI202508220,2025-08-22,10,38
PHI,PHI202508230,2025-08-23,5,34
PHI,PHI202508240,2025-08-24,9,37
PHI,NYN202508250,2025-08-25,6,37
PHI,NYN202508260,2025-08-26,15,40
PHI,NYN202508270,2025-08-27,7,31
PHI,PHI202508280,2025-08-28,3,48
PHI,PHI202508290,2025-08-29,3,34
PHI,PHI202508300,2025-08-30,15,37
PHI,PHI202508310,2025-08-31,13,36
PHI,MIL202509010,2025-09-01,8,43
PHI,MIL202509030,2025-09-03,9,38
PHI,MIL202509040,2025-09-04,13,37
PHI,MIA202509050,2025-09-05,8,46
PHI,MIA202509060,2025-09-06,7,38
PHI,MIA202509070,2025-09-07,7,39
PHI,PHI202509080,2025-09-08,8,32
PHI,PHI202509090,2025-09-09,8,38
PHI,PHI202509100,2025-09-10,12,46
PHI,PHI202509110,2025-09-11,10,37
PHI,PHI202509120,2025-09-12,7,39
PHI,PHI202509130,2025-09-13,8,39
PHI,PHI202509140,2025-09-14,7,32
PHI,LAN202509150,2025-09-15,11,41
PHI,LAN202509160,2025-09-16,6,37
PHI,LAN202509170,2025-09-17,13,33
PHI,ARI202509190,2025-09-19,8,45
PHI,ARI202509200,2025-09-20,10,37
PHI,ARI202509210,2025-09-21,8,42
PHI,PHI202509230,2025-09-23,9,44
PHI,PHI202509240,2025-09-24,11,40
PHI,PHI202509250,2025-09-25,10,33
PHI,PHI202509260,2025-09-26,12,34
PHI,PHI202509270,2025-09-27,13,34
PHI,PHI202509280,2025-09-28,11,33
PIT,MIA202403280,2024-03-28,17,52
PIT,MIA202403290,2024-03-29,9,43
PIT,MIA202403300,2024-03-30,9,48
PIT,MIA202403310,2024-03-31,13,50
PIT,WAS202404010,2024-04-01,9,50
PIT,WAS202404030,2024-04-03,13,36
PIT,WAS202404040,2024-04-04,7,44
PIT,PIT202404050,2024-04-05,12,35
PIT,PIT202404060,2024-04-06,9,46
PIT,PIT202404070,2024-04-07,6,34
PIT,PIT202404080,2024-04-08,5,40
PIT,PIT202404090,2024-04-09,4,36
PIT,PHI202404110,2024-04-11,14,36
PIT,PHI202404120,2024-04-12,8,42
PIT,PHI202404130,2024-04-13,10,36
PIT,PHI202404140,2024-04-14,15,44
PIT,NYN202404150,2024-04-15,10,37
PIT,NYN202404160,2024-04-16,13,35
PIT,NYN202404170,2024-04-17,7,33
PIT,PIT202404190,2024-04-19,10,34
PIT,PIT202404200,2024-04-20,10,37
PIT,PIT202404210,2024-04-21,5,33
PIT,PIT202404220,2024-04-22,7,36
PIT,PIT202404230,2024-04-23,6,31
PIT,PIT202404240,2024-04-24,8,36
PIT,PIT202404250,2024-04-25,9,41
PIT,SFN202404260,2024-04-26,11,38
PIT,SFN202404270,2024-04-27,13,41
PIT,SFN202404280,2024-04-28,7,36
PIT,OAK202404290,2024-04-29,7,31
PIT,OAK202404300,2024-04-30,12,36
PIT,OAK202405010,2024-05-01,5,37
PIT,PIT202405030,2024-05-03,12,33
PIT,PIT202405040,2024-05-04,7,36
PIT,PIT202405050,2024-05-05,6,33
PIT,PIT202405060,2024-05-06,6,32
PIT,PIT202405070,2024-05-07,8,31
PIT,PIT202405080,2024-05-08,13,35
PIT,PIT202405100,2024-05-10,12,38
PIT,PIT202405110,2024-05-11,7,39
PIT,PIT202405120,2024-05-12,10,44
PIT,MIL202405130,2024-05-13,8,43
PIT,MIL202405140,2024-05-14,13,32
PIT,MIL202405150,2024-05-15,7,36
PIT,CHN202405160,2024-05-16,12,36
PIT,CHN202405170,2024-05-17,9,43
PIT,CHN202405180,2024-05-18,12,32
PIT,CHN202405190,2024-05-19,9,42
PIT,PIT202405210,2024-05-21,9,41
PIT,PIT202405220,2024-05-22,15,43
PIT,PIT202405230,2024-05-23,9,39
PIT,PIT202405240,2024-05-24,9,44
PIT,PIT202405250,2024-05-25,9,35
PIT,PIT202405260,2024-05-26,12,34
PIT,DET202405292,2024-05-29,12,43
PIT,DET202405291,2024-05-29,10,31
PIT,TOR202405310,2024-05-31,10,48
PIT,TOR202406010,2024-06-01,5,39
PIT,TOR202406020,2024-06-02,13,44
PIT,PIT202406040,2024-06-04,13,31
PIT,PIT202406050,2024-06-05,7,38
PIT,PIT202406060,2024-06-06,15,45
PIT,PIT202406070,2024-06-07,9,30
PIT,PIT202406080,2024-06-08,8,37
PIT,PIT202406090,2024-06-09,9,43
PIT,SLN202406110,2024-06-11,7,33
PIT,SLN202406120,2024-06-12,12,34
PIT,SLN202406130,2024-06-13,9,38
PIT,COL202406140,2024-06-14,10,34
PIT,COL202406150,2024-06-15,7,39
PIT,COL202406160,2024-06-16,10,43
PIT,PIT202406170,2024-06-17,7,34
PIT,PIT202406180,2024-06-18,9,32
PIT,PIT202406190,2024-06-19,11,30
PIT,PIT202406210,2024-06-21,6,35
PIT,PIT202406220,2024-06-22,8,30
PIT,PIT202406230,2024-06-23,5,33
PIT,CIN202406240,2024-06-24,11,41
PIT,CIN202406250,2024-06-25,10,41
PIT,CIN202406260,2024-06-26,7,38
PIT,ATL202406280,2024-06-28,13,35
PIT,ATL202406290,2024-06-29,10,42
PIT,ATL202406300,2024-06-30,12,37
PIT,PIT202407020,2024-07-02,10,33
PIT,PIT202407030,2024-07-03,7,39
PIT,PIT202407040,2024-07-04,8,37
PIT,PIT202407050,2024-07-05,4,43
PIT,PIT202407060,2024-07-06,9,37
PIT,PIT202407070,2024-07-07,10,35
PIT,PIT202407080,2024-07-08,5,34
PIT,MIL202407090,2024-07-09,7,42
PIT,MIL202407100,2024-07-10,6,31
PIT,MIL202407110,2024-07-11,8,36
PIT,CHA202407120,2024-07-12,10,37
PIT,CHA202407130,2024-07-13,7,41
PIT,CHA202407140,2024-07-14,6,42
PIT,PIT202407190,2024-07-19,9,40
PIT,PIT202407200,2024-07-20,4,34
PIT,PIT202407210,2024-07-21,6,33
PIT,PIT202407220,2024-07-22,5,33
PIT,PIT202407230,2024-07-23,7,35
PIT,PIT202407240,2024-07-24,5,34
PIT,ARI202407260,2024-07-26,11,39
PIT,ARI202407270,2024-07-27,7,35
PIT,ARI202407280,2024-07-28,14,43
PIT,HOU202407290,2024-07-29,11,38
PIT,HOU202407300,2024-07-30,14,42
PIT,HOU202407310,2024-07-31,11,37
PIT,PIT202408020,2024-08-02,7,43
PIT,PIT202408030,2024-08-03,9,31
PIT,PIT202408040,2024-08-04,13,40
PIT,PIT202408060,2024-08-06,13,34
PIT,PIT202408070,2024-08-07,15,50
PIT,PIT202408080,2024-08-08,7,42
PIT,LAN202408090,2024-08-09,16,40
PIT,LAN202408100,2024-08-10,9,36
PIT,LAN202408110,2024-08-11,7,39
PIT,SDN202408120,2024-08-12,6,38
PIT,SDN202408130,2024-08-13,15,35
PIT,SDN202408140,2024-08-14,14,39
PIT,PIT202408160,2024-08-16,9,35
PIT,PIT202408170,2024-08-17,9,35
PIT,PIT202408180,2024-08-18,5,34
PIT,TEX202408190,2024-08-19,9,37
PIT,TEX202408200,2024-08-20,10,35
PIT,TEX202408210,2024-08-21,16,37
PIT,PIT202408220,2024-08-22,14,36
PIT,PIT202408230,2024-08-23,8,35
PIT,PIT202408240,2024-08-24,6,32
PIT,PIT202408250,2024-08-25,2,34
PIT,PIT202408260,2024-08-26,6,42
PIT,PIT202408270,2024-08-27,14,41
PIT,PIT202408280,2024-08-28,14,51
PIT,CLE202408300,2024-08-30,6,43
PIT,CLE202408310,2024-08-31,11,39
PIT,CLE202409010,2024-09-01,10,31
PIT,CHN202409020,2024-09-02,5,38
PIT,CHN202409030,2024-09-03,9,36
PIT,CHN202409040,2024-09-04,7,31
PIT,PIT202409050,2024-09-05,7,40
PIT,PIT202409072,2024-09-07,14,43
PIT,PIT202409071,2024-09-07,7,35
PIT,PIT202409080,2024-09-08,6,37
PIT,PIT202409090,2024-09-09,6,34
PIT,PIT202409100,2024-09-10,6,36
PIT,PIT202409110,2024-09-11,3,33
PIT,PIT202409130,2024-09-13,14,40
PIT,PIT202409140,2024-09-14,13,41
PIT,PIT202409150,2024-09-15,10,37
PIT,SLN202409160,2024-09-16,12,32
PIT,SLN202409170,2024-09-17,10,36
PIT,SLN202409180,2024-09-18,12,39
PIT,SLN202409190,2024-09-19,4,37
PIT,CIN202409200,2024-09-20,11,35
PIT,CIN202409210,2024-09-21,9,39
PIT,CIN202409220,2024-09-22,14,38
PIT,PIT202409240,2024-09-24,6,37
PIT,PIT202409250,2024-09-25,11,29
PIT,PIT202409260,2024-09-26,7,35
PIT,NYA202409270,2024-09-27,8,35
PIT,NYA202409280,2024-09-28,12,37
PIT,NYA202409290,2024-09-29,13,39
PIT,MIA202503270,2025-03-27,11,40
PIT,MIA202503280,2025-03-28,6,39
PIT,MIA202503290,2025-03-29,10,50
PIT,MIA202503300,2025-03-30,9,35
PIT,TBA202503310,2025-03-31,10,31
PIT,TBA202504010,2025-04-01,15,34
PIT,TBA202504020,2025-04-02,5,39
PIT,PIT202504040,2025-04-04,11,38
PIT,PIT202504050,2025-04-05,10,34
PIT,PIT202504060,2025-04-06,12,43
PIT,PIT202504070,2025-04-07,7,36
PIT,PIT202504080,2025-04-08,9,33
PIT,PIT202504090,2025-04-09,10,49
PIT,CIN202504110,2025-04-11,8,33
PIT,CIN202504120,2025-04-12,9,34
PIT,CIN202504130,2025-04-13,9,30
PIT,PIT202504140,2025-04-14,6,38
PIT,PIT202504150,2025-04-15,10,32
PIT,PIT202504160,2025-04-16,6,36
PIT,PIT202504170,2025-04-17,9,32
PIT,PIT202504180,2025-04-18,13,42
PIT,PIT202504190,2025-04-19,7,33
PIT,PIT202504200,2025-04-20,9,42
PIT,ANA202504220,2025-04-22,6,49
PIT,ANA202504230,2025-04-23,8,38
PIT,ANA202504240,2025-04-24,5,37
PIT,LAN202504250,2025-04-25,7,37
PIT,LAN202504260,2025-04-26,9,39
PIT,LAN202504270,2025-04-27,12,35
PIT,PIT202504290,2025-04-29,6,36
PIT,PIT202504300,2025-04-30,10,35
PIT,PIT202505010,2025-05-01,2,35
PIT,PIT202505020,2025-05-02,8,41
PIT,PIT202505030,2025-05-03,3,38
PIT,PIT202505040,2025-05-04,11,35
PIT,SLN202505050,2025-05-05,5,38
PIT,SLN202505060,2025-05-06,9,34
PIT,SLN202505070,2025-05-07,10,33
PIT,PIT202505090,2025-05-09,12,28
PIT,PIT202505100,2025-05-10,10,47
PIT,PIT202505110,2025-05-11,9,40
PIT,NYN202505120,2025-05-12,8,38
PIT,NYN202505130,2025-05-13,11,40
PIT,NYN202505140,2025-05-14,9,37
PIT,PHI202505160,2025-05-16,8,38
PIT,PHI202505170,2025-05-17,11,32
PIT,PHI202505180,2025-05-18,14,32
PIT,PIT202505190,2025-05-19,8,33
PIT,PIT202505200,2025-05-20,4,34
PIT,PIT202505210,2025-05-21,7,35
PIT,PIT202505220,2025-05-22,6,42
PIT,PIT202505230,2025-05-23,8,44
PIT,PIT202505240,2025-05-24,10,33
PIT,PIT202505250,2025-05-25,11,42
PIT,ARI202505260,2025-05-26,5,35
PIT,ARI202505270,2025-05-27,8,45
PIT,ARI202505280,2025-05-28,9,42
PIT,SDN202505300,2025-05-30,14,35
PIT,SDN202505310,2025-05-31,10,41
PIT,SDN202506010,2025-06-01,10,37
PIT,PIT202506030,2025-06-03,9,32
PIT,PIT202506040,2025-06-04,7,33
PIT,PIT202506050,2025-06-05,16,36
PIT,PIT202506060,2025-06-06,8,38
PIT,PIT202506070,2025-06-07,5,31
PIT,PIT202506080,2025-06-08,12,34
PIT,PIT202506090,2025-06-09,6,42
PIT,PIT202506100,2025-06-10,8,35
PIT,PIT202506110,2025-06-11,8,34
PIT,CHN202506120,2025-06-12,10,34
PIT,CHN202506130,2025-06-13,7,37
PIT,CHN202506140,2025-06-14,6,32
PIT,CHN202506150,2025-06-15,6,36
PIT,DET202506170,2025-06-17,6,32
PIT,DET202506192,2025-06-19,14,46
PIT,DET202506191,2025-06-19,9,37
PIT,PIT202506200,2025-06-20,9,37
PIT,PIT202506210,2025-06-21,8,35
PIT,PIT202506220,2025-06-22,3,41
PIT,MIL202506230,2025-06-23,16,41
PIT,MIL202506240,2025-06-24,11,34
PIT,MIL202506250,2025-06-25,13,34
PIT,PIT202506270,2025-06-27,6,42
PIT,PIT202506280,2025-06-28,8,41
PIT,PIT202506290,2025-06-29,9,41
PIT,PIT202506300,2025-06-30,4,36
PIT,PIT202507010,2025-07-01,4,29
PIT,PIT202507020,2025-07-02,9,34
PIT,SEA202507040,2025-07-04,12,35
PIT,SEA202507050,2025-07-05,11,30
PIT,SEA202507060,2025-07-06,13,33
PIT,KCA202507070,2025-07-07,8,34
PIT,KCA202507080,2025-07-08,7,35
PIT,KCA202507090,2025-07-09,9,36
PIT,MIN202507110,2025-07-11,9,36
PIT,MIN202507120,2025-07-12,7,37
PIT,MIN202507130,2025-07-13,8,38
PIT,PIT202507180,2025-07-18,4,34
PIT,PIT202507190,2025-07-19,9,41
PIT,PIT202507200,2025-07-20,11,32
PIT,PIT202507210,2025-07-21,12,35
PIT,PIT202507220,2025-07-22,10,44
PIT,PIT202507230,2025-07-23,11,34
PIT,PIT202507250,2025-07-25,7,40
PIT,PIT202507260,2025-07-26,4,32
PIT,PIT202507270,2025-07-27,5,35
PIT,SFN202507280,2025-07-28,8,39
PIT,SFN202507290,2025-07-29,11,40
PIT,SFN202507300,2025-07-30,14,44
PIT,COL202508010,2025-08-01,9,53
PIT,COL202508020,2025-08-02,8,38
PIT,COL202508030,2025-08-03,5,42
PIT,PIT202508040,2025-08-04,8,36
PIT,PIT202508050,2025-08-05,13,34
PIT,PIT202508060,2025-08-06,11,36
PIT,PIT202508070,2025-08-07,5,42
PIT,PIT202508080,2025-08-08,12,31
PIT,PIT202508090,2025-08-09,4,33
PIT,PIT202508100,2025-08-10,8,47
PIT,MIL202508110,2025-08-11,5,31
PIT,MIL202508120,2025-08-12,8,32
PIT,MIL202508130,2025-08-13,7,42
PIT,CHN202508150,2025-08-15,8,35
PIT,CHN202508160,2025-08-16,11,34
PIT,CHN202508170,2025-08-17,9,40
PIT,PIT202508180,2025-08-18,8,36
PIT,PIT202508190,2025-08-19,8,37
PIT,PIT202508200,2025-08-20,12,35
PIT,PIT202508220,2025-08-22,6,41
PIT,PIT202508230,2025-08-23,10,36
PIT,PIT202508240,2025-08-24,4,33
PIT,SLN202508250,2025-08-25,10,39
PIT,SLN202508260,2025-08-26,11,40
PIT,SLN202508270,2025-08-27,9,35
PIT,SLN202508280,2025-08-28,9,36
PIT,BOS202508290,2025-08-29,11,41
PIT,BOS202508300,2025-08-30,9,45
PIT,BOS202508310,2025-08-31,12,38
PIT,PIT202509020,2025-09-02,7,39
PIT,PIT202509030,2025-09-03,8,34
PIT,PIT202509040,2025-09-04,11,35
PIT,PIT202509050,2025-09-05,8,34
PIT,PIT202509060,2025-09-06,10,34
PIT,PIT202509070,2025-09-07,12,34
PIT,BAL202509090,2025-09-09,10,42
PIT,BAL202509100,2025-09-10,10,35
PIT,BAL202509110,2025-09-11,11,36
PIT,WAS202509120,2025-09-12,9,37
PIT,WAS202509130,2025-09-13,7,41
PIT,WAS202509140,2025-09-14,9,39
PIT,PIT202509150,2025-09-15,6,37
PIT,PIT202509160,2025-09-16,12,32
PIT,PIT202509170,2025-09-17,11,42
PIT,PIT202509190,2025-09-19,8,41
PIT,PIT202509200,2025-09-20,6,30
PIT,PIT202509210,2025-09-21,8,41
PIT,CIN202509230,2025-09-23,7,35
PIT,CIN202509240,2025-09-24,12,43
PIT,CIN202509250,2025-09-25,14,31
PIT,ATL202509260,2025-09-26,7,43
PIT,ATL202509270,2025-09-27,7,40
PIT,ATL202509280,2025-09-28,11,34
SDN,SDN202403200,2024-03-20,6,34
SDN,LAN202403210,2024-03-21,8,53
SDN,SDN202403280,2024-03-28,7,35
SDN,SDN202403290,2024-03-29,5,34
SDN,SDN202403300,2024-03-30,10,40
SDN,SDN202403310,2024-03-31,7,44
SDN,SDN202404010,2024-04-01,5,32
SDN,SDN202404020,2024-04-02,7,37
SDN,SDN202404030,2024-04-03,10,36
SDN,SFN202404050,2024-04-05,8,33
SDN,SFN202404060,2024-04-06,2,33
SDN,SFN202404070,2024-04-07,8,36
SDN,SDN202404080,2024-04-08,9,39
SDN,SDN202404090,2024-04-09,11,31
SDN,SDN202404100,2024-04-10,7,40
SDN,LAN202404120,2024-04-12,10,45
SDN,LAN202404130,2024-04-13,8,34
SDN,LAN202404140,2024-04-14,3,43
SDN,MIL202404150,2024-04-15,7,44
SDN,MIL202404160,2024-04-16,10,41
SDN,MIL202404170,2024-04-17,3,32
SDN,SDN202404190,2024-04-19,14,34
SDN,SDN202404200,2024-04-20,8,39
SDN,SDN202404210,2024-04-21,6,39
SDN,COL202404220,2024-04-22,6,39
SDN,COL202404230,2024-04-23,7,40
SDN,COL202404240,2024-04-24,1,35
SDN,COL202404250,2024-04-25,8,41
SDN,SDN202404260,2024-04-26,11,35
SDN,SDN202404270,2024-04-27,11,29
SDN,SDN202404280,2024-04-28,6,37
SDN,SDN202404290,2024-04-29,14,33
SDN,SDN202404300,2024-04-30,6,40
SDN,SDN202405010,2024-05-01,6,36
SDN,ARI202405030,2024-05-03,9,41
SDN,ARI202405040,2024-05-04,6,48
SDN,ARI202405050,2024-05-05,6,39
SDN,CHN202405060,2024-05-06,5,38
SDN,CHN202405070,2024-05-07,8,37
SDN,CHN202405080,2024-05-08,8,38
SDN,SDN202405100,2024-05-10,13,28
SDN,SDN202405110,2024-05-11,6,34
SDN,SDN202405120,2024-05-12,5,36
SDN,SDN202405130,2024-05-13,4,40
SDN,SDN202405140,2024-05-14,6,38
SDN,SDN202405150,2024-05-15,9,34
SDN,ATL202405170,2024-05-17,6,41
SDN,ATL202405190,2024-05-19,9,46
SDN,ATL202405202,2024-05-20,10,34
SDN,ATL202405201,2024-05-20,5,38
SDN,CIN202405210,2024-05-21,5,32
SDN,CIN202405220,2024-05-22,3,39
SDN,CIN202405230,2024-05-23,8,41
SDN,SDN202405240,2024-05-24,6,31
SDN,SDN202405250,2024-05-25,7,35
SDN,SDN202405260,2024-05-26,7,39
SDN,SDN202405270,2024-05-27,4,36
SDN,SDN202405280,2024-05-28,6,34
SDN,SDN202405290,2024-05-29,2,35
SDN,KCA202405310,2024-05-31,5,44
SDN,KCA202406010,2024-06-01,5,40
SDN,KCA202406020,2024-06-02,7,37
SDN,ANA202406030,2024-06-03,3,35
SDN,ANA202406040,2024-06-04,9,37
SDN,ANA202406050,2024-06-05,1,35
SDN,SDN202406060,2024-06-06,5,40
SDN,SDN202406070,2024-06-07,6,42
SDN,SDN202406080,2024-06-08,4,46
SDN,SDN202406090,2024-06-09,6,38
SDN,SDN202406100,2024-06-10,6,39
SDN,SDN202406110,2024-06-11,3,36
SDN,SDN202406120,2024-06-12,10,34
SDN,NYN202406140,2024-06-14,12,33
SDN,NYN202406150,2024-06-15,9,31
SDN,NYN202406160,2024-06-16,7,41
SDN,PHI202406170,2024-06-17,6,31
SDN,PHI202406180,2024-06-18,9,31
SDN,PHI202406190,2024-06-19,6,41
SDN,SDN202406200,2024-06-20,9,40
SDN,SDN202406210,2024-06-21,2,43
SDN,SDN202406220,2024-06-22,4,33
SDN,SDN202406230,2024-06-23,6,35
SDN,SDN202406240,2024-06-24,6,38
SDN,SDN202406250,2024-06-25,4,37
SDN,SDN202406260,2024-06-26,5,37
SDN,BOS202406280,2024-06-28,7,42
SDN,BOS202406290,2024-06-29,8,47
SDN,BOS202406300,2024-06-30,4,34
SDN,TEX202407020,2024-07-02,7,29
SDN,TEX202407030,2024-07-03,10,43
SDN,TEX202407040,2024-07-04,4,35
SDN,SDN202407050,2024-07-05,2,40
SDN,SDN202407060,2024-07-06,14,45
SDN,SDN202407070,2024-07-07,5,31
SDN,SDN202407090,2024-07-09,7,31
SDN,SDN202407100,2024-07-10,4,34
SDN,SDN202407120,2024-07-12,6,33
SDN,SDN202407130,2024-07-13,5,34
SDN,SDN202407140,2024-07-14,6,37
SDN,CLE202407190,2024-07-19,6,33
SDN,CLE202407200,2024-07-20,11,44
SDN,CLE202407210,2024-07-21,7,38
SDN,WAS202407230,2024-07-23,6,38
SDN,WAS202407240,2024-07-24,7,50
SDN,WAS202407250,2024-07-25,7,34
SDN,BAL202407260,2024-07-26,6,39
SDN,BAL202407270,2024-07-27,8,44
SDN,BAL202407280,2024-07-28,6,39
SDN,SDN202407300,2024-07-30,11,39
SDN,SDN202407310,2024-07-31,5,40
SDN,SDN202408020,2024-08-02,7,34
SDN,SDN202408030,2024-08-03,5,30
SDN,SDN202408040,2024-08-04,4,41
SDN,PIT202408060,2024-08-06,3,40
SDN,PIT202408070,2024-08-07,7,52
SDN,PIT202408080,2024-08-08,6,39
SDN,MIA202408090,2024-08-09,6,43
SDN,MIA202408100,2024-08-10,8,48
SDN,MIA202408110,2024-08-11,9,36
SDN,SDN202408120,2024-08-12,4,28
SDN,SDN202408130,2024-08-13,6,32
SDN,SDN202408140,2024-08-14,3,36
SDN,COL202408160,2024-08-16,8,40
SDN,COL202408170,2024-08-17,4,43
SDN,COL202408180,2024-08-18,5,38
SDN,SDN202408190,2024-08-19,3,34
SDN,SDN202408200,2024-08-20,7,34
SDN,SDN202408210,2024-08-21,12,37
SDN,SDN202408220,2024-08-22,7,39
SDN,SDN202408230,2024-08-23,6,41
SDN,SDN202408240,2024-08-24,5,35
SDN,SDN202408250,2024-08-25,2,33
SDN,SLN202408260,2024-08-26,4,40
SDN,SLN202408270,2024-08-27,4,38
SDN,SLN202408280,2024-08-28,7,40
SDN,SLN202408290,2024-08-29,7,32
SDN,TBA202408300,2024-08-30,8,48
SDN,TBA202408310,2024-08-31,6,40
SDN,TBA202409010,2024-09-01,7,43
SDN,SDN202409020,2024-09-02,4,32
SDN,SDN202409040,2024-09-04,7,47
SDN,SDN202409050,2024-09-05,3,34
SDN,SDN202409060,2024-09-06,9,34
SDN,SDN202409070,2024-09-07,5,37
SDN,SDN202409080,2024-09-08,4,39
SDN,SEA202409100,2024-09-10,9,40
SDN,SEA202409110,2024-09-11,9,32
SDN,SFN202409130,2024-09-13,11,41
SDN,SFN202409140,2024-09-14,5,48
SDN,SFN202409150,2024-09-15,8,39
SDN,SDN202409160,2024-09-16,6,35
SDN,SDN202409170,2024-09-17,8,40
SDN,SDN202409180,2024-09-18,8,35
SDN,SDN202409200,2024-09-20,10,38
SDN,SDN202409210,2024-09-21,6,38
SDN,SDN202409220,2024-09-22,8,31
SDN,LAN202409240,2024-09-24,7,36
SDN,LAN202409250,2024-09-25,9,35
SDN,LAN202409260,2024-09-26,2,36
SDN,ARI202409270,2024-09-27,9,40
SDN,ARI202409280,2024-09-28,7,39
SDN,ARI202409290,2024-09-29,11,31
SDN,SDN202503270,2025-03-27,9,36
SDN,SDN202503280,2025-03-28,3,35
SDN,SDN202503290,2025-03-29,7,30
SDN,SDN202503300,2025-03-30,9,37
SDN,SDN202503310,2025-03-31,4,39
SDN,SDN202504010,2025-04-01,3,38
SDN,SDN202504020,2025-04-02,5,36
SDN,CHN202504040,2025-04-04,6,34
SDN,CHN202504050,2025-04-05,7,35
SDN,CHN202504060,2025-04-06,10,49
SDN,ATH202504070,2025-04-07,5,36
SDN,ATH202504080,2025-04-08,9,41
SDN,ATH202504090,2025-04-09,9,40
SDN,SDN202504110,2025-04-11,6,36
SDN,SDN202504120,2025-04-12,8,29
SDN,SDN202504130,2025-04-13,3,38
SDN,SDN202504140,2025-04-14,6,43
SDN,SDN202504150,2025-04-15,11,38
SDN,SDN202504160,2025-04-16,4,38
SDN,HOU202504180,2025-04-18,7,38
SDN,HOU202504190,2025-04-19,6,36
SDN,HOU202504200,2025-04-20,4,38
SDN,DET202504210,2025-04-21,7,37
SDN,DET202504220,2025-04-22,12,36
SDN,DET202504230,2025-04-23,9,30
SDN,SDN202504250,2025-04-25,9,32
SDN,SDN202504260,2025-04-26,6,32
SDN,SDN202504270,2025-04-27,4,33
SDN,SDN202504290,2025-04-29,8,37
SDN,SDN202504300,2025-04-30,6,36
SDN,PIT202505020,2025-05-02,8,45
SDN,PIT202505030,2025-05-03,9,31
SDN,PIT202505040,2025-05-04,7,40
SDN,NYA202505050,2025-05-05,7,36
SDN,NYA202505060,2025-05-06,6,37
SDN,NYA202505070,2025-05-07,11,41
SDN,COL202505090,2025-05-09,7,47
SDN,COL202505100,2025-05-10,4,56
SDN,COL202505110,2025-05-11,4,34
SDN,SDN202505120,2025-05-12,6,37
SDN,SDN202505130,2025-05-13,7,37
SDN,SDN202505140,2025-05-14,8,37
SDN,SDN202505160,2025-05-16,9,36
SDN,SDN202505170,2025-05-17,8,36
SDN,SDN202505180,2025-05-18,5,34
SDN,TOR202505200,2025-05-20,8,32
SDN,TOR202505210,2025-05-21,10,33
SDN,TOR202505220,2025-05-22,11,43
SDN,ATL202505230,2025-05-23,8,33
SDN,ATL202505240,2025-05-24,6,38
SDN,ATL202505250,2025-05-25,13,36
SDN,SDN202505260,2025-05-26,7,41
SDN,SDN202505270,2025-05-27,5,43
SDN,SDN202505280,2025-05-28,3,39
SDN,SDN202505300,2025-05-30,3,29
SDN,SDN202505310,2025-05-31,4,30
SDN,SDN202506010,2025-06-01,6,36
SDN,SFN202506020,2025-06-02,9,36
SDN,SFN202506030,2025-06-03,8,45
SDN,SFN202506040,2025-06-04,6,41
SDN,SFN202506050,2025-06-05,12,34
SDN,MIL202506060,2025-06-06,12,37
SDN,MIL202506070,2025-06-07,10,39
SDN,MIL202506080,2025-06-08,6,31
SDN,SDN202506090,2025-06-09,6,42
SDN,SDN202506100,2025-06-10,6,46
SDN,SDN202506110,2025-06-11,7,36
SDN,ARI202506130,2025-06-13,5,33
SDN,ARI202506140,2025-06-14,8,42
SDN,ARI202506150,2025-06-15,9,41
SDN,LAN202506160,2025-06-16,7,35
SDN,LAN202506170,2025-06-17,9,41
SDN,LAN202506180,2025-06-18,9,35
SDN,LAN202506190,2025-06-19,6,39
SDN,SDN202506200,2025-06-20,4,42
SDN,SDN202506210,2025-06-21,5,33
SDN,SDN202506220,2025-06-22,9,34
SDN,SDN202506230,2025-06-23,3,39
SDN,SDN202506240,2025-06-24,5,34
SDN,SDN202506250,2025-06-25,8,33
SDN,CIN202506270,2025-06-27,8,32
SDN,CIN202506280,2025-06-28,5,42
SDN,CIN202506290,2025-06-29,5,42
SDN,PHI202506300,2025-06-30,10,34
SDN,PHI202507022,2025-07-02,9,34
SDN,PHI202507021,2025-07-02,7,41
SDN,SDN202507040,2025-07-04,10,43
SDN,SDN202507050,2025-07-05,7,41
SDN,SDN202507060,2025-07-06,7,38
SDN,SDN202507070,2025-07-07,10,39
SDN,SDN202507080,2025-07-08,5,27
SDN,SDN202507090,2025-07-09,5,31
SDN,SDN202507100,2025-07-10,6,41
SDN,SDN202507110,2025-07-11,5,33
SDN,SDN202507120,2025-07-12,10,34
SDN,SDN202507130,2025-07-13,6,38
SDN,WAS202507180,2025-07-18,6,42
SDN,WAS202507190,2025-07-19,7,35
SDN,WAS202507200,2025-07-20,6,45
SDN,MIA202507210,2025-07-21,9,35
SDN,MIA202507220,2025-07-22,9,36
SDN,MIA202507230,2025-07-23,4,32
SDN,SLN202507240,2025-07-24,12,42
SDN,SLN202507250,2025-07-25,4,36
SDN,SLN202507260,2025-07-26,6,40
SDN,SLN202507270,2025-07-27,6,45
SDN,SDN202507280,2025-07-28,9,45
SDN,SDN202507290,2025-07-29,5,35
SDN,SDN202507300,2025-07-30,8,41
SDN,SDN202508010,2025-08-01,4,35
SDN,SDN202508020,2025-08-02,5,37
SDN,SDN202508030,2025-08-03,7,38
SDN,ARI202508040,2025-08-04,8,37
SDN,ARI202508050,2025-08-05,10,55
SDN,ARI202508060,2025-08-06,6,38
SDN,SDN202508080,2025-08-08,6,41
SDN,SDN202508090,2025-08-09,4,43
SDN,SDN202508100,2025-08-10,10,37
SDN,SFN202508110,2025-08-11,5,38
SDN,SFN202508120,2025-08-12,4,39
SDN,SFN202508130,2025-08-13,4,46
SDN,LAN202508150,2025-08-15,5,34
SDN,LAN202508160,2025-08-16,6,33
SDN,LAN202508170,2025-08-17,13,39
SDN,SDN202508180,2025-08-18,7,35
SDN,SDN202508190,2025-08-19,7,38
SDN,SDN202508200,2025-08-20,8,37
SDN,SDN202508210,2025-08-21,7,38
SDN,SDN202508220,2025-08-22,5,30
SDN,SDN202508230,2025-08-23,5,33
SDN,SDN202508240,2025-08-24,8,33
SDN,SEA202508250,2025-08-25,12,39
SDN,SEA202508260,2025-08-26,6,40
SDN,SEA202508270,2025-08-27,9,38
SDN,MIN202508290,2025-08-29,6,37
SDN,MIN202508300,2025-08-30,9,49
SDN,MIN202508310,2025-08-31,9,38
SDN,SDN202509010,2025-09-01,9,37
SDN,SDN202509020,2025-09-02,6,36
SDN,SDN202509030,2025-09-03,10,38
SDN,COL202509050,2025-09-05,10,30
SDN,COL202509060,2025-09-06,9,47
SDN,COL202509070,2025-09-07,9,47
SDN,SDN202509080,2025-09-08,7,37
SDN,SDN202509090,2025-09-09,8,33
SDN,SDN202509100,2025-09-10,7,34
SDN,SDN202509110,2025-09-11,9,32
SDN,SDN202509120,2025-09-12,12,34
SDN,SDN202509130,2025-09-13,5,39
SDN,SDN202509140,2025-09-14,2,41
SDN,NYN202509160,2025-09-16,6,34
SDN,NYN202509170,2025-09-17,4,43
SDN,NYN202509180,2025-09-18,10,32
SDN,CHA202509190,2025-09-19,8,34
SDN,CHA202509200,2025-09-20,9,40
SDN,CHA202509210,2025-09-21,11,37
SDN,SDN202509220,2025-09-22,10,45
SDN,SDN202509230,2025-09-23,1,35
SDN,SDN202509240,2025-09-24,13,35
SDN,SDN202509260,2025-09-26,8,41
SDN,SDN202509270,2025-09-27,7,33
SDN,SDN202509280,2025-09-28,9,41
SEA,SEA202403280,2024-03-28,9,36
SEA,SEA202403290,2024-03-29,14,30
SEA,SEA202403300,2024-03-30,12,38
SEA,SEA202403310,2024-03-31,10,33
SEA,SEA202404010,2024-04-01,9,36
SEA,SEA202404020,2024-04-02,12,37
SEA,SEA202404030,2024-04-03,8,35
SEA,MIL202404050,2024-04-05,10,40
SEA,MIL202404060,2024-04-06,11,38
SEA,MIL202404070,2024-04-07,8,36
SEA,TOR202404080,2024-04-08,10,36
SEA,TOR202404090,2024-04-09,10,36
SEA,TOR202404100,2024-04-10,15,41
SEA,SEA202404120,2024-04-12,11,35
SEA,SEA202404130,2024-04-13,8,37
SEA,SEA202404140,2024-04-14,10,34
SEA,SEA202404150,2024-04-15,7,39
SEA,SEA202404160,2024-04-16,15,39
SEA,SEA202404170,2024-04-17,9,38
SEA,COL202404200,2024-04-20,3,45
SEA,COL202404212,2024-04-21,10,43
SEA,COL202404211,2024-04-21,10,40
SEA,TEX202404230,2024-04-23,10,36
SEA,TEX202404240,2024-04-24,14,37
SEA,TEX202404250,2024-04-25,11,32
SEA,SEA202404260,2024-04-26,6,31
SEA,SEA202404270,2024-04-27,11,30
SEA,SEA202404280,2024-04-28,15,32
SEA,SEA202404290,2024-04-29,12,31
SEA,SEA202404300,2024-04-30,11,34
SEA,SEA202405010,2024-05-01,12,40
SEA,HOU202405030,2024-05-03,9,35
SEA,HOU202405040,2024-05-04,6,40
SEA,HOU202405050,2024-05-05,8,42
SEA,MIN202405060,2024-05-06,14,32
SEA,MIN202405070,2024-05-07,11,43
SEA,MIN202405080,2024-05-08,13,39
SEA,MIN202405090,2024-05-09,15,36
SEA,SEA202405100,2024-05-10,11,39
SEA,SEA202405110,2024-05-11,7,29
SEA,SEA202405120,2024-05-12,7,35
SEA,SEA202405130,2024-05-13,10,36
SEA,SEA202405140,2024-05-14,11,35
SEA,SEA202405150,2024-05-15,8,33
SEA,BAL202405170,2024-05-17,4,36
SEA,BAL202405180,2024-05-18,9,38
SEA,BAL202405190,2024-05-19,13,36
SEA,NYA202405200,2024-05-20,7,36
SEA,NYA202405210,2024-05-21,11,39
SEA,NYA202405220,2024-05-22,11,36
SEA,NYA202405230,2024-05-23,12,35
SEA,WAS202405240,2024-05-24,10,33
SEA,WAS202405250,2024-05-25,12,33
SEA,WAS202405260,2024-05-26,6,41
SEA,SEA202405270,2024-05-27,5,36
SEA,SEA202405280,2024-05-28,14,32
SEA,SEA202405290,2024-05-29,15,37
SEA,SEA202405300,2024-05-30,12,34
SEA,SEA202405310,2024-05-31,5,36
SEA,SEA202406010,2024-06-01,6,40
SEA,SEA202406020,2024-06-02,7,36
SEA,OAK202406040,2024-06-04,7,38
SEA,OAK202406050,2024-06-05,7,33
SEA,OAK202406060,2024-06-06,12,37
SEA,KCA202406070,2024-06-07,10,46
SEA,KCA202406080,2024-06-08,11,36
SEA,KCA202406090,2024-06-09,12,42
SEA,SEA202406100,2024-06-10,6,40
SEA,SEA202406110,2024-06-11,8,35
SEA,SEA202406120,2024-06-12,9,35
SEA,SEA202406130,2024-06-13,19,35
SEA,SEA202406140,2024-06-14,6,34
SEA,SEA202406150,2024-06-15,14,39
SEA,SEA202406160,2024-06-16,12,35
SEA,CLE202406180,2024-06-18,9,45
SEA,CLE202406190,2024-06-19,14,31
SEA,CLE202406200,2024-06-20,5,35
SEA,MIA202406210,2024-06-21,10,36
SEA,MIA202406220,2024-06-22,9,44
SEA,MIA202406230,2024-06-23,8,39
SEA,TBA202406240,2024-06-24,14,37
SEA,TBA202406250,2024-06-25,11,33
SEA,TBA202406260,2024-06-26,13,36
SEA,SEA202406280,2024-06-28,13,39
SEA,SEA202406290,2024-06-29,15,33
SEA,SEA202406300,2024-06-30,11,42
SEA,SEA202407020,2024-07-02,11,34
SEA,SEA202407030,2024-07-03,13,34
SEA,SEA202407040,2024-07-04,11,33
SEA,SEA202407050,2024-07-05,13,38
SEA,SEA202407060,2024-07-06,11,34
SEA,SEA202407070,2024-07-07,14,48
SEA,SDN202407090,2024-07-09,11,43
SEA,SDN202407100,2024-07-10,13,35
SEA,ANA202407110,2024-07-11,5,43
SEA,ANA202407120,2024-07-12,9,41
SEA,ANA202407130,2024-07-13,10,36
SEA,ANA202407140,2024-07-14,15,37
SEA,SEA202407190,2024-07-19,8,33
SEA,SEA202407200,2024-07-20,11,36
SEA,SEA202407210,2024-07-21,6,33
SEA,SEA202407220,2024-07-22,14,33
SEA,SEA202407230,2024-07-23,6,35
SEA,SEA202407240,2024-07-24,8,35
SEA,CHA202407260,2024-07-26,7,44
SEA,CHA202407270,2024-07-27,10,46
SEA,CHA202407280,2024-07-28,9,41
SEA,BOS202407290,2024-07-29,13,39
SEA,BOS202407300,2024-07-30,6,43
SEA,BOS202407310,2024-07-31,10,44
SEA,SEA202408020,2024-08-02,7,38
SEA,SEA202408030,2024-08-03,12,43
SEA,SEA202408040,2024-08-04,11,31
SEA,SEA202408060,2024-08-06,14,33
SEA,SEA202408070,2024-08-07,11,33
SEA,SEA202408080,2024-08-08,7,34
SEA,SEA202408090,2024-08-09,9,35
SEA,SEA202408100,2024-08-10,13,37
SEA,SEA202408110,2024-08-11,15,43
SEA,DET202408130,2024-08-13,12,32
SEA,DET202408140,2024-08-14,11,40
SEA,DET202408150,2024-08-15,8,35
SEA,PIT202408160,2024-08-16,10,36
SEA,PIT202408170,2024-08-17,14,39
SEA,PIT202408180,2024-08-18,7,45
SEA,LAN202408190,2024-08-19,12,30
SEA,LAN202408200,2024-08-20,5,37
SEA,LAN202408210,2024-08-21,9,40
SEA,SEA202408230,2024-08-23,14,45
SEA,SEA202408240,2024-08-24,12,40
SEA,SEA202408250,2024-08-25,8,35
SEA,SEA202408260,2024-08-26,8,34
SEA,SEA202408270,2024-08-27,17,35
SEA,SEA202408280,2024-08-28,7,32
SEA,ANA202408300,2024-08-30,7,46
SEA,ANA202408310,2024-08-31,6,43
SEA,ANA202409010,2024-09-01,8,35
SEA,OAK202409020,2024-09-02,11,38
SEA,OAK202409030,2024-09-03,10,32
SEA,OAK202409040,2024-09-04,6,48
SEA,OAK202409050,2024-09-05,8,42
SEA,SLN202409060,2024-09-06,5,44
SEA,SLN202409070,2024-09-07,13,37
SEA,SLN202409080,2024-09-08,13,45
SEA,SEA202409100,2024-09-10,9,38
SEA,SEA202409110,2024-09-11,7,34
SEA,SEA202409120,2024-09-12,16,38
SEA,SEA202409130,2024-09-13,7,39
SEA,SEA202409140,2024-09-14,8,40
SEA,SEA202409150,2024-09-15,6,41
SEA,SEA202409170,2024-09-17,9,40
SEA,SEA202409180,2024-09-18,14,40
SEA,SEA202409190,2024-09-19,9,38
SEA,TEX202409200,2024-09-20,10,43
SEA,TEX202409210,2024-09-21,10,47
SEA,TEX202409220,2024-09-22,7,38
SEA,HOU202409230,2024-09-23,9,42
SEA,HOU202409240,2024-09-24,8,38
SEA,HOU202409250,2024-09-25,13,41
SEA,SEA202409270,2024-09-27,6,31
SEA,SEA202409280,2024-09-28,8,45
SEA,SEA202409290,2024-09-29,8,36
SEA,SEA202503270,2025-03-27,7,35
SEA,SEA202503280,2025-03-28,13,34
SEA,SEA202503290,2025-03-29,12,38
SEA,SEA202503300,2025-03-30,9,28
SEA,SEA202503310,2025-03-31,9,41
SEA,SEA202504010,2025-04-01,7,32
SEA,SEA202504020,2025-04-02,9,32
SEA,SFN202504040,2025-04-04,8,56
SEA,SFN202504050,2025-04-05,5,36
SEA,SFN202504060,2025-04-06,6,42
SEA,SEA202504070,2025-04-07,6,30
SEA,SEA202504080,2025-04-08,19,44
SEA,SEA202504090,2025-04-09,6,40
SEA,SEA202504110,2025-04-11,8,33
SEA,SEA202504120,2025-04-12,7,37
SEA,SEA202504130,2025-04-13,7,32
SEA,CIN202504150,2025-04-15,12,39
SEA,CIN202504160,2025-04-16,8,41
SEA,CIN202504170,2025-04-17,9,51
SEA,TOR202504180,2025-04-18,7,32
SEA,TOR202504190,2025-04-19,11,53
SEA,TOR202504200,2025-04-20,18,42
SEA,BOS202504220,2025-04-22,5,39
SEA,BOS202504230,2025-04-23,12,45
SEA,BOS202504240,2025-04-24,13,43
SEA,SEA202504250,2025-04-25,6,35
SEA,SEA202504260,2025-04-26,6,46
SEA,SEA202504270,2025-04-27,11,40
SEA,SEA202504290,2025-04-29,6,35
SEA,SEA202504300,2025-04-30,6,39
SEA,TEX202505020,2025-05-02,3,48
SEA,TEX202505030,2025-05-03,3,37
SEA,TEX202505040,2025-05-04,5,33
SEA,ATH202505050,2025-05-05,9,46
SEA,ATH202505060,2025-05-06,11,43
SEA,ATH202505070,2025-05-07,7,41
SEA,SEA202505090,2025-05-09,11,39
SEA,SEA202505100,2025-05-10,10,34
SEA,SEA202505110,2025-05-11,7,30
SEA,SEA202505120,2025-05-12,10,36
SEA,SEA202505130,2025-05-13,13,37
SEA,SEA202505140,2025-05-14,15,36
SEA,SDN202505160,2025-05-16,9,38
SEA,SDN202505170,2025-05-17,11,36
SEA,SDN202505180,2025-05-18,12,41
SEA,CHA202505190,2025-05-19,5,38
SEA,CHA202505200,2025-05-20,6,34
SEA,CHA202505210,2025-05-21,8,42
SEA,HOU202505220,2025-05-22,15,41
SEA,HOU202505230,2025-05-23,10,39
SEA,HOU202505240,2025-05-24,11,36
SEA,HOU202505250,2025-05-25,10,40
SEA,SEA202505270,2025-05-27,8,41
SEA,SEA202505280,2025-05-28,4,31
SEA,SEA202505290,2025-05-29,11,40
SEA,SEA202505300,2025-05-30,8,39
SEA,SEA202505310,2025-05-31,9,44
SEA,SEA202506010,2025-06-01,11,32
SEA,SEA202506030,2025-06-03,8,33
SEA,SEA202506040,2025-06-04,11,34
SEA,SEA202506050,2025-06-05,12,36
SEA,ANA202506060,2025-06-06,5,37
SEA,ANA202506070,2025-06-07,8,42
SEA,ANA202506080,2025-06-08,11,41
SEA,ARI202506090,2025-06-09,12,45
SEA,ARI202506100,2025-06-10,7,42
SEA,ARI202506110,2025-06-11,7,35
SEA,SEA202506130,2025-06-13,3,44
SEA,SEA202506140,2025-06-14,8,40
SEA,SEA202506150,2025-06-15,6,36
SEA,SEA202506160,2025-06-16,15,34
SEA,SEA202506170,2025-06-17,6,38
SEA,SEA202506180,2025-06-18,10,33
SEA,CHN202506200,2025-06-20,11,43
SEA,CHN202506210,2025-06-21,8,43
SEA,CHN202506220,2025-06-22,3,47
SEA,MIN202506230,2025-06-23,10,40
SEA,MIN202506240,2025-06-24,8,40
SEA,MIN202506250,2025-06-25,11,32
SEA,MIN202506260,2025-06-26,9,35
SEA,TEX202506270,2025-06-27,6,54
SEA,TEX202506280,2025-06-28,9,37
SEA,TEX202506290,2025-06-29,12,54
SEA,SEA202506300,2025-06-30,3,38
SEA,SEA202507010,2025-07-01,7,34
SEA,SEA202507020,2025-07-02,7,34
SEA,SEA202507030,2025-07-03,11,39
SEA,SEA202507040,2025-07-04,6,31
SEA,SEA202507050,2025-07-05,9,35
SEA,SEA202507060,2025-07-06,13,31
SEA,NYA202507080,2025-07-08,6,37
SEA,NYA202507090,2025-07-09,14,36
SEA,NYA202507100,2025-07-10,8,42
SEA,DET202507110,2025-07-11,7,45
SEA,DET202507120,2025-07-12,10,50
SEA,DET202507130,2025-07-13,10,42
SEA,SEA202507180,2025-07-18,9,33
SEA,SEA202507190,2025-07-19,9,45
SEA,SEA202507200,2025-07-20,13,40
SEA,SEA202507210,2025-07-21,8,34
SEA,SEA202507220,2025-07-22,10,28
SEA,SEA202507230,2025-07-23,9,34
SEA,ANA202507240,2025-07-24,11,39
SEA,ANA202507250,2025-07-25,9,39
SEA,ANA202507260,2025-07-26,6,40
SEA,ANA202507270,2025-07-27,7,31
SEA,ATH202507280,2025-07-28,10,35
SEA,ATH202507290,2025-07-29,11,37
SEA,ATH202507300,2025-07-30,7,33
SEA,SEA202507310,2025-07-31,7,36
SEA,SEA202508010,2025-08-01,10,35
SEA,SEA202508020,2025-08-02,13,44
SEA,SEA202508030,2025-08-03,9,32
SEA,SEA202508050,2025-08-05,8,39
SEA,SEA202508060,2025-08-06,9,38
SEA,SEA202508070,2025-08-07,16,44
SEA,SEA202508080,2025-08-08,5,30
SEA,SEA202508090,2025-08-09,10,39
SEA,SEA202508100,2025-08-10,9,38
SEA,BAL202508120,2025-08-12,6,31
SEA,BAL202508130,2025-08-13,8,34
SEA,BAL202508140,2025-08-14,4,38
SEA,NYN202508150,2025-08-15,9,48
SEA,NYN202508160,2025-08-16,12,34
SEA,NYN202508170,2025-08-17,8,40
SEA,PHI202508180,2025-08-18,14,38
SEA,PHI202508190,2025-08-19,15,38
SEA,PHI202508200,2025-08-20,17,33
SEA,SEA202508220,2025-08-22,8,28
SEA,SEA202508230,2025-08-23,7,37
SEA,SEA202508240,2025-08-24,5,40
SEA,SEA202508250,2025-08-25,7,38
SEA,SEA202508260,2025-08-26,11,39
SEA,SEA202508270,2025-08-27,5,35
SEA,CLE202508290,2025-08-29,6,36
SEA,CLE202508300,2025-08-30,12,34
SEA,CLE202508310,2025-08-31,5,37
SEA,TBA202509010,2025-09-01,10,36
SEA,TBA202509020,2025-09-02,5,38
SEA,TBA202509030,2025-09-03,9,32
SEA,ATL202509050,2025-09-05,11,33
SEA,ATL202509060,2025-09-06,10,48
SEA,ATL202509070,2025-09-07,7,51
SEA,SEA202509080,2025-09-08,4,30
SEA,SEA202509090,2025-09-09,5,37
SEA,SEA202509100,2025-09-10,11,50
SEA,SEA202509110,2025-09-11,10,53
SEA,SEA202509120,2025-09-12,7,31
SEA,SEA202509130,2025-09-13,10,34
SEA,SEA202509140,2025-09-14,9,43
SEA,KCA202509160,2025-09-16,5,45
SEA,KCA202509170,2025-09-17,7,36
SEA,KCA202509180,2025-09-18,8,32
SEA,HOU202509190,2025-09-19,10,37
SEA,HOU202509200,2025-09-20,9,41
SEA,HOU202509210,2025-09-21,7,36
SEA,SEA202509230,2025-09-23,16,33
SEA,SEA202509240,2025-09-24,8,39
SEA,SEA202509250,2025-09-25,6,41
SEA,SEA202509260,2025-09-26,12,41
SEA,SEA202509270,2025-09-27,15,37
SEA,SEA202509280,2025-09-28,14,34
SFN,SDN202403280,2024-03-28,10,35
SFN,SDN202403290,2024-03-29,7,42
SFN,SDN202403300,2024-03-30,10,40
SFN,SDN202403310,2024-03-31,9,40
SFN,LAN202404010,2024-04-01,8,40
SFN,LAN202404020,2024-04-02,7,38
SFN,LAN202404030,2024-04-03,12,34
SFN,SFN202404050,2024-04-05,8,33
SFN,SFN202404060,2024-04-06,5,34
SFN,SFN202404070,2024-04-07,6,33
SFN,SFN202404080,2024-04-08,7,35
SFN,SFN202404090,2024-04-09,6,41
SFN,SFN202404100,2024-04-10,3,34
SFN,TBA202404120,2024-04-12,10,37
SFN,TBA202404130,2024-04-13,9,45
SFN,TBA202404140,2024-04-14,9,37
SFN,MIA202404150,2024-04-15,12,38
SFN,MIA202404160,2024-04-16,13,38
SFN,MIA202404170,2024-04-17,10,37
SFN,SFN202404180,2024-04-18,4,35
SFN,SFN202404190,2024-04-19,5,34
SFN,SFN202404200,2024-04-20,8,41
SFN,SFN202404210,2024-04-21,4,35
SFN,SFN202404220,2024-04-22,7,36
SFN,SFN202404230,2024-04-23,7,33
SFN,SFN202404240,2024-04-24,13,40
SFN,SFN202404260,2024-04-26,7,33
SFN,SFN202404270,2024-04-27,8,37
SFN,SFN202404280,2024-04-28,8,31
SFN,BOS202404300,2024-04-30,10,32
SFN,BOS202405010,2024-05-01,8,33
SFN,BOS202405020,2024-05-02,2,34
SFN,PHI202405030,2024-05-03,11,38
SFN,PHI202405040,2024-05-04,8,40
SFN,PHI202405050,2024-05-05,11,37
SFN,PHI202405060,2024-05-06,13,33
SFN,COL202405070,2024-05-07,8,41
SFN,COL202405080,2024-05-08,6,41
SFN,COL202405090,2024-05-09,7,35
SFN,SFN202405100,2024-05-10,6,36
SFN,SFN202405110,2024-05-11,9,34
SFN,SFN202405120,2024-05-12,8,44
SFN,SFN202405130,2024-05-13,13,38
SFN,SFN202405140,2024-05-14,3,38
SFN,SFN202405150,2024-05-15,6,34
SFN,SFN202405170,2024-05-17,5,44
SFN,SFN202405180,2024-05-18,7,45
SFN,SFN202405190,2024-05-19,5,37
SFN,PIT202405210,2024-05-21,7,45
SFN,PIT202405220,2024-05-22,12,48
SFN,PIT202405230,2024-05-23,6,40
SFN,NYN202405240,2024-05-24,6,37
SFN,NYN202405250,2024-05-25,9,43
SFN,NYN202405260,2024-05-26,8,35
SFN,SFN202405270,2024-05-27,7,40
SFN,SFN202405280,2024-05-28,13,37
SFN,SFN202405290,2024-05-29,8,35
SFN,SFN202405310,2024-05-31,3,32
SFN,SFN202406010,2024-06-01,12,35
SFN,SFN202406020,2024-06-02,10,40
SFN,ARI202406030,2024-06-03,2,33
SFN,ARI202406040,2024-06-04,9,41
SFN,ARI202406050,2024-06-05,7,52
SFN,TEX202406070,2024-06-07,9,43
SFN,TEX202406080,2024-06-08,11,37
SFN,TEX202406090,2024-06-09,9,33
SFN,SFN202406100,2024-06-10,7,42
SFN,SFN202406110,2024-06-11,12,32
SFN,SFN202406120,2024-06-12,7,38
SFN,SFN202406140,2024-06-14,7,43
SFN,SFN202406150,2024-06-15,10,38
SFN,SFN202406160,2024-06-16,5,47
SFN,CHN202406170,2024-06-17,11,46
SFN,CHN202406180,2024-06-18,12,33
SFN,CHN202406190,2024-06-19,11,39
SFN,SLN202406200,2024-06-20,8,40
SFN,SLN202406220,2024-06-22,5,38
SFN,SLN202406230,2024-06-23,10,32
SFN,SFN202406240,2024-06-24,10,39
SFN,SFN202406250,2024-06-25,5,33
SFN,SFN202406260,2024-06-26,12,31
SFN,SFN202406270,2024-06-27,10,39
SFN,SFN202406280,2024-06-28,7,35
SFN,SFN202406290,2024-06-29,9,53
SFN,SFN202406300,2024-06-30,5,42
SFN,ATL202407020,2024-07-02,9,41
SFN,ATL202407030,2024-07-03,12,33
SFN,ATL202407040,2024-07-04,10,37
SFN,CLE202407050,2024-07-05,14,37
SFN,CLE202407060,2024-07-06,14,41
SFN,CLE202407070,2024-07-07,6,35
SFN,SFN202407090,2024-07-09,14,36
SFN,SFN202407100,2024-07-10,9,42
SFN,SFN202407110,2024-07-11,4,34
SFN,SFN202407120,2024-07-12,7,38
SFN,SFN202407130,2024-07-13,10,35
SFN,SFN202407140,2024-07-14,11,34
SFN,COL202407190,2024-07-19,10,38
SFN,COL202407200,2024-07-20,9,33
SFN,COL202407210,2024-07-21,6,33
SFN,LAN202407220,2024-07-22,10,36
SFN,LAN202407230,2024-07-23,8,38
SFN,LAN202407240,2024-07-24,10,44
SFN,LAN202407250,2024-07-25,16,41
SFN,SFN202407260,2024-07-26,10,43
SFN,SFN202407271,2024-07-27,8,36
SFN,SFN202407272,2024-07-27,6,33
SFN,SFN202407280,2024-07-28,11,41
SFN,SFN202407300,2024-07-30,12,33
SFN,SFN202407310,2024-07-31,3,30
SFN,CIN202408020,2024-08-02,14,37
SFN,CIN202408030,2024-08-03,13,34
SFN,CIN202408040,2024-08-04,11,41
SFN,WAS202408050,2024-08-05,10,36
SFN,WAS202408060,2024-08-06,10,40
SFN,WAS202408070,2024-08-07,4,38
SFN,WAS202408080,2024-08-08,13,50
SFN,SFN202408090,2024-08-09,7,34
SFN,SFN202408100,2024-08-10,9,36
SFN,SFN202408110,2024-08-11,3,39
SFN,SFN202408120,2024-08-12,17,35
SFN,SFN202408130,2024-08-13,10,39
SFN,SFN202408140,2024-08-14,7,37
SFN,SFN202408150,2024-08-15,9,37
SFN,OAK202408170,2024-08-17,10,35
SFN,OAK202408180,2024-08-18,15,36
SFN,SFN202408190,2024-08-19,6,35
SFN,SFN202408200,2024-08-20,9,37
SFN,SFN202408210,2024-08-21,12,33
SFN,SEA202408230,2024-08-23,18,40
SFN,SEA202408240,2024-08-24,5,42
SFN,SEA202408250,2024-08-25,11,36
SFN,MIL202408270,2024-08-27,8,35
SFN,MIL202408280,2024-08-28,12,35
SFN,MIL202408290,2024-08-29,10,31
SFN,SFN202408300,2024-08-30,11,33
SFN,SFN202408310,2024-08-31,7,36
SFN,SFN202409010,2024-09-01,11,37
SFN,SFN202409030,2024-09-03,15,42
SFN,SFN202409040,2024-09-04,14,35
SFN,SFN202409050,2024-09-05,9,34
SFN,SDN202409060,2024-09-06,11,34
SFN,SDN202409070,2024-09-07,6,37
SFN,SDN202409080,2024-09-08,14,38
SFN,SFN202409100,2024-09-10,6,33
SFN,SFN202409110,2024-09-11,6,43
SFN,SFN202409120,2024-09-12,15,35
SFN,SFN202409130,2024-09-13,12,32
SFN,SFN202409140,2024-09-14,10,33
SFN,SFN202409150,2024-09-15,6,35
SFN,BAL202409170,2024-09-17,11,42
SFN,BAL202409180,2024-09-18,10,37
SFN,BAL202409190,2024-09-19,9,37
SFN,KCA202409200,2024-09-20,11,35
SFN,KCA202409210,2024-09-21,10,38
SFN,KCA202409220,2024-09-22,8,32
SFN,ARI202409230,2024-09-23,14,40
SFN,ARI202409240,2024-09-24,7,45
SFN,ARI202409250,2024-09-25,17,35
SFN,SFN202409270,2024-09-27,8,39
SFN,SFN202409280,2024-09-28,7,36
SFN,SFN202409290,2024-09-29,6,33
SFN,CIN202503270,2025-03-27,17,35
SFN,CIN202503290,2025-03-29,1,33
SFN,CIN202503300,2025-03-30,7,37
SFN,HOU202503310,2025-03-31,10,41
SFN,HOU202504010,2025-04-01,13,37
SFN,HOU202504020,2025-04-02,16,38
SFN,SFN202504040,2025-04-04,12,56
SFN,SFN202504050,2025-04-05,5,35
SFN,SFN202504060,2025-04-06,9,36
SFN,SFN202504070,2025-04-07,7,32
SFN,SFN202504080,2025-04-08,5,32
SFN,SFN202504090,2025-04-09,8,42
SFN,NYA202504110,2025-04-11,7,33
SFN,NYA202504120,2025-04-12,12,41
SFN,NYA202504130,2025-04-13,14,37
SFN,PHI202504140,2025-04-14,11,41
SFN,PHI202504150,2025-04-15,8,36
SFN,PHI202504160,2025-04-16,10,48
SFN,PHI202504170,2025-04-17,14,36
SFN,ANA202504180,2025-04-18,8,34
SFN,ANA202504190,2025-04-19,3,34
SFN,ANA202504200,2025-04-20,9,42
SFN,SFN202504210,2025-04-21,6,35
SFN,SFN202504220,2025-04-22,4,39
SFN,SFN202504230,2025-04-23,7,35
SFN,SFN202504240,2025-04-24,4,40
SFN,SFN202504250,2025-04-25,13,32
SFN,SFN202504260,2025-04-26,4,36
SFN,SFN202504270,2025-04-27,4,33
SFN,SDN202504290,2025-04-29,14,35
SFN,SDN202504300,2025-04-30,12,35
SFN,SFN202505010,2025-05-01,5,36
SFN,SFN202505020,2025-05-02,5,32
SFN,SFN202505030,2025-05-03,7,33
SFN,SFN202505040,2025-05-04,7,38
SFN,CHN202505050,2025-05-05,10,34
SFN,CHN202505060,2025-05-06,7,54
SFN,CHN202505070,2025-05-07,11,39
SFN,MIN202505090,2025-05-09,8,30
SFN,MIN202505100,2025-05-10,9,29
SFN,MIN202505110,2025-05-11,10,43
SFN,SFN202505120,2025-05-12,10,34
SFN,SFN202505130,2025-05-13,6,43
SFN,SFN202505140,2025-05-14,12,45
SFN,SFN202505160,2025-05-16,8,42
SFN,SFN202505170,2025-05-17,10,38
SFN,SFN202505180,2025-05-18,5,30
SFN,SFN202505190,2025-05-19,7,35
SFN,SFN202505200,2025-05-20,8,35
SFN,SFN202505210,2025-05-21,7,41
SFN,WAS202505230,2025-05-23,13,37
SFN,WAS202505240,2025-05-24,8,32
SFN,WAS202505250,2025-05-25,4,35
SFN,DET202505260,2025-05-26,4,34
SFN,DET202505270,2025-05-27,10,33
SFN,DET202505280,2025-05-28,8,40
SFN,MIA202505300,2025-05-30,12,39
SFN,MIA202505310,2025-05-31,8,38
SFN,MIA202506010,2025-06-01,8,37
SFN,SFN202506020,2025-06-02,10,41
SFN,SFN202506030,2025-06-03,4,38
SFN,SFN202506040,2025-06-04,6,34
SFN,SFN202506050,2025-06-05,11,34
SFN,SFN202506060,2025-06-06,7,38
SFN,SFN202506070,2025-06-07,13,31
SFN,SFN202506080,2025-06-08,6,31
SFN,COL202506100,2025-06-10,10,42
SFN,COL202506110,2025-06-11,7,44
SFN,COL202506120,2025-06-12,9,43
SFN,LAN202506130,2025-06-13,9,41
SFN,LAN202506140,2025-06-14,8,37
SFN,LAN202506150,2025-06-15,8,40
SFN,SFN202506170,2025-06-17,10,42
SFN,SFN202506180,2025-06-18,7,36
SFN,SFN202506190,2025-06-19,7,32
SFN,SFN202506200,2025-06-20,8,40
SFN,SFN202506210,2025-06-21,7,30
SFN,SFN202506220,2025-06-22,5,37
SFN,SFN202506240,2025-06-24,10,34
SFN,SFN202506250,2025-06-25,7,40
SFN,SFN202506260,2025-06-26,7,40
SFN,CHA202506270,2025-06-27,8,38
SFN,CHA202506280,2025-06-28,7,31
SFN,CHA202506290,2025-06-29,11,40
SFN,ARI202506300,2025-06-30,10,33
SFN,ARI202507010,2025-07-01,12,32
SFN,ARI202507020,2025-07-02,5,44
SFN,ARI202507030,2025-07-03,11,40
SFN,ATH202507040,2025-07-04,11,36
SFN,ATH202507050,2025-07-05,6,43
SFN,ATH202507060,2025-07-06,13,42
SFN,SFN202507070,2025-07-07,9,36
SFN,SFN202507080,2025-07-08,8,36
SFN,SFN202507090,2025-07-09,8,32
SFN,SFN202507110,2025-07-11,7,38
SFN,SFN202507120,2025-07-12,9,34
SFN,SFN202507130,2025-07-13,11,42
SFN,TOR202507180,2025-07-18,12,36
SFN,TOR202507190,2025-07-19,9,30
SFN,TOR202507200,2025-07-20,9,38
SFN,ATL202507210,2025-07-21,3,42
SFN,ATL202507220,2025-07-22,6,41
SFN,ATL202507230,2025-07-23,12,43
SFN,SFN202507250,2025-07-25,9,36
SFN,SFN202507260,2025-07-26,7,36
SFN,SFN202507270,2025-07-27,9,41
SFN,SFN202507280,2025-07-28,8,44
SFN,SFN202507290,2025-07-29,4,31
SFN,SFN202507300,2025-07-30,10,37
SFN,NYN202508010,2025-08-01,11,44
SFN,NYN202508020,2025-08-02,8,40
SFN,NYN202508030,2025-08-03,9,44
SFN,PIT202508040,2025-08-04,11,39
SFN,PIT202508050,2025-08-05,8,42
SFN,PIT202508060,2025-08-06,4,38
SFN,SFN202508080,2025-08-08,4,37
SFN,SFN202508090,2025-08-09,8,36
SFN,SFN202508100,2025-08-10,15,31
SFN,SFN202508110,2025-08-11,10,31
SFN,SFN202508120,2025-08-12,11,39
SFN,SFN202508130,2025-08-13,7,33
SFN,SFN202508150,2025-08-15,10,41
SFN,SFN202508160,2025-08-16,14,35
SFN,SFN202508170,2025-08-17,11,36
SFN,SDN202508180,2025-08-18,10,40
SFN,SDN202508190,2025-08-19,12,34
SFN,SDN202508200,2025-08-20,6,34
SFN,SDN202508210,2025-08-21,11,36
SFN,MIL202508220,2025-08-22,7,36
SFN,MIL202508230,2025-08-23,10,44
SFN,MIL202508240,2025-08-24,14,39
SFN,SFN202508260,2025-08-26,10,33
SFN,SFN202508270,2025-08-27,4,41
SFN,SFN202508280,2025-08-28,6,34
SFN,SFN202508290,2025-08-29,8,47
SFN,SFN202508300,2025-08-30,7,34
SFN,SFN202508310,2025-08-31,6,46
SFN,COL202509010,2025-09-01,6,41
SFN,COL202509020,2025-09-02,8,42
SFN,COL202509030,2025-09-03,6,42
SFN,SLN202509050,2025-09-05,9,46
SFN,SLN202509060,2025-09-06,5,35
SFN,SLN202509070,2025-09-07,11,36
SFN,SFN202509080,2025-09-08,6,38
SFN,SFN202509090,2025-09-09,5,31
SFN,SFN202509100,2025-09-10,7,35
SFN,SFN202509120,2025-09-12,13,35
SFN,SFN202509130,2025-09-13,12,42
SFN,SFN202509140,2025-09-14,4,37
SFN,ARI202509150,2025-09-15,10,31
SFN,ARI202509160,2025-09-16,3,35
SFN,ARI202509170,2025-09-17,11,39
SFN,LAN202509180,2025-09-18,14,37
SFN,LAN202509190,2025-09-19,14,40
SFN,LAN202509200,2025-09-20,12,40
SFN,LAN202509210,2025-09-21,10,36
SFN,SFN202509220,2025-09-22,5,37
SFN,SFN202509230,2025-09-23,10,41
SFN,SFN202509240,2025-09-24,9,39
SFN,SFN202509260,2025-09-26,4,40
SFN,SFN202509270,2025-09-27,7,30
SFN,SFN202509280,2025-09-28,6,34
SLN,LAN202403280,2024-03-28,6,32
SLN,LAN202403290,2024-03-29,14,36
SLN,LAN202403300,2024-03-30,10,41
SLN,LAN202403310,2024-03-31,13,40
SLN,SDN202404010,2024-04-01,13,45
SLN,SDN202404020,2024-04-02,7,37
SLN,SDN202404030,2024-04-03,11,36
SLN,SLN202404040,2024-04-04,9,40
SLN,SLN202404060,2024-04-06,3,35
SLN,SLN202404070,2024-04-07,9,34
SLN,SLN202404080,2024-04-08,11,40
SLN,SLN202404090,2024-04-09,6,33
SLN,SLN202404100,2024-04-10,4,35
SLN,ARI202404120,2024-04-12,8,43
SLN,ARI202404130,2024-04-13,5,38
SLN,ARI202404140,2024-04-14,8,33
SLN,OAK202404150,2024-04-15,7,37
SLN,OAK202404160,2024-04-16,7,37
SLN,OAK202404170,2024-04-17,12,37
SLN,SLN202404190,2024-04-19,11,42
SLN,SLN202404200,2024-04-20,7,41
SLN,SLN202404210,2024-04-21,8,37
SLN,SLN202404220,2024-04-22,5,33
SLN,SLN202404230,2024-04-23,8,35
SLN,SLN202404240,2024-04-24,4,35
SLN,NYN202404260,2024-04-26,10,36
SLN,NYN202404270,2024-04-27,9,41
SLN,NYN202404280,2024-04-28,7,39
SLN,DET202404301,2024-04-30,15,35
SLN,DET202404302,2024-04-30,11,43
SLN,DET202405010,2024-05-01,8,33
SLN,SLN202405030,2024-05-03,7,34
SLN,SLN202405040,2024-05-04,9,44
SLN,SLN202405050,2024-05-05,11,31
SLN,SLN202405060,2024-05-06,4,35
SLN,SLN202405070,2024-05-07,11,42
SLN,MIL202405090,2024-05-09,12,38
SLN,MIL202405100,2024-05-10,4,33
SLN,MIL202405110,2024-05-11,11,40
SLN,MIL202405120,2024-05-12,5,44
SLN,ANA202405130,2024-05-13,9,46
SLN,ANA202405140,2024-05-14,14,43
SLN,ANA202405150,2024-05-15,10,40
SLN,SLN202405170,2024-05-17,6,41
SLN,SLN202405180,2024-05-18,7,39
SLN,SLN202405190,2024-05-19,15,33
SLN,SLN202405200,2024-05-20,6,39
SLN,SLN202405210,2024-05-21,8,32
SLN,SLN202405220,2024-05-22,3,35
SLN,SLN202405250,2024-05-25,7,39
SLN,SLN202405260,2024-05-26,11,37
SLN,CIN202405270,2024-05-27,12,32
SLN,CIN202405280,2024-05-28,5,42
SLN,CIN202405290,2024-05-29,7,41
SLN,PHI202405310,2024-05-31,9,32
SLN,PHI202406010,2024-06-01,13,33
SLN,PHI202406020,2024-06-02,9,42
SLN,HOU202406030,2024-06-03,9,38
SLN,HOU202406040,2024-06-04,7,43
SLN,HOU202406050,2024-06-05,4,34
SLN,SLN202406060,2024-06-06,5,40
SLN,SLN202406070,2024-06-07,6,38
SLN,SLN202406080,2024-06-08,12,35
SLN,SLN202406090,2024-06-09,6,37
SLN,SLN202406110,2024-06-11,10,36
SLN,SLN202406120,2024-06-12,13,35
SLN,SLN202406130,2024-06-13,6,34
SLN,CHN202406140,2024-06-14,7,36
SLN,CHN202406150,2024-06-15,8,32
SLN,CHN202406160,2024-06-16,6,38
SLN,MIA202406170,2024-06-17,11,49
SLN,MIA202406180,2024-06-18,8,45
SLN,MIA202406190,2024-06-19,12,38
SLN,SLN202406200,2024-06-20,11,33
SLN,SLN202406220,2024-06-22,8,40
SLN,SLN202406230,2024-06-23,10,36
SLN,SLN202406240,2024-06-24,9,33
SLN,SLN202406261,2024-06-26,8,37
SLN,SLN202406262,2024-06-26,6,33
SLN,SLN202406270,2024-06-27,5,39
SLN,SLN202406280,2024-06-28,5,31
SLN,SLN202406290,2024-06-29,9,38
SLN,SLN202406300,2024-06-30,10,35
SLN,PIT202407020,2024-07-02,12,43
SLN,PIT202407030,2024-07-03,12,41
SLN,PIT202407040,2024-07-04,6,39
SLN,WAS202407050,2024-07-05,4,49
SLN,WAS202407060,2024-07-06,9,45
SLN,WAS202407070,2024-07-07,8,44
SLN,WAS202407080,2024-07-08,9,40
SLN,SLN202407102,2024-07-10,7,38
SLN,SLN202407101,2024-07-10,11,34
SLN,SLN202407120,2024-07-12,6,34
SLN,SLN202407131,2024-07-13,9,41
SLN,SLN202407132,2024-07-13,7,35
SLN,SLN202407140,2024-07-14,5,35
SLN,ATL202407202,2024-07-20,14,42
SLN,ATL202407201,2024-07-20,8,38
SLN,ATL202407210,2024-07-21,11,38
SLN,PIT202407220,2024-07-22,5,35
SLN,PIT202407230,2024-07-23,9,31
SLN,PIT202407240,2024-07-24,4,38
SLN,SLN202407260,2024-07-26,6,42
SLN,SLN202407270,2024-07-27,8,38
SLN,SLN202407280,2024-07-28,9,32
SLN,SLN202407290,2024-07-29,5,34
SLN,SLN202407300,2024-07-30,7,37
SLN,SLN202407310,2024-07-31,6,40
SLN,CHN202408010,2024-08-01,9,39
SLN,CHN202408020,2024-08-02,8,39
SLN,CHN202408030,2024-08-03,6,38
SLN,CHN202408040,2024-08-04,6,34
SLN,SLN202408050,2024-08-05,12,34
SLN,SLN202408060,2024-08-06,5,34
SLN,SLN202408070,2024-08-07,6,36
SLN,SLN202408080,2024-08-08,5,39
SLN,KCA202408090,2024-08-09,7,45
SLN,KCA202408100,2024-08-10,10,38
SLN,CIN202408120,2024-08-12,9,35
SLN,CIN202408130,2024-08-13,11,33
SLN,CIN202408140,2024-08-14,7,37
SLN,SLN202408160,2024-08-16,8,38
SLN,SLN202408170,2024-08-17,1,36
SLN,SLN202408180,2024-08-18,3,31
SLN,SLN202408200,2024-08-20,8,35
SLN,SLN202408210,2024-08-21,11,50
SLN,SLN202408220,2024-08-22,3,39
SLN,MIN202408230,2024-08-23,8,43
SLN,MIN202408240,2024-08-24,13,34
SLN,MIN202408250,2024-08-25,13,36
SLN,SLN202408260,2024-08-26,3,39
SLN,SLN202408270,2024-08-27,8,42
SLN,SLN202408280,2024-08-28,7,39
SLN,SLN202408290,2024-08-29,6,39
SLN,NYA202408300,2024-08-30,6,34
SLN,NYA202408310,2024-08-31,7,36
SLN,NYA202409010,2024-09-01,6,48
SLN,MIL202409020,2024-09-02,9,37
SLN,MIL202409030,2024-09-03,13,48
SLN,MIL202409040,2024-09-04,13,42
SLN,SLN202409060,2024-09-06,6,34
SLN,SLN202409070,2024-09-07,10,27
SLN,SLN202409080,2024-09-08,10,38
SLN,SLN202409100,2024-09-10,9,35
SLN,SLN202409110,2024-09-11,10,33
SLN,SLN202409120,2024-09-12,7,38
SLN,TOR202409130,2024-09-13,6,46
SLN,TOR202409140,2024-09-14,5,32
SLN,TOR202409150,2024-09-15,5,35
SLN,SLN202409160,2024-09-16,8,35
SLN,SLN202409170,2024-09-17,6,32
SLN,SLN202409180,2024-09-18,8,43
SLN,SLN202409190,2024-09-19,9,35
SLN,SLN202409200,2024-09-20,5,35
SLN,SLN202409210,2024-09-21,10,36
SLN,SLN202409220,2024-09-22,4,33
SLN,COL202409240,2024-09-24,10,41
SLN,COL202409250,2024-09-25,7,38
SLN,COL202409260,2024-09-26,9,41
SLN,SFN202409270,2024-09-27,5,43
SLN,SFN202409280,2024-09-28,9,46
SLN,SFN202409290,2024-09-29,14,39
SLN,SLN202503270,2025-03-27,5,35
SLN,SLN202503290,2025-03-29,10,40
SLN,SLN202503300,2025-03-30,4,38
SLN,SLN202503310,2025-03-31,9,45
SLN,SLN202504010,2025-04-01,9,47
SLN,SLN202504020,2025-04-02,9,43
SLN,BOS202504040,2025-04-04,9,42
SLN,BOS202504061,2025-04-06,12,47
SLN,BOS202504062,2025-04-06,6,43
SLN,PIT202504070,2025-04-07,11,38
SLN,PIT202504080,2025-04-08,10,37
SLN,PIT202504090,2025-04-09,10,47
SLN,SLN202504110,2025-04-11,10,37
SLN,SLN202504120,2025-04-12,5,34
SLN,SLN202504130,2025-04-13,6,35
SLN,SLN202504140,2025-04-14,8,39
SLN,SLN202504150,2025-04-15,5,33
SLN,SLN202504160,2025-04-16,2,37
SLN,NYN202504170,2025-04-17,11,34
SLN,NYN202504180,2025-04-18,15,35
SLN,NYN202504190,2025-04-19,6,35
SLN,NYN202504200,2025-04-20,11,38
SLN,ATL202504210,2025-04-21,6,40
SLN,ATL202504220,2025-04-22,8,47
SLN,ATL202504230,2025-04-23,5,37
SLN,SLN202504250,2025-04-25,4,32
SLN,SLN202504260,2025-04-26,6,40
SLN,SLN202504270,2025-04-27,9,39
SLN,CIN202504280,2025-04-28,7,31
SLN,CIN202504302,2025-04-30,7,38
SLN,CIN202504301,2025-04-30,5,40
SLN,CIN202505010,2025-05-01,9,33
SLN,SLN202505020,2025-05-02,5,35
SLN,SLN202505042,2025-05-04,9,38
SLN,SLN202505041,2025-05-04,5,41
SLN,SLN202505050,2025-05-05,5,37
SLN,SLN202505060,2025-05-06,8,31
SLN,SLN202505070,2025-05-07,9,35
SLN,WAS202505090,2025-05-09,9,47
SLN,WAS202505100,2025-05-10,5,38
SLN,WAS202505110,2025-05-11,10,39
SLN,PHI202505120,2025-05-12,10,36
SLN,PHI202505141,2025-05-14,10,35
SLN,PHI202505142,2025-05-14,6,49
SLN,KCA202505160,2025-05-16,8,41
SLN,KCA202505170,2025-05-17,4,29
SLN,KCA202505180,2025-05-18,7,41
SLN,SLN202505190,2025-05-19,3,42
SLN,SLN202505200,2025-05-20,10,38
SLN,SLN202505210,2025-05-21,9,33
SLN,SLN202505230,2025-05-23,5,31
SLN,SLN202505240,2025-05-24,8,35
SLN,SLN202505250,2025-05-25,7,33
SLN,BAL202505260,2025-05-26,10,33
SLN,BAL202505270,2025-05-27,9,42
SLN,BAL202505280,2025-05-28,16,43
SLN,TEX202505300,2025-05-30,10,34
SLN,TEX202505310,2025-05-31,5,36
SLN,TEX202506010,2025-06-01,6,34
SLN,SLN202506030,2025-06-03,8,44
SLN,SLN202506052,2025-06-05,13,39
SLN,SLN202506051,2025-06-05,3,40
SLN,SLN202506060,2025-06-06,6,33
SLN,SLN202506070,2025-06-07,11,36
SLN,SLN202506080,2025-06-08,8,39
SLN,SLN202506090,2025-06-09,7,39
SLN,SLN202506100,2025-06-10,4,41
SLN,SLN202506110,2025-06-11,11,37
SLN,MIL202506120,2025-06-12,7,32
SLN,MIL202506130,2025-06-13,11,37
SLN,MIL202506140,2025-06-14,8,42
SLN,MIL202506150,2025-06-15,8,36
SLN,CHA202506170,2025-06-17,5,47
SLN,CHA202506192,2025-06-19,11,42
SLN,CHA202506191,2025-06-19,11,42
SLN,SLN202506200,2025-06-20,11,39
SLN,SLN202506210,2025-06-21,9,44
SLN,SLN202506220,2025-06-22,3,32
SLN,SLN202506230,2025-06-23,4,35
SLN,SLN202506240,2025-06-24,5,35
SLN,SLN202506250,2025-06-25,4,32
SLN,SLN202506260,2025-06-26,7,34
SLN,CLE202506270,2025-06-27,8,37
SLN,CLE202506280,2025-06-28,8,43
SLN,CLE202506290,2025-06-29,10,39
SLN,PIT202506300,2025-06-30,8,30
SLN,PIT202507010,2025-07-01,8,37
SLN,PIT202507020,2025-07-02,8,37
SLN,CHN202507040,2025-07-04,7,36
SLN,CHN202507050,2025-07-05,8,40
SLN,CHN202507060,2025-07-06,11,33
SLN,SLN202507080,2025-07-08,4,33
SLN,SLN202507090,2025-07-09,11,36
SLN,SLN202507100,2025-07-10,8,37
SLN,SLN202507110,2025-07-11,3,40
SLN,SLN202507120,2025-07-12,12,38
SLN,SLN202507130,2025-07-13,9,36
SLN,ARI202507180,2025-07-18,6,38
SLN,ARI202507190,2025-07-19,7,35
SLN,ARI202507200,2025-07-20,9,36
SLN,COL202507210,2025-07-21,11,43
SLN,COL202507220,2025-07-22,1,40
SLN,COL202507230,2025-07-23,5,34
SLN,SLN202507240,2025-07-24,6,39
SLN,SLN202507250,2025-07-25,4,32
SLN,SLN202507260,2025-07-26,5,33
SLN,SLN202507270,2025-07-27,5,36
SLN,SLN202507280,2025-07-28,7,38
SLN,SLN202507290,2025-07-29,10,34
SLN,SLN202507300,2025-07-30,9,35
SLN,SDN202508010,2025-08-01,6,29
SLN,SDN202508020,2025-08-02,10,41
SLN,SDN202508030,2025-08-03,16,37
SLN,LAN202508040,2025-08-04,9,36
SLN,LAN202508050,2025-08-05,6,40
SLN,LAN202508060,2025-08-06,14,43
SLN,SLN202508080,2025-08-08,5,36
SLN,SLN202508090,2025-08-09,10,37
SLN,SLN202508100,2025-08-10,11,28
SLN,SLN202508110,2025-08-11,7,36
SLN,SLN202508120,2025-08-12,5,33
SLN,SLN202508130,2025-08-13,6,37
SLN,SLN202508150,2025-08-15,10,35
SLN,SLN202508160,2025-08-16,12,39
SLN,SLN202508170,2025-08-17,6,38
SLN,MIA202508180,2025-08-18,9,44
SLN,MIA202508190,2025-08-19,9,43
SLN,MIA202508200,2025-08-20,13,35
SLN,TBA202508210,2025-08-21,8,40
SLN,TBA202508220,2025-08-22,6,39
SLN,TBA202508240,2025-08-24,8,35
SLN,SLN202508250,2025-08-25,11,39
SLN,SLN202508260,2025-08-26,13,33
SLN,SLN202508270,2025-08-27,9,35
SLN,SLN202508280,2025-08-28,7,33
SLN,CIN202508290,2025-08-29,6,42
SLN,CIN202508300,2025-08-30,12,40
SLN,CIN202508310,2025-08-31,15,36
SLN,SLN202509010,2025-09-01,12,37
SLN,SLN202509020,2025-09-02,5,28
SLN,SLN202509030,2025-09-03,5,32
SLN,SLN202509050,2025-09-05,7,34
SLN,SLN202509060,2025-09-06,7,34
SLN,SLN202509070,2025-09-07,13,36
SLN,SEA202509080,2025-09-08,14,31
SLN,SEA202509090,2025-09-09,9,37
SLN,SEA202509100,2025-09-10,14,50
SLN,MIL202509120,2025-09-12,9,39
SLN,MIL202509130,2025-09-13,6,48
SLN,MIL202509140,2025-09-14,12,38
SLN,SLN202509150,2025-09-15,8,38
SLN,SLN202509160,2025-09-16,9,33
SLN,SLN202509170,2025-09-17,11,35
SLN,SLN202509190,2025-09-19,6,40
SLN,SLN202509200,2025-09-20,7,38
SLN,SLN202509210,2025-09-21,4,35
SLN,SFN202509220,2025-09-22,9,42
SLN,SFN202509230,2025-09-23,8,42
SLN,SFN202509240,2025-09-24,10,36
SLN,CHN202509260,2025-09-26,14,34
SLN,CHN202509270,2025-09-27,13,36
SLN,CHN202509280,2025-09-28,10,33
TBA,TBA202403280,2024-03-28,11,35
TBA,TBA202403290,2024-03-29,7,38
TBA,TBA202403300,2024-03-30,6,38
TBA,TBA202403310,2024-03-31,6,34
TBA,TBA202404010,2024-04-01,12,37
TBA,TBA202404020,2024-04-02,9,34
TBA,TBA202404030,2024-04-03,9,35
TBA,COL202404050,2024-04-05,13,45
TBA,COL202404060,2024-04-06,12,41
TBA,COL202404070,2024-04-07,6,37
TBA,ANA202404080,2024-04-08,3,33
TBA,ANA202404090,2024-04-09,9,42
TBA,ANA202404100,2024-04-10,12,33
TBA,TBA202404120,2024-04-12,9,34
TBA,TBA202404130,2024-04-13,7,36
TBA,TBA202404140,2024-04-14,6,36
TBA,TBA202404150,2024-04-15,6,35
TBA,TBA202404160,2024-04-16,12,51
TBA,TBA202404170,2024-04-17,8,37
TBA,TBA202404180,2024-04-18,7,30
TBA,NYA202404190,2024-04-19,8,39
TBA,NYA202404200,2024-04-20,14,38
TBA,NYA202404210,2024-04-21,12,39
TBA,TBA202404220,2024-04-22,12,34
TBA,TBA202404230,2024-04-23,8,36
TBA,TBA202404240,2024-04-24,11,34
TBA,CHA202404260,2024-04-26,7,43
TBA,CHA202404270,2024-04-27,9,47
TBA,CHA202404280,2024-04-28,9,34
TBA,MIL202404290,2024-04-29,10,33
TBA,MIL202404300,2024-04-30,13,33
TBA,MIL202405010,2024-05-01,7,37
TBA,TBA202405030,2024-05-03,7,41
TBA,TBA202405040,2024-05-04,9,34
TBA,TBA202405050,2024-05-05,11,44
TBA,TBA202405060,2024-05-06,3,41
TBA,TBA202405070,2024-05-07,4,35
TBA,TBA202405080,2024-05-08,11,31
TBA,TBA202405100,2024-05-10,11,33
TBA,TBA202405110,2024-05-11,8,36
TBA,TBA202405120,2024-05-12,8,41
TBA,BOS202405130,2024-05-13,9,38
TBA,BOS202405140,2024-05-14,15,45
TBA,BOS202405150,2024-05-15,12,38
TBA,BOS202405160,2024-05-16,11,43
TBA,TOR202405170,2024-05-17,9,37
TBA,TOR202405180,2024-05-18,10,42
TBA,TOR202405190,2024-05-19,10,34
TBA,TBA202405200,2024-05-20,8,28
TBA,TBA202405210,2024-05-21,10,34
TBA,TBA202405220,2024-05-22,8,40
TBA,TBA202405240,2024-05-24,4,34
TBA,TBA202405250,2024-05-25,7,46
TBA,TBA202405260,2024-05-26,8,33
TBA,TBA202405280,2024-05-28,8,31
TBA,TBA202405290,2024-05-29,8,36
TBA,TBA202405300,2024-05-30,12,46
TBA,BAL202405310,2024-05-31,9,36
TBA,BAL202406010,2024-06-01,13,42
TBA,BAL202406020,2024-06-02,3,40
TBA,MIA202406040,2024-06-04,9,44
TBA,MIA202406050,2024-06-05,9,37
TBA,TBA202406070,2024-06-07,8,37
TBA,TBA202406080,2024-06-08,14,29
TBA,TBA202406090,2024-06-09,11,36
TBA,TBA202406100,2024-06-10,10,35
TBA,TBA202406110,2024-06-11,9,38
TBA,TBA202406120,2024-06-12,9,38
TBA,TBA202406130,2024-06-13,7,34
TBA,ATL202406140,2024-06-14,9,37
TBA,ATL202406150,2024-06-15,12,38
TBA,ATL202406160,2024-06-16,10,36
TBA,MIN202406180,2024-06-18,7,36
TBA,MIN202406190,2024-06-19,7,44
TBA,MIN202406200,2024-06-20,13,44
TBA,PIT202406210,2024-06-21,4,45
TBA,PIT202406220,2024-06-22,10,38
TBA,PIT202406230,2024-06-23,10,37
TBA,TBA202406240,2024-06-24,11,38
TBA,TBA202406250,2024-06-25,8,41
TBA,TBA202406260,2024-06-26,8,33
TBA,TBA202406280,2024-06-28,8,34
TBA,TBA202406290,2024-06-29,11,32
TBA,TBA202406300,2024-06-30,7,33
TBA,KCA202407020,2024-07-02,8,41
TBA,KCA202407030,2024-07-03,11,39
TBA,KCA202407040,2024-07-04,6,50
TBA,TEX202407050,2024-07-05,10,38
TBA,TEX202407060,2024-07-06,9,36
TBA,TEX202407070,2024-07-07,8,31
TBA,TBA202407090,2024-07-09,11,34
TBA,TBA202407100,2024-07-10,8,40
TBA,TBA202407110,2024-07-11,11,35
TBA,TBA202407120,2024-07-12,8,37
TBA,TBA202407130,2024-07-13,6,36
TBA,TBA202407140,2024-07-14,9,32
TBA,NYA202407190,2024-07-19,12,35
TBA,NYA202407200,2024-07-20,5,42
TBA,NYA202407210,2024-07-21,8,34
TBA,NYA202407220,2024-07-22,10,32
TBA,TOR202407230,2024-07-23,10,37
TBA,TOR202407240,2024-07-24,11,35
TBA,TOR202407250,2024-07-25,8,51
TBA,TBA202407260,2024-07-26,8,41
TBA,TBA202407270,2024-07-27,5,35
TBA,TBA202407280,2024-07-28,8,34
TBA,TBA202407300,2024-07-30,11,42
TBA,TBA202407310,2024-07-31,14,35
TBA,HOU202408020,2024-08-02,14,37
TBA,HOU202408030,2024-08-03,12,41
TBA,HOU202408040,2024-08-04,15,35
TBA,SLN202408060,2024-08-06,8,36
TBA,SLN202408070,2024-08-07,8,39
TBA,SLN202408080,2024-08-08,7,39
TBA,TBA202408090,2024-08-09,9,33
TBA,TBA202408100,2024-08-10,8,38
TBA,TBA202408110,2024-08-11,7,34
TBA,TBA202408120,2024-08-12,13,32
TBA,TBA202408130,2024-08-13,9,34
TBA,TBA202408140,2024-08-14,8,35
TBA,TBA202408160,2024-08-16,11,38
TBA,TBA202408170,2024-08-17,6,39
TBA,TBA202408180,2024-08-18,10,54
TBA,OAK202408190,2024-08-19,11,35
TBA,OAK202408200,2024-08-20,6,31
TBA,OAK202408210,2024-08-21,13,36
TBA,OAK202408220,2024-08-22,11,37
TBA,LAN202408230,2024-08-23,13,34
TBA,LAN202408240,2024-08-24,8,47
TBA,LAN202408250,2024-08-25,9,34
TBA,SEA202408260,2024-08-26,13,29
TBA,SEA202408270,2024-08-27,14,35
TBA,SEA202408280,2024-08-28,10,34
TBA,TBA202408300,2024-08-30,13,42
TBA,TBA202408310,2024-08-31,4,42
TBA,TBA202409010,2024-09-01,8,37
TBA,TBA202409020,2024-09-02,10,39
TBA,TBA202409030,2024-09-03,12,32
TBA,TBA202409040,2024-09-04,5,37
TBA,TBA202409050,2024-09-05,13,36
TBA,BAL202409060,2024-09-06,12,35
TBA,BAL202409070,2024-09-07,8,43
TBA,BAL202409080,2024-09-08,8,36
TBA,PHI202409090,2024-09-09,7,36
TBA,PHI202409100,2024-09-10,5,43
TBA,PHI202409110,2024-09-11,10,35
TBA,CLE202409120,2024-09-12,7,39
TBA,CLE202409130,2024-09-13,11,34
TBA,CLE202409140,2024-09-14,12,35
TBA,CLE202409150,2024-09-15,9,32
TBA,TBA202409170,2024-09-17,10,38
TBA,TBA202409180,2024-09-18,11,36
TBA,TBA202409190,2024-09-19,10,33
TBA,TBA202409200,2024-09-20,9,30
TBA,TBA202409210,2024-09-21,6,32
TBA,TBA202409220,2024-09-22,12,31
TBA,DET202409240,2024-09-24,10,30
TBA,DET202409250,2024-09-25,7,37
TBA,DET202409260,2024-09-26,9,34
TBA,BOS202409270,2024-09-27,7,34
TBA,BOS202409280,2024-09-28,10,42
TBA,BOS202409290,2024-09-29,5,37
TBA,TBA202503280,2025-03-28,9,32
TBA,TBA202503290,2025-03-29,3,40
TBA,TBA202503300,2025-03-30,7,37
TBA,TBA202503310,2025-03-31,10,38
TBA,TBA202504010,2025-04-01,4,39
TBA,TBA202504020,2025-04-02,8,33
TBA,TEX202504040,2025-04-04,11,34
TBA,TEX202504050,2025-04-05,5,36
TBA,TEX202504060,2025-04-06,6,35
TBA,TBA202504080,2025-04-08,11,39
TBA,TBA202504090,2025-04-09,7,32
TBA,TBA202504100,2025-04-10,5,32
TBA,TBA202504110,2025-04-11,6,35
TBA,TBA202504120,2025-04-12,9,41
TBA,TBA202504130,2025-04-13,12,37
TBA,TBA202504140,2025-04-14,9,44
TBA,TBA202504150,2025-04-15,10,38
TBA,TBA202504160,2025-04-16,13,32
TBA,TBA202504170,2025-04-17,7,40
TBA,TBA202504180,2025-04-18,15,32
TBA,TBA202504190,2025-04-19,4,41
TBA,TBA202504200,2025-04-20,3,33
TBA,ARI202504220,2025-04-22,6,33
TBA,ARI202504230,2025-04-23,10,48
TBA,ARI202504240,2025-04-24,16,44
TBA,SDN202504250,2025-04-25,17,35
TBA,SDN202504260,2025-04-26,10,43
TBA,SDN202504270,2025-04-27,5,38
TBA,TBA202504290,2025-04-29,8,37
TBA,TBA202504300,2025-04-30,4,37
TBA,TBA202505010,2025-05-01,7,35
TBA,NYA202505020,2025-05-02,9,30
TBA,NYA202505030,2025-05-03,8,39
TBA,NYA202505040,2025-05-04,12,50
TBA,TBA202505060,2025-05-06,12,34
TBA,TBA202505070,2025-05-07,12,32
TBA,TBA202505080,2025-05-08,11,43
TBA,TBA202505090,2025-05-09,7,35
TBA,TBA202505100,2025-05-10,8,35
TBA,TBA202505110,2025-05-11,5,35
TBA,TOR202505130,2025-05-13,8,41
TBA,TOR202505140,2025-05-14,9,36
TBA,TOR202505150,2025-05-15,10,40
TBA,MIA202505160,2025-05-16,9,35
TBA,MIA202505170,2025-05-17,6,39
TBA,MIA202505180,2025-05-18,10,32
TBA,TBA202505190,2025-05-19,9,36
TBA,TBA202505200,2025-05-20,5,35
TBA,TBA202505210,2025-05-21,8,40
TBA,TBA202505230,2025-05-23,7,33
TBA,TBA202505240,2025-05-24,4,29
TBA,TBA202505250,2025-05-25,4,44
TBA,TBA202505260,2025-05-26,6,37
TBA,TBA202505270,2025-05-27,9,34
TBA,TBA202505280,2025-05-28,7,34
TBA,HOU202505290,2025-05-29,11,50
TBA,HOU202505300,2025-05-30,9,29
TBA,HOU202505310,2025-05-31,12,48
TBA,HOU202506010,2025-06-01,9,32
TBA,TBA202506030,2025-06-03,9,34
TBA,TBA202506040,2025-06-04,12,35
TBA,TBA202506050,2025-06-05,11,35
TBA,TBA202506060,2025-06-06,10,37
TBA,TBA202506070,2025-06-07,8,43
TBA,TBA202506080,2025-06-08,7,31
TBA,BOS202506090,2025-06-09,8,52
TBA,BOS202506100,2025-06-10,7,32
TBA,BOS202506110,2025-06-11,10,37
TBA,NYN202506130,2025-06-13,4,41
TBA,NYN202506140,2025-06-14,11,43
TBA,NYN202506150,2025-06-15,8,43
TBA,TBA202506160,2025-06-16,10,39
TBA,TBA202506170,2025-06-17,7,35
TBA,TBA202506180,2025-06-18,7,45
TBA,TBA202506190,2025-06-19,13,36
TBA,TBA202506200,2025-06-20,7,46
TBA,TBA202506210,2025-06-21,5,36
TBA,TBA202506220,2025-06-22,7,37
TBA,KCA202506240,2025-06-24,9,39
TBA,KCA202506250,2025-06-25,11,36
TBA,KCA202506260,2025-06-26,7,36
TBA,BAL202506270,2025-06-27,4,41
TBA,BAL202506280,2025-06-28,5,44
TBA,BAL202506290,2025-06-29,10,33
TBA,TBA202506300,2025-06-30,7,34
TBA,TBA202507010,2025-07-01,8,42
TBA,TBA202507020,2025-07-02,7,33
TBA,MIN202507040,2025-07-04,8,36
TBA,MIN202507050,2025-07-05,7,39
TBA,MIN202507060,2025-07-06,9,42
TBA,DET202507070,2025-07-07,6,32
TBA,DET202507080,2025-07-08,11,35
TBA,DET202507090,2025-07-09,4,42
TBA,BOS202507100,2025-07-10,6,36
TBA,BOS202507110,2025-07-11,8,39
TBA,BOS202507120,2025-07-12,9,30
TBA,BOS202507130,2025-07-13,10,36
TBA,TBA202507180,2025-07-18,7,42
TBA,TBA202507190,2025-07-19,6,33
TBA,TBA202507200,2025-07-20,7,40
TBA,TBA202507210,2025-07-21,9,38
TBA,TBA202507220,2025-07-22,9,32
TBA,TBA202507230,2025-07-23,13,46
TBA,CIN202507250,2025-07-25,10,36
TBA,CIN202507260,2025-07-26,10,36
TBA,CIN202507270,2025-07-27,10,31
TBA,NYA202507280,2025-07-28,9,42
TBA,NYA202507290,2025-07-29,10,38
TBA,NYA202507300,2025-07-30,9,44
TBA,NYA202507310,2025-07-31,9,34
TBA,TBA202508010,2025-08-01,8,34
TBA,TBA202508020,2025-08-02,13,32
TBA,TBA202508030,2025-08-03,9,37
TBA,ANA202508040,2025-08-04,12,36
TBA,ANA202508050,2025-08-05,11,38
TBA,ANA202508060,2025-08-06,11,37
TBA,SEA202508080,2025-08-08,8,31
TBA,SEA202508090,2025-08-09,9,35
TBA,SEA202508100,2025-08-10,12,37
TBA,ATH202508110,2025-08-11,7,44
TBA,ATH202508120,2025-08-12,11,32
TBA,ATH202508130,2025-08-13,11,42
TBA,SFN202508150,2025-08-15,10,41
TBA,SFN202508160,2025-08-16,9,36
TBA,SFN202508170,2025-08-17,9,33
TBA,TBA202508190,2025-08-19,6,41
TBA,TBA202508200,2025-08-20,16,39
TBA,TBA202508210,2025-08-21,10,41
TBA,TBA202508220,2025-08-22,6,42
TBA,TBA202508240,2025-08-24,9,36
TBA,CLE202508250,2025-08-25,5,44
TBA,CLE202508260,2025-08-26,8,31
TBA,CLE202508270,2025-08-27,10,37
TBA,WAS202508290,2025-08-29,12,38
TBA,WAS202508300,2025-08-30,5,31
TBA,WAS202508310,2025-08-31,11,35
TBA,TBA202509010,2025-09-01,8,37
TBA,TBA202509020,2025-09-02,8,36
TBA,TBA202509030,2025-09-03,7,43
TBA,TBA202509040,2025-09-04,7,35
TBA,TBA202509050,2025-09-05,5,36
TBA,TBA202509060,2025-09-06,6,32
TBA,TBA202509070,2025-09-07,10,35
TBA,CHA202509090,2025-09-09,11,35
TBA,CHA202509100,2025-09-10,12,39
TBA,CHA202509110,2025-09-11,6,35
TBA,CHN202509120,2025-09-12,6,33
TBA,CHN202509130,2025-09-13,8,40
TBA,CHN202509140,2025-09-14,13,38
TBA,TBA202509150,2025-09-15,18,41
TBA,TBA202509160,2025-09-16,8,42
TBA,TBA202509170,2025-09-17,6,33
TBA,TBA202509180,2025-09-18,6,36
TBA,TBA202509190,2025-09-19,13,40
TBA,TBA202509200,2025-09-20,7,37
TBA,TBA202509210,2025-09-21,9,36
TBA,BAL202509230,2025-09-23,6,32
TBA,BAL202509240,2025-09-24,8,38
TBA,BAL202509250,2025-09-25,9,41
TBA,TOR202509260,2025-09-26,8,38
TBA,TOR202509270,2025-09-27,12,37
TBA,TOR202509280,2025-09-28,14,39
TEX,TEX202403280,2024-03-28,10,42
TEX,TEX202403300,2024-03-30,6,43
TEX,TEX202403310,2024-03-31,13,41
TEX,TBA202404010,2024-04-01,4,43
TEX,TBA202404020,2024-04-02,8,36
TEX,TBA202404030,2024-04-03,10,38
TEX,TEX202404050,2024-04-05,4,46
TEX,TEX202404060,2024-04-06,8,43
TEX,TEX202404070,2024-04-07,6,33
TEX,TEX202404080,2024-04-08,5,39
TEX,TEX202404090,2024-04-09,5,35
TEX,TEX202404100,2024-04-10,5,36
TEX,TEX202404110,2024-04-11,8,30
TEX,HOU202404120,2024-04-12,7,46
TEX,HOU202404130,2024-04-13,8,36
TEX,HOU202404140,2024-04-14,7,38
TEX,DET202404150,2024-04-15,8,34
TEX,DET202404160,2024-04-16,10,34
TEX,DET202404170,2024-04-17,6,36
TEX,DET202404180,2024-04-18,7,46
TEX,ATL202404190,2024-04-19,9,34
TEX,ATL202404200,2024-04-20,9,34
TEX,ATL202404210,2024-04-21,7,37
TEX,TEX202404230,2024-04-23,9,33
TEX,TEX202404240,2024-04-24,8,37
TEX,TEX202404250,2024-04-25,9,36
TEX,TEX202404260,2024-04-26,5,30
TEX,TEX202404270,2024-04-27,8,35
TEX,TEX202404280,2024-04-28,11,31
TEX,TEX202404300,2024-04-30,10,39
TEX,TEX202405010,2024-05-01,9,38
TEX,TEX202405020,2024-05-02,8,36
TEX,KCA202405030,2024-05-03,10,35
TEX,KCA202405040,2024-05-04,5,48
TEX,KCA202405050,2024-05-05,12,40
TEX,OAK202405060,2024-05-06,8,38
TEX,OAK202405070,2024-05-07,10,54
TEX,OAK202405082,2024-05-08,10,50
TEX,OAK202405081,2024-05-08,8,37
TEX,COL202405100,2024-05-10,8,36
TEX,COL202405110,2024-05-11,7,38
TEX,COL202405120,2024-05-12,3,35
TEX,TEX202405130,2024-05-13,10,33
TEX,TEX202405140,2024-05-14,10,39
TEX,TEX202405150,2024-05-15,4,36
TEX,TEX202405170,2024-05-17,5,34
TEX,TEX202405180,2024-05-18,8,48
TEX,TEX202405190,2024-05-19,5,35
TEX,PHI202405210,2024-05-21,13,38
TEX,PHI202405220,2024-05-22,8,38
TEX,PHI202405230,2024-05-23,7,35
TEX,MIN202405240,2024-05-24,6,37
TEX,MIN202405250,2024-05-25,7,34
TEX,MIN202405260,2024-05-26,10,40
TEX,TEX202405280,2024-05-28,7,32
TEX,TEX202405290,2024-05-29,3,35
TEX,MIA202405310,2024-05-31,3,32
TEX,MIA202406010,2024-06-01,16,43
TEX,MIA202406020,2024-06-02,5,40
TEX,TEX202406030,2024-06-03,10,36
TEX,TEX202406040,2024-06-04,9,34
TEX,TEX202406050,2024-06-05,6,43
TEX,TEX202406070,2024-06-07,8,32
TEX,TEX202406080,2024-06-08,5,35
TEX,TEX202406090,2024-06-09,8,35
TEX,LAN202406110,2024-06-11,5,34
TEX,LAN202406120,2024-06-12,3,37
TEX,LAN202406130,2024-06-13,8,36
TEX,SEA202406140,2024-06-14,11,34
TEX,SEA202406150,2024-06-15,7,38
TEX,SEA202406160,2024-06-16,9,29
TEX,TEX202406170,2024-06-17,10,35
TEX,TEX202406180,2024-06-18,2,36
TEX,TEX202406190,2024-06-19,10,35
TEX,TEX202406210,2024-06-21,6,36
TEX,TEX202406220,2024-06-22,7,35
TEX,TEX202406230,2024-06-23,4,37
TEX,MIL202406240,2024-06-24,11,40
TEX,MIL202406250,2024-06-25,7,32
TEX,MIL202406260,2024-06-26,11,42
TEX,BAL202406270,2024-06-27,9,38
TEX,BAL202406280,2024-06-28,7,36
TEX,BAL202406290,2024-06-29,5,40
TEX,BAL202406300,2024-06-30,8,48
TEX,TEX202407020,2024-07-02,8,37
TEX,TEX202407030,2024-07-03,13,37
TEX,TEX202407040,2024-07-04,7,35
TEX,TEX202407050,2024-07-05,7,34
TEX,TEX202407060,2024-07-06,9,33
TEX,TEX202407070,2024-07-07,10,45
TEX,ANA202407080,2024-07-08,9,41
TEX,ANA202407090,2024-07-09,5,38
TEX,ANA202407100,2024-07-10,7,38
TEX,HOU202407120,2024-07-12,10,36
TEX,HOU202407130,2024-07-13,12,43
TEX,HOU202407140,2024-07-14,7,34
TEX,TEX202407190,2024-07-19,10,34
TEX,TEX202407200,2024-07-20,13,38
TEX,TEX202407210,2024-07-21,3,32
TEX,TEX202407220,2024-07-22,8,40
TEX,TEX202407230,2024-07-23,10,33
TEX,TEX202407240,2024-07-24,4,43
TEX,TEX202407250,2024-07-25,4,34
TEX,TOR202407260,2024-07-26,9,40
TEX,TOR202407270,2024-07-27,8,34
TEX,TOR202407280,2024-07-28,5,38
TEX,SLN202407290,2024-07-29,6,42
TEX,SLN202407300,2024-07-30,6,33
TEX,SLN202407310,2024-07-31,3,33
TEX,TEX202408020,2024-08-02,8,36
TEX,TEX202408030,2024-08-03,7,39
TEX,TEX202408040,2024-08-04,10,32
TEX,TEX202408050,2024-08-05,11,37
TEX,TEX202408060,2024-08-06,5,31
TEX,TEX202408070,2024-08-07,11,40
TEX,NYA202408102,2024-08-10,12,46
TEX,NYA202408101,2024-08-10,9,36
TEX,NYA202408110,2024-08-11,9,44
TEX,BOS202408120,2024-08-12,9,40
TEX,BOS202408130,2024-08-13,8,36
TEX,BOS202408140,2024-08-14,6,49
TEX,TEX202408150,2024-08-15,7,38
TEX,TEX202408160,2024-08-16,8,37
TEX,TEX202408170,2024-08-17,9,35
TEX,TEX202408180,2024-08-18,7,42
TEX,TEX202408190,2024-08-19,11,30
TEX,TEX202408200,2024-08-20,10,29
TEX,TEX202408210,2024-08-21,10,34
TEX,CLE202408230,2024-08-23,9,39
TEX,CLE202408240,2024-08-24,5,38
TEX,CLE202408250,2024-08-25,9,33
TEX,CHA202408270,2024-08-27,11,38
TEX,CHA202408280,2024-08-28,5,39
TEX,CHA202408290,2024-08-29,7,37
TEX,TEX202408300,2024-08-30,6,37
TEX,TEX202408310,2024-08-31,10,36
TEX,TEX202409010,2024-09-01,11,42
TEX,TEX202409020,2024-09-02,12,37
TEX,TEX202409030,2024-09-03,14,38
TEX,TEX202409040,2024-09-04,8,42
TEX,TEX202409050,2024-09-05,2,34
TEX,TEX202409060,2024-09-06,12,34
TEX,TEX202409070,2024-09-07,7,35
TEX,TEX202409080,2024-09-08,5,37
TEX,ARI202409100,2024-09-10,13,33
TEX,ARI202409110,2024-09-11,3,40
TEX,SEA202409120,2024-09-12,7,36
TEX,SEA202409130,2024-09-13,10,39
TEX,SEA202409140,2024-09-14,9,35
TEX,SEA202409150,2024-09-15,6,27
TEX,TEX202409170,2024-09-17,9,50
TEX,TEX202409180,2024-09-18,10,31
TEX,TEX202409190,2024-09-19,10,29
TEX,TEX202409200,2024-09-20,5,35
TEX,TEX202409210,2024-09-21,7,43
TEX,TEX202409220,2024-09-22,8,37
TEX,OAK202409240,2024-09-24,8,40
TEX,OAK202409250,2024-09-25,14,39
TEX,OAK202409260,2024-09-26,6,34
TEX,ANA202409270,2024-09-27,14,38
TEX,ANA202409280,2024-09-28,10,45
TEX,ANA202409290,2024-09-29,1,42
TEX,TEX202503270,2025-03-27,7,35
TEX,TEX202503280,2025-03-28,3,32
TEX,TEX202503290,2025-03-29,5,34
TEX,TEX202503300,2025-03-30,5,30
TEX,CIN202503310,2025-03-31,9,36
TEX,CIN202504010,2025-04-01,6,36
TEX,CIN202504020,2025-04-02,9,32
TEX,TEX202504040,2025-04-04,4,31
TEX,TEX202504050,2025-04-05,12,35
TEX,TEX202504060,2025-04-06,10,35
TEX,CHN202504070,2025-04-07,9,31
TEX,CHN202504080,2025-04-08,10,39
TEX,CHN202504090,2025-04-09,7,38
TEX,SEA202504110,2025-04-11,8,37
TEX,SEA202504120,2025-04-12,7,35
TEX,SEA202504130,2025-04-13,11,32
TEX,TEX202504150,2025-04-15,8,33
TEX,TEX202504160,2025-04-16,5,36
TEX,TEX202504170,2025-04-17,5,35
TEX,TEX202504180,2025-04-18,12,32
TEX,TEX202504190,2025-04-19,7,31
TEX,TEX202504200,2025-04-20,11,34
TEX,ATH202504220,2025-04-22,7,43
TEX,ATH202504230,2025-04-23,11,34
TEX,ATH202504240,2025-04-24,6,38
TEX,SFN202504250,2025-04-25,10,33
TEX,SFN202504260,2025-04-26,10,36
TEX,SFN202504270,2025-04-27,10,35
TEX,TEX202504280,2025-04-28,8,35
TEX,TEX202504290,2025-04-29,8,49
TEX,TEX202504300,2025-04-30,9,39
TEX,TEX202505010,2025-05-01,4,32
TEX,TEX202505020,2025-05-02,10,30
TEX,TEX202505030,2025-05-03,4,34
TEX,TEX202505040,2025-05-04,7,39
TEX,BOS202505060,2025-05-06,9,43
TEX,BOS202505070,2025-05-07,5,40
TEX,BOS202505080,2025-05-08,3,37
TEX,DET202505090,2025-05-09,13,31
TEX,DET202505100,2025-05-10,9,43
TEX,DET202505110,2025-05-11,8,42
TEX,TEX202505120,2025-05-12,8,29
TEX,TEX202505130,2025-05-13,6,36
TEX,TEX202505140,2025-05-14,5,41
TEX,TEX202505150,2025-05-15,9,27
TEX,TEX202505160,2025-05-16,7,35
TEX,TEX202505170,2025-05-17,7,37
TEX,TEX202505180,2025-05-18,10,36
TEX,NYA202505200,2025-05-20,14,37
TEX,NYA202505210,2025-05-21,11,39
TEX,NYA202505220,2025-05-22,12,33
TEX,CHA202505230,2025-05-23,7,33
TEX,CHA202505240,2025-05-24,8,40
TEX,CHA202505250,2025-05-25,7,37
TEX,TEX202505260,2025-05-26,6,32
TEX,TEX202505270,2025-05-27,8,31
TEX,TEX202505280,2025-05-28,13,31
TEX,TEX202505300,2025-05-30,7,42
TEX,TEX202505310,2025-05-31,12,31
TEX,TEX202506010,2025-06-01,6,38
TEX,TBA202506030,2025-06-03,12,32
TEX,TBA202506040,2025-06-04,11,39
TEX,TBA202506050,2025-06-05,13,35
TEX,WAS202506060,2025-06-06,8,32
TEX,WAS202506070,2025-06-07,8,38
TEX,WAS202506080,2025-06-08,7,39
TEX,MIN202506100,2025-06-10,4,51
TEX,MIN202506110,2025-06-11,7,35
TEX,MIN202506120,2025-06-12,5,53
TEX,TEX202506130,2025-06-13,3,34
TEX,TEX202506140,2025-06-14,13,52
TEX,TEX202506150,2025-06-15,4,37
TEX,TEX202506170,2025-06-17,14,35
TEX,TEX202506180,2025-06-18,9,39
TEX,TEX202506190,2025-06-19,7,33
TEX,PIT202506200,2025-06-20,7,45
TEX,PIT202506210,2025-06-21,8,34
TEX,PIT202506220,2025-06-22,6,36
TEX,BAL202506230,2025-06-23,4,30
TEX,BAL202506240,2025-06-24,10,47
TEX,BAL202506250,2025-06-25,5,38
TEX,TEX202506270,2025-06-27,14,52
TEX,TEX202506280,2025-06-28,12,39
TEX,TEX202506290,2025-06-29,9,48
TEX,TEX202506300,2025-06-30,14,45
TEX,TEX202507010,2025-07-01,7,44
TEX,TEX202507020,2025-07-02,8,36
TEX,SDN202507040,2025-07-04,5,41
TEX,SDN202507050,2025-07-05,4,40
TEX,SDN202507060,2025-07-06,9,34
TEX,ANA202507070,2025-07-07,8,39
TEX,ANA202507080,2025-07-08,6,47
TEX,ANA202507090,2025-07-09,5,40
TEX,ANA202507100,2025-07-10,8,45
TEX,HOU202507110,2025-07-11,12,43
TEX,HOU202507120,2025-07-12,19,43
TEX,HOU202507130,2025-07-13,10,37
TEX,TEX202507180,2025-07-18,9,30
TEX,TEX202507190,2025-07-19,9,32
TEX,TEX202507200,2025-07-20,15,31
TEX,TEX202507210,2025-07-21,9,33
TEX,TEX202507220,2025-07-22,3,33
TEX,TEX202507230,2025-07-23,11,29
TEX,TEX202507250,2025-07-25,8,39
TEX,TEX202507260,2025-07-26,9,39
TEX,TEX202507270,2025-07-27,9,39
TEX,ANA202507280,2025-07-28,8,40
TEX,ANA202507290,2025-07-29,8,40
TEX,ANA202507300,2025-07-30,10,41
TEX,SEA202507310,2025-07-31,9,32
TEX,SEA202508010,2025-08-01,10,34
TEX,SEA202508020,2025-08-02,8,46
TEX,SEA202508030,2025-08-03,7,33
TEX,TEX202508040,2025-08-04,12,42
TEX,TEX202508050,2025-08-05,7,36
TEX,TEX202508060,2025-08-06,9,40
TEX,TEX202508080,2025-08-08,10,38
TEX,TEX202508090,2025-08-09,6,35
TEX,TEX202508100,2025-08-10,10,37
TEX,TEX202508110,2025-08-11,8,40
TEX,TEX202508120,2025-08-12,6,36
TEX,TEX202508130,2025-08-13,2,39
TEX,TOR202508150,2025-08-15,11,37
TEX,TOR202508160,2025-08-16,8,41
TEX,TOR202508170,2025-08-17,3,44
TEX,KCA202508180,2025-08-18,5,35
TEX,KCA202508190,2025-08-19,5,34
TEX,KCA202508200,2025-08-20,6,42
TEX,KCA202508210,2025-08-21,12,40
TEX,TEX202508220,2025-08-22,5,31
TEX,TEX202508230,2025-08-23,3,38
TEX,TEX202508240,2025-08-24,11,40
TEX,TEX202508250,2025-08-25,10,32
TEX,TEX202508260,2025-08-26,7,34
TEX,TEX202508270,2025-08-27,6,53
TEX,ATH202508290,2025-08-29,8,37
TEX,ATH202508300,2025-08-30,3,44
TEX,ATH202508310,2025-08-31,11,44
TEX,ARI202509010,2025-09-01,10,41
TEX,ARI202509020,2025-09-02,5,37
TEX,ARI202509030,2025-09-03,7,36
TEX,TEX202509050,2025-09-05,12,49
TEX,TEX202509060,2025-09-06,11,35
TEX,TEX202509070,2025-09-07,5,30
TEX,TEX202509080,2025-09-08,5,33
TEX,TEX202509090,2025-09-09,11,34
TEX,TEX202509100,2025-09-10,10,36
TEX,NYN202509120,2025-09-12,3,43
TEX,NYN202509130,2025-09-13,6,39
TEX,NYN202509140,2025-09-14,8,41
TEX,HOU202509150,2025-09-15,8,37
TEX,HOU202509160,2025-09-16,11,41
TEX,HOU202509170,2025-09-17,5,34
TEX,TEX202509190,2025-09-19,7,41
TEX,TEX202509200,2025-09-20,7,37
TEX,TEX202509210,2025-09-21,13,36
TEX,TEX202509230,2025-09-23,8,33
TEX,TEX202509240,2025-09-24,11,33
TEX,TEX202509250,2025-09-25,9,29
TEX,CLE202509260,2025-09-26,9,40
TEX,CLE202509270,2025-09-27,13,33
TEX,CLE202509280,2025-09-28,8,44
TOR,TBA202403280,2024-03-28,7,40
TOR,TBA202403290,2024-03-29,7,34
TOR,TBA202403300,2024-03-30,10,34
TOR,TBA202403310,2024-03-31,9,44
TOR,HOU202404010,2024-04-01,7,29
TOR,HOU202404020,2024-04-02,5,33
TOR,HOU202404030,2024-04-03,7,34
TOR,NYA202404050,2024-04-05,8,39
TOR,NYA202404060,2024-04-06,6,46
TOR,NYA202404070,2024-04-07,11,41
TOR,TOR202404080,2024-04-08,9,36
TOR,TOR202404090,2024-04-09,7,38
TOR,TOR202404100,2024-04-10,10,39
TOR,TOR202404120,2024-04-12,7,39
TOR,TOR202404130,2024-04-13,7,35
TOR,TOR202404140,2024-04-14,4,36
TOR,TOR202404150,2024-04-15,8,33
TOR,TOR202404160,2024-04-16,9,39
TOR,TOR202404170,2024-04-17,5,38
TOR,SDN202404190,2024-04-19,9,38
TOR,SDN202404200,2024-04-20,4,36
TOR,SDN202404210,2024-04-21,4,31
TOR,KCA202404220,2024-04-22,8,37
TOR,KCA202404230,2024-04-23,5,39
TOR,KCA202404240,2024-04-24,8,36
TOR,KCA202404250,2024-04-25,4,21
TOR,TOR202404260,2024-04-26,3,36
TOR,TOR202404270,2024-04-27,15,35
TOR,TOR202404280,2024-04-28,6,31
TOR,TOR202404290,2024-04-29,8,40
TOR,TOR202404300,2024-04-30,11,33
TOR,TOR202405010,2024-05-01,10,33
TOR,WAS202405030,2024-05-03,6,37
TOR,WAS202405040,2024-05-04,9,42
TOR,WAS202405050,2024-05-05,6,44
TOR,PHI202405070,2024-05-07,5,33
TOR,PHI202405080,2024-05-08,9,41
TOR,TOR202405100,2024-05-10,8,36
TOR,TOR202405110,2024-05-11,3,43
TOR,TOR202405120,2024-05-12,11,32
TOR,BAL202405130,2024-05-13,4,40
TOR,BAL202405150,2024-05-15,6,38
TOR,TOR202405170,2024-05-17,5,31
TOR,TOR202405180,2024-05-18,5,37
TOR,TOR202405190,2024-05-19,8,34
TOR,TOR202405200,2024-05-20,6,39
TOR,TOR202405210,2024-05-21,9,30
TOR,TOR202405220,2024-05-22,7,43
TOR,DET202405230,2024-05-23,11,40
TOR,DET202405240,2024-05-24,6,38
TOR,DET202405250,2024-05-25,5,36
TOR,DET202405260,2024-05-26,2,47
TOR,CHA202405270,2024-05-27,7,38
TOR,CHA202405280,2024-05-28,8,48
TOR,CHA202405290,2024-05-29,7,39
TOR,TOR202405310,2024-05-31,13,55
TOR,TOR202406010,2024-06-01,11,34
TOR,TOR202406020,2024-06-02,4,35
TOR,TOR202406030,2024-06-03,5,35
TOR,TOR202406040,2024-06-04,5,33
TOR,TOR202406050,2024-06-05,8,35
TOR,TOR202406060,2024-06-06,4,36
TOR,OAK202406070,2024-06-07,6,32
TOR,OAK202406080,2024-06-08,3,45
TOR,OAK202406090,2024-06-09,5,39
TOR,MIL202406100,2024-06-10,5,30
TOR,MIL202406110,2024-06-11,7,39
TOR,MIL202406120,2024-06-12,8,34
TOR,TOR202406140,2024-06-14,8,32
TOR,TOR202406150,2024-06-15,2,35
TOR,TOR202406160,2024-06-16,12,40
TOR,TOR202406170,2024-06-17,4,37
TOR,TOR202406180,2024-06-18,7,37
TOR,TOR202406190,2024-06-19,10,40
TOR,CLE202406210,2024-06-21,10,33
TOR,CLE202406220,2024-06-22,8,34
TOR,CLE202406230,2024-06-23,8,41
TOR,BOS202406240,2024-06-24,10,37
TOR,BOS202406250,2024-06-25,10,42
TOR,BOS202406260,2024-06-26,14,40
TOR,TOR202406270,2024-06-27,12,39
TOR,TOR202406280,2024-06-28,7,40
TOR,TOR202406290,2024-06-29,10,40
TOR,TOR202406300,2024-06-30,10,34
TOR,TOR202407010,2024-07-01,7,36
TOR,TOR202407020,2024-07-02,10,34
TOR,TOR202407030,2024-07-03,7,32
TOR,TOR202407040,2024-07-04,7,34
TOR,SEA202407050,2024-07-05,10,30
TOR,SEA202407060,2024-07-06,8,45
TOR,SEA202407070,2024-07-07,11,44
TOR,SFN202407090,2024-07-09,8,34
TOR,SFN202407100,2024-07-10,7,42
TOR,SFN202407110,2024-07-11,5,38
TOR,ARI202407120,2024-07-12,6,34
TOR,ARI202407130,2024-07-13,5,35
TOR,ARI202407140,2024-07-14,7,41
TOR,TOR202407190,2024-07-19,9,35
TOR,TOR202407200,2024-07-20,7,32
TOR,TOR202407210,2024-07-21,9,36
TOR,TOR202407230,2024-07-23,10,34
TOR,TOR202407240,2024-07-24,5,34
TOR,TOR202407250,2024-07-25,10,32
TOR,TOR202407260,2024-07-26,7,42
TOR,TOR202407270,2024-07-27,5,42
TOR,TOR202407280,2024-07-28,1,35
TOR,BAL202407291,2024-07-29,11,40
TOR,BAL202407292,2024-07-29,8,49
TOR,BAL202407300,2024-07-30,10,36
TOR,BAL202407310,2024-07-31,11,39
TOR,NYA202408020,2024-08-02,10,43
TOR,NYA202408030,2024-08-03,13,37
TOR,NYA202408040,2024-08-04,9,42
TOR,TOR202408060,2024-08-06,10,35
TOR,TOR202408070,2024-08-07,6,38
TOR,TOR202408080,2024-08-08,11,37
TOR,TOR202408090,2024-08-09,4,34
TOR,TOR202408100,2024-08-10,9,31
TOR,TOR202408110,2024-08-11,5,33
TOR,ANA202408120,2024-08-12,8,40
TOR,ANA202408130,2024-08-13,8,39
TOR,ANA202408140,2024-08-14,13,41
TOR,CHN202408160,2024-08-16,11,41
TOR,CHN202408170,2024-08-17,10,39
TOR,CHN202408180,2024-08-18,9,38
TOR,TOR202408190,2024-08-19,7,37
TOR,TOR202408200,2024-08-20,4,39
TOR,TOR202408210,2024-08-21,8,43
TOR,TOR202408220,2024-08-22,7,33
TOR,TOR202408230,2024-08-23,3,35
TOR,TOR202408240,2024-08-24,11,33
TOR,TOR202408250,2024-08-25,7,40
TOR,BOS202408260,2024-08-26,7,44
TOR,BOS202408270,2024-08-27,2,39
TOR,BOS202408280,2024-08-28,10,29
TOR,BOS202408290,2024-08-29,5,36
TOR,MIN202408300,2024-08-30,4,31
TOR,MIN202408310,2024-08-31,9,53
TOR,MIN202409010,2024-09-01,9,38
TOR,TOR202409030,2024-09-03,8,44
TOR,TOR202409040,2024-09-04,10,34
TOR,ATL202409060,2024-09-06,11,37
TOR,ATL202409070,2024-09-07,6,42
TOR,ATL202409080,2024-09-08,12,47
TOR,TOR202409090,2024-09-09,14,35
TOR,TOR202409100,2024-09-10,5,39
TOR,TOR202409110,2024-09-11,9,38
TOR,TOR202409130,2024-09-13,7,42
TOR,TOR202409140,2024-09-14,4,38
TOR,TOR202409150,2024-09-15,8,31
TOR,TEX202409170,2024-09-17,6,44
TOR,TEX202409180,2024-09-18,9,32
TOR,TEX202409190,2024-09-19,12,40
TOR,TBA202409200,2024-09-20,11,35
TOR,TBA202409210,2024-09-21,9,39
TOR,TBA202409220,2024-09-22,12,41
TOR,TOR202409230,2024-09-23,1,32
TOR,TOR202409240,2024-09-24,6,42
TOR,TOR202409250,2024-09-25,6,35
TOR,TOR202409270,2024-09-27,6,45
TOR,TOR202409280,2024-09-28,5,32
TOR,TOR202409290,2024-09-29,10,35
TOR,TOR202503270,2025-03-27,3,33
TOR,TOR202503280,2025-03-28,9,40
TOR,TOR202503290,2025-03-29,14,40
TOR,TOR202503300,2025-03-30,6,34
TOR,TOR202503310,2025-03-31,3,36
TOR,TOR202504010,2025-04-01,7,38
TOR,TOR202504020,2025-04-02,6,37
TOR,NYN202504040,2025-04-04,10,34
TOR,NYN202504050,2025-04-05,11,40
TOR,NYN202504060,2025-04-06,8,38
TOR,BOS202504070,2025-04-07,5,44
TOR,BOS202504080,2025-04-08,8,43
TOR,BOS202504090,2025-04-09,4,38
TOR,BOS202504100,2025-04-10,11,41
TOR,BAL202504120,2025-04-12,3,37
TOR,BAL202504130,2025-04-13,5,46
TOR,TOR202504140,2025-04-14,6,33
TOR,TOR202504150,2025-04-15,5,34
TOR,TOR202504160,2025-04-16,7,33
TOR,TOR202504180,2025-04-18,4,33
TOR,TOR202504190,2025-04-19,12,51
TOR,TOR202504200,2025-04-20,7,42
TOR,HOU202504210,2025-04-21,11,30
TOR,HOU202504220,2025-04-22,7,31
TOR,HOU202504230,2025-04-23,9,34
TOR,NYA202504250,2025-04-25,2,37
TOR,NYA202504271,2025-04-27,5,40
TOR,NYA202504272,2025-04-27,12,33
TOR,TOR202504290,2025-04-29,8,33
TOR,TOR202504300,2025-04-30,8,42
TOR,TOR202505010,2025-05-01,6,32
TOR,TOR202505020,2025-05-02,5,36
TOR,TOR202505030,2025-05-03,12,39
TOR,TOR202505040,2025-05-04,5,40
TOR,ANA202505060,2025-05-06,11,37
TOR,ANA202505070,2025-05-07,8,39
TOR,ANA202505080,2025-05-08,11,46
TOR,SEA202505090,2025-05-09,8,40
TOR,SEA202505100,2025-05-10,10,42
TOR,SEA202505110,2025-05-11,4,44
TOR,TOR202505130,2025-05-13,11,41
TOR,TOR202505140,2025-05-14,7,33
TOR,TOR202505150,2025-05-15,3,34
TOR,TOR202505160,2025-05-16,9,36
TOR,TOR202505170,2025-05-17,7,33
TOR,TOR202505180,2025-05-18,10,38
TOR,TOR202505200,2025-05-20,7,28
TOR,TOR202505210,2025-05-21,7,46
TOR,TOR202505220,2025-05-22,7,51
TOR,TBA202505230,2025-05-23,5,36
TOR,TBA202505240,2025-05-24,4,36
TOR,TBA202505250,2025-05-25,7,30
TOR,TEX202505260,2025-05-26,1,39
TOR,TEX202505270,2025-05-27,8,38
TOR,TEX202505280,2025-05-28,9,37
TOR,TOR202505290,2025-05-29,3,47
TOR,TOR202505300,2025-05-30,4,49
TOR,TOR202505310,2025-05-31,2,33
TOR,TOR202506010,2025-06-01,6,39
TOR,TOR202506030,2025-06-03,7,37
TOR,TOR202506040,2025-06-04,4,31
TOR,TOR202506050,2025-06-05,4,39
TOR,MIN202506060,2025-06-06,4,36
TOR,MIN202506070,2025-06-07,6,39
TOR,MIN202506080,2025-06-08,8,35
TOR,SLN202506090,2025-06-09,5,44
TOR,SLN202506100,2025-06-10,5,42
TOR,SLN202506110,2025-06-11,6,39
TOR,PHI202506130,2025-06-13,7,35
TOR,PHI202506140,2025-06-14,7,33
TOR,PHI202506150,2025-06-15,10,36
TOR,TOR202506170,2025-06-17,8,38
TOR,TOR202506180,2025-06-18,5,43
TOR,TOR202506190,2025-06-19,7,35
TOR,TOR202506200,2025-06-20,6,34
TOR,TOR202506210,2025-06-21,2,37
TOR,TOR202506220,2025-06-22,6,38
TOR,CLE202506240,2025-06-24,7,46
TOR,CLE202506250,2025-06-25,7,43
TOR,CLE202506260,2025-06-26,9,37
TOR,BOS202506270,2025-06-27,2,49
TOR,BOS202506280,2025-06-28,7,37
TOR,BOS202506290,2025-06-29,7,37
TOR,TOR202506300,2025-06-30,6,37
TOR,TOR202507010,2025-07-01,6,39
TOR,TOR202507020,2025-07-02,8,42
TOR,TOR202507030,2025-07-03,6,39
TOR,TOR202507040,2025-07-04,7,34
TOR,TOR202507050,2025-07-05,8,50
TOR,TOR202507060,2025-07-06,5,32
TOR,CHA202507070,2025-07-07,4,40
TOR,CHA202507080,2025-07-08,2,36
TOR,CHA202507090,2025-07-09,5,34
TOR,ATH202507110,2025-07-11,11,45
TOR,ATH202507120,2025-07-12,13,38
TOR,ATH202507130,2025-07-13,9,30
TOR,TOR202507180,2025-07-18,2,35
TOR,TOR202507190,2025-07-19,3,38
TOR,TOR202507200,2025-07-20,7,37
TOR,TOR202507210,2025-07-21,4,37
TOR,TOR202507220,2025-07-22,6,42
TOR,TOR202507230,2025-07-23,4,39
TOR,DET202507240,2025-07-24,5,45
TOR,DET202507250,2025-07-25,8,44
TOR,DET202507260,2025-07-26,9,40
TOR,DET202507270,2025-07-27,9,42
TOR,BAL202507280,2025-07-28,7,40
TOR,BAL202507292,2025-07-29,9,38
TOR,BAL202507291,2025-07-29,3,39
TOR,BAL202507300,2025-07-30,7,43
TOR,TOR202508010,2025-08-01,6,33
TOR,TOR202508020,2025-08-02,2,34
TOR,TOR202508030,2025-08-03,8,42
TOR,COL202508040,2025-08-04,5,53
TOR,COL202508050,2025-08-05,4,43
TOR,COL202508060,2025-08-06,6,57
TOR,LAN202508080,2025-08-08,7,35
TOR,LAN202508090,2025-08-09,14,37
TOR,LAN202508100,2025-08-10,14,38
TOR,TOR202508120,2025-08-12,2,37
TOR,TOR202508130,2025-08-13,10,31
TOR,TOR202508140,2025-08-14,6,27
TOR,TOR202508150,2025-08-15,7,35
TOR,TOR202508160,2025-08-16,5,45
TOR,TOR202508170,2025-08-17,9,36
TOR,PIT202508180,2025-08-18,11,34
TOR,PIT202508190,2025-08-19,9,41
TOR,PIT202508200,2025-08-20,8,32
TOR,MIA202508220,2025-08-22,2,36
TOR,MIA202508230,2025-08-23,4,50
TOR,MIA202508240,2025-08-24,6,34
TOR,TOR202508250,2025-08-25,7,38
TOR,TOR202508260,2025-08-26,7,39
TOR,TOR202508270,2025-08-27,9,40
TOR,TOR202508290,2025-08-29,9,34
TOR,TOR202508300,2025-08-30,8,32
TOR,TOR202508310,2025-08-31,4,41
TOR,CIN202509010,2025-09-01,7,35
TOR,CIN202509020,2025-09-02,10,43
TOR,CIN202509030,2025-09-03,11,50
TOR,NYA202509050,2025-09-05,7,42
TOR,NYA202509060,2025-09-06,5,36
TOR,NYA202509070,2025-09-07,5,36
TOR,TOR202509090,2025-09-09,10,41
TOR,TOR202509100,2025-09-10,6,33
TOR,TOR202509110,2025-09-11,6,34
TOR,TOR202509120,2025-09-12,7,39
TOR,TOR202509130,2025-09-13,5,38
TOR,TOR202509140,2025-09-14,8,40
TOR,TBA202509150,2025-09-15,10,38
TOR,TBA202509160,2025-09-16,9,39
TOR,TBA202509170,2025-09-17,6,32
TOR,TBA202509180,2025-09-18,6,31
TOR,KCA202509190,2025-09-19,5,33
TOR,KCA202509200,2025-09-20,5,34
TOR,KCA202509210,2025-09-21,5,40
TOR,TOR202509230,2025-09-23,6,37
TOR,TOR202509240,2025-09-24,7,31
TOR,TOR202509250,2025-09-25,5,37
TOR,TOR202509260,2025-09-26,7,33
TOR,TOR202509270,2025-09-27,8,32
TOR,TOR202509280,2025-09-28,12,43
WAS,CIN202403280,2024-03-28,9,32
WAS,CIN202403300,2024-03-30,14,44
WAS,CIN202403310,2024-03-31,7,42
WAS,WAS202404010,2024-04-01,8,38
WAS,WAS202404030,2024-04-03,8,35
WAS,WAS202404040,2024-04-04,10,39
WAS,WAS202404050,2024-04-05,7,33
WAS,WAS202404060,2024-04-06,6,34
WAS,WAS202404070,2024-04-07,3,36
WAS,SFN202404080,2024-04-08,10,44
WAS,SFN202404090,2024-04-09,9,36
WAS,SFN202404100,2024-04-10,5,31
WAS,OAK202404120,2024-04-12,10,38
WAS,OAK202404130,2024-04-13,11,38
WAS,OAK202404140,2024-04-14,8,43
WAS,LAN202404150,2024-04-15,7,37
WAS,LAN202404160,2024-04-16,5,34
WAS,LAN202404170,2024-04-17,11,34
WAS,WAS202404190,2024-04-19,8,34
WAS,WAS202404200,2024-04-20,10,42
WAS,WAS202404210,2024-04-21,9,38
WAS,WAS202404230,2024-04-23,5,39
WAS,WAS202404240,2024-04-24,7,34
WAS,WAS202404250,2024-04-25,13,35
WAS,MIA202404260,2024-04-26,7,36
WAS,MIA202404270,2024-04-27,8,46
WAS,MIA202404280,2024-04-28,9,49
WAS,MIA202404290,2024-04-29,3,39
WAS,TEX202404300,2024-04-30,3,30
WAS,TEX202405010,2024-05-01,5,29
WAS,TEX202405020,2024-05-02,12,33
WAS,WAS202405030,2024-05-03,7,41
WAS,WAS202405040,2024-05-04,13,40
WAS,WAS202405050,2024-05-05,8,43
WAS,WAS202405070,2024-05-07,8,36
WAS,WAS202405080,2024-05-08,11,51
WAS,BOS202405100,2024-05-10,8,37
WAS,BOS202405110,2024-05-11,12,32
WAS,BOS202405120,2024-05-12,3,33
WAS,CHA202405142,2024-05-14,8,34
WAS,CHA202405141,2024-05-14,11,41
WAS,CHA202405150,2024-05-15,10,36
WAS,PHI202405170,2024-05-17,6,33
WAS,PHI202405180,2024-05-18,12,39
WAS,PHI202405190,2024-05-19,7,38
WAS,WAS202405200,2024-05-20,8,40
WAS,WAS202405210,2024-05-21,10,32
WAS,WAS202405220,2024-05-22,6,35
WAS,WAS202405240,2024-05-24,5,32
WAS,WAS202405250,2024-05-25,6,29
WAS,WAS202405260,2024-05-26,6,36
WAS,ATL202405270,2024-05-27,10,41
WAS,ATL202405280,2024-05-28,8,30
WAS,ATL202405290,2024-05-29,9,42
WAS,ATL202405300,2024-05-30,10,38
WAS,CLE202405310,2024-05-31,11,33
WAS,CLE202406010,2024-06-01,6,33
WAS,CLE202406020,2024-06-02,8,36
WAS,WAS202406030,2024-06-03,6,45
WAS,WAS202406040,2024-06-04,5,38
WAS,WAS202406050,2024-06-05,5,30
WAS,WAS202406060,2024-06-06,9,33
WAS,WAS202406070,2024-06-07,11,30
WAS,WAS202406080,2024-06-08,8,37
WAS,WAS202406090,2024-06-09,7,38
WAS,DET202406110,2024-06-11,11,39
WAS,DET202406120,2024-06-12,5,44
WAS,DET202406130,2024-06-13,8,33
WAS,WAS202406140,2024-06-14,4,38
WAS,WAS202406150,2024-06-15,3,33
WAS,WAS202406160,2024-06-16,4,32
WAS,WAS202406180,2024-06-18,8,29
WAS,WAS202406190,2024-06-19,2,31
WAS,WAS202406200,2024-06-20,4,31
WAS,COL202406210,2024-06-21,6,48
WAS,COL202406220,2024-06-22,6,38
WAS,COL202406230,2024-06-23,7,32
WAS,SDN202406240,2024-06-24,11,44
WAS,SDN202406250,2024-06-25,1,38
WAS,SDN202406260,2024-06-26,10,34
WAS,TBA202406280,2024-06-28,9,35
WAS,TBA202406290,2024-06-29,4,42
WAS,TBA202406300,2024-06-30,16,34
WAS,WAS202407010,2024-07-01,6,44
WAS,WAS202407020,2024-07-02,7,39
WAS,WAS202407030,2024-07-03,5,35
WAS,WAS202407040,2024-07-04,3,32
WAS,WAS202407050,2024-07-05,8,47
WAS,WAS202407060,2024-07-06,5,46
WAS,WAS202407070,2024-07-07,12,38
WAS,WAS202407080,2024-07-08,4,34
WAS,NYN202407090,2024-07-09,8,37
WAS,NYN202407100,2024-07-10,8,36
WAS,NYN202407110,2024-07-11,11,40
WAS,MIL202407120,2024-07-12,9,37
WAS,MIL202407130,2024-07-13,6,39
WAS,MIL202407140,2024-07-14,11,34
WAS,WAS202407190,2024-07-19,9,34
WAS,WAS202407200,2024-07-20,8,37
WAS,WAS202407210,2024-07-21,3,35
WAS,WAS202407230,2024-07-23,4,32
WAS,WAS202407240,2024-07-24,6,33
WAS,WAS202407250,2024-07-25,9,28
WAS,SLN202407260,2024-07-26,14,47
WAS,SLN202407270,2024-07-27,5,53
WAS,SLN202407280,2024-07-28,5,36
WAS,ARI202407290,2024-07-29,4,45
WAS,ARI202407300,2024-07-30,12,32
WAS,ARI202407310,2024-07-31,9,42
WAS,WAS202408020,2024-08-02,7,38
WAS,WAS202408030,2024-08-03,4,33
WAS,WAS202408040,2024-08-04,4,32
WAS,WAS202408050,2024-08-05,11,37
WAS,WAS202408060,2024-08-06,8,44
WAS,WAS202408070,2024-08-07,10,38
WAS,WAS202408080,2024-08-08,8,39
WAS,WAS202408090,2024-08-09,7,37
WAS,WAS202408100,2024-08-10,2,33
WAS,WAS202408110,2024-08-11,2,39
WAS,BAL202408130,2024-08-13,5,41
WAS,BAL202408140,2024-08-14,5,33
WAS,PHI202408150,2024-08-15,7,36
WAS,PHI202408160,2024-08-16,8,38
WAS,PHI202408170,2024-08-17,4,29
WAS,PHI202408180,2024-08-18,6,42
WAS,WAS202408200,2024-08-20,7,35
WAS,WAS202408210,2024-08-21,2,36
WAS,WAS202408220,2024-08-22,7,39
WAS,ATL202408230,2024-08-23,5,37
WAS,ATL202408240,2024-08-24,7,37
WAS,ATL202408250,2024-08-25,11,38
WAS,WAS202408260,2024-08-26,5,34
WAS,WAS202408270,2024-08-27,9,34
WAS,WAS202408280,2024-08-28,10,33
WAS,WAS202408300,2024-08-30,12,37
WAS,WAS202408310,2024-08-31,9,38
WAS,WAS202409010,2024-09-01,2,31
WAS,MIA202409030,2024-09-03,8,40
WAS,MIA202409040,2024-09-04,7,39
WAS,PIT202409050,2024-09-05,6,42
WAS,PIT202409071,2024-09-07,4,39
WAS,PIT202409072,2024-09-07,12,44
WAS,PIT202409080,2024-09-08,10,33
WAS,WAS202409100,2024-09-10,9,34
WAS,WAS202409110,2024-09-11,10,35
WAS,WAS202409120,2024-09-12,7,35
WAS,WAS202409130,2024-09-13,9,31
WAS,WAS202409140,2024-09-14,9,33
WAS,WAS202409150,2024-09-15,4,33
WAS,NYN202409160,2024-09-16,10,35
WAS,NYN202409170,2024-09-17,7,36
WAS,NYN202409180,2024-09-18,6,32
WAS,CHN202409190,2024-09-19,8,40
WAS,CHN202409200,2024-09-20,7,36
WAS,CHN202409210,2024-09-21,8,39
WAS,CHN202409220,2024-09-22,6,34
WAS,WAS202409240,2024-09-24,9,36
WAS,WAS202409250,2024-09-25,7,34
WAS,WAS202409260,2024-09-26,6,35
WAS,WAS202409270,2024-09-27,4,43
WAS,WAS202409280,2024-09-28,14,35
WAS,WAS202409290,2024-09-29,14,39
WAS,WAS202503270,2025-03-27,13,37
WAS,WAS202503290,2025-03-29,15,43
WAS,WAS202503300,2025-03-30,11,33
WAS,TOR202503310,2025-03-31,9,35
WAS,TOR202504010,2025-04-01,12,35
WAS,TOR202504020,2025-04-02,7,33
WAS,WAS202504040,2025-04-04,6,34
WAS,WAS202504050,2025-04-05,16,30
WAS,WAS202504060,2025-04-06,7,38
WAS,WAS202504070,2025-04-07,1,35
WAS,WAS202504080,2025-04-08,6,38
WAS,WAS202504090,2025-04-09,9,38
WAS,MIA202504110,2025-04-11,7,43
WAS,MIA202504120,2025-04-12,4,38
WAS,MIA202504130,2025-04-13,5,41
WAS,PIT202504140,2025-04-14,7,35
WAS,PIT202504150,2025-04-15,4,40
WAS,PIT202504160,2025-04-16,3,29
WAS,PIT202504170,2025-04-17,5,33
WAS,COL202504190,2025-04-19,10,45
WAS,COL202504202,2025-04-20,8,36
WAS,COL202504201,2025-04-20,5,36
WAS,WAS202504220,2025-04-22,7,37
WAS,WAS202504230,2025-04-23,1,31
WAS,WAS202504240,2025-04-24,6,33
WAS,WAS202504250,2025-04-25,7,38
WAS,WAS202504260,2025-04-26,10,35
WAS,WAS202504270,2025-04-27,11,39
WAS,WAS202504280,2025-04-28,9,42
WAS,PHI202504290,2025-04-29,13,42
WAS,PHI202504300,2025-04-30,12,35
WAS,PHI202505010,2025-05-01,4,39
WAS,CIN202505020,2025-05-02,17,34
WAS,CIN202505030,2025-05-03,8,51
WAS,CIN202505040,2025-05-04,8,38
WAS,WAS202505062,2025-05-06,7,31
WAS,WAS202505061,2025-05-06,8,40
WAS,WAS202505070,2025-05-07,6,48
WAS,WAS202505090,2025-05-09,8,31
WAS,WAS202505100,2025-05-10,8,37
WAS,WAS202505110,2025-05-11,8,32
WAS,ATL202505120,2025-05-12,8,36
WAS,ATL202505130,2025-05-13,5,34
WAS,ATL202505140,2025-05-14,6,37
WAS,ATL202505150,2025-05-15,6,35
WAS,BAL202505160,2025-05-16,13,37
WAS,BAL202505170,2025-05-17,11,41
WAS,BAL202505180,2025-05-18,10,40
WAS,WAS202505200,2025-05-20,4,35
WAS,WAS202505220,2025-05-22,6,45
WAS,WAS202505230,2025-05-23,3,32
WAS,WAS202505240,2025-05-24,8,32
WAS,WAS202505250,2025-05-25,10,32
WAS,SEA202505270,2025-05-27,5,30
WAS,SEA202505280,2025-05-28,6,43
WAS,SEA202505290,2025-05-29,8,44
WAS,ARI202505300,2025-05-30,8,43
WAS,ARI202505310,2025-05-31,5,47
WAS,ARI202506010,2025-06-01,13,36
WAS,WAS202506030,2025-06-03,4,34
WAS,WAS202506040,2025-06-04,6,28
WAS,WAS202506050,2025-06-05,1,36
WAS,WAS202506060,2025-06-06,2,29
WAS,WAS202506070,2025-06-07,9,30
WAS,WAS202506080,2025-06-08,11,33
WAS,NYN202506100,2025-06-10,11,40
WAS,NYN202506110,2025-06-11,6,31
WAS,NYN202506120,2025-06-12,6,35
WAS,WAS202506130,2025-06-13,11,46
WAS,WAS202506140,2025-06-14,6,39
WAS,WAS202506150,2025-06-15,3,37
WAS,WAS202506160,2025-06-16,4,34
WAS,WAS202506170,2025-06-17,4,43
WAS,WAS202506180,2025-06-18,4,36
WAS,WAS202506190,2025-06-19,5,38
WAS,LAN202506200,2025-06-20,8,39
WAS,LAN202506210,2025-06-21,9,40
WAS,LAN202506220,2025-06-22,4,44
WAS,SDN202506230,2025-06-23,14,44
WAS,SDN202506240,2025-06-24,9,38
WAS,SDN202506250,2025-06-25,12,29
WAS,ANA202506270,2025-06-27,8,50
WAS,ANA202506280,2025-06-28,7,37
WAS,ANA202506290,2025-06-29,7,49
WAS,WAS202507021,2025-07-02,8,42
WAS,WAS202507022,2025-07-02,12,37
WAS,WAS202507030,2025-07-03,6,43
WAS,WAS202507040,2025-07-04,8,35
WAS,WAS202507050,2025-07-05,4,36
WAS,WAS202507060,2025-07-06,11,46
WAS,SLN202507080,2025-07-08,8,36
WAS,SLN202507090,2025-07-09,2,37
WAS,SLN202507100,2025-07-10,7,33
WAS,MIL202507110,2025-07-11,7,37
WAS,MIL202507120,2025-07-12,14,40
WAS,MIL202507130,2025-07-13,9,33
WAS,WAS202507180,2025-07-18,13,34
WAS,WAS202507190,2025-07-19,3,31
WAS,WAS202507200,2025-07-20,6,36
WAS,WAS202507210,2025-07-21,8,48
WAS,WAS202507220,2025-07-22,11,34
WAS,WAS202507230,2025-07-23,8,30
WAS,MIN202507250,2025-07-25,10,31
WAS,MIN202507260,2025-07-26,9,40
WAS,MIN202507270,2025-07-27,7,43
WAS,HOU202507280,2025-07-28,19,35
WAS,HOU202507290,2025-07-29,14,39
WAS,HOU202507300,2025-07-30,9,35
WAS,WAS202508010,2025-08-01,6,46
WAS,WAS202508020,2025-08-02,8,30
WAS,WAS202508030,2025-08-03,9,37
WAS,WAS202508050,2025-08-05,8,43
WAS,WAS202508060,2025-08-06,8,28
WAS,WAS202508070,2025-08-07,12,29
WAS,SFN202508080,2025-08-08,7,31
WAS,SFN202508090,2025-08-09,7,39
WAS,SFN202508100,2025-08-10,8,45
WAS,KCA202508110,2025-08-11,9,40
WAS,KCA202508120,2025-08-12,4,38
WAS,KCA202508130,2025-08-13,6,43
WAS,WAS202508140,2025-08-14,10,32
WAS,WAS202508150,2025-08-15,8,35
WAS,WAS202508160,2025-08-16,4,31
WAS,WAS202508170,2025-08-17,9,42
WAS,WAS202508190,2025-08-19,10,31
WAS,WAS202508200,2025-08-20,5,34
WAS,WAS202508210,2025-08-21,14,39
WAS,PHI202508220,2025-08-22,9,36
WAS,PHI202508230,2025-08-23,12,38
WAS,PHI202508240,2025-08-24,12,33
WAS,NYA202508250,2025-08-25,12,37
WAS,NYA202508260,2025-08-26,12,37
WAS,NYA202508270,2025-08-27,6,34
WAS,WAS202508290,2025-08-29,9,41
WAS,WAS202508300,2025-08-30,12,35
WAS,WAS202508310,2025-08-31,16,35
WAS,WAS202509010,2025-09-01,7,28
WAS,WAS202509020,2025-09-02,9,37
WAS,WAS202509030,2025-09-03,8,38
WAS,CHN202509050,2025-09-05,9,34
WAS,CHN202509060,2025-09-06,7,32
WAS,CHN202509070,2025-09-07,12,34
WAS,MIA202509080,2025-09-08,6,50
WAS,MIA202509090,2025-09-09,4,42
WAS,MIA202509100,2025-09-10,13,36
WAS,MIA202509110,2025-09-11,9,33
WAS,WAS202509120,2025-09-12,7,34
WAS,WAS202509130,2025-09-13,10,31
WAS,WAS202509140,2025-09-14,10,33
WAS,WAS202509150,2025-09-15,9,35
WAS,WAS202509161,2025-09-16,12,38
WAS,WAS202509162,2025-09-16,10,35
WAS,WAS202509170,2025-09-17,12,38
WAS,NYN202509190,2025-09-19,10,36
WAS,NYN202509200,2025-09-20,12,42
WAS,NYN202509210,2025-09-21,12,35
WAS,ATL202509220,2025-09-22,9,40
WAS,ATL202509230,2025-09-23,10,36
WAS,ATL202509240,2025-09-24,9,34
WAS,WAS202509260,2025-09-26,11,39
WAS,WAS202509270,2025-09-27,12,38
WAS,WAS202509280,2025-09-28,13,28
